tileset,index,type_or_hex
indoor_jubilife,0,NORMAL
indoor_jubilife,1,NORMAL
indoor_jubilife,2,NORMAL
indoor_jubilife,3,NORMAL
indoor_jubilife,4,NORMAL
indoor_jubilife,5,NORMAL
indoor_jubilife,6,NORMAL
indoor_jubilife,7,NORMAL
indoor_jubilife,8,NORMAL
indoor_jubilife,9,NORMAL
indoor_jubilife,10,NORMAL
indoor_jubilife,11,NORMAL
indoor_jubilife,12,NORMAL
indoor_jubilife,13,NORMAL
indoor_jubilife,14,NORMAL
indoor_jubilife,15,NORMAL
indoor_jubilife,16,NORMAL
indoor_jubilife,17,NORMAL
indoor_jubilife,18,NORMAL
indoor_jubilife,19,NORMAL
indoor_jubilife,20,NORMAL
indoor_jubilife,21,NORMAL
indoor_jubilife,22,NORMAL
indoor_jubilife,23,NORMAL
indoor_jubilife,24,NORMAL
indoor_jubilife,25,NORMAL
indoor_jubilife,26,NORMAL
indoor_jubilife,27,NORMAL
indoor_jubilife,28,NORMAL
indoor_jubilife,29,NORMAL
indoor_jubilife,30,NORMAL
indoor_jubilife,31,NORMAL
indoor_jubilife,32,NORMAL
indoor_jubilife,33,NORMAL
indoor_jubilife,34,NORMAL
indoor_jubilife,35,NORMAL
indoor_jubilife,36,NORMAL
indoor_jubilife,37,NORMAL
indoor_jubilife,38,NORMAL
indoor_jubilife,39,NORMAL
indoor_jubilife,40,NORMAL
indoor_jubilife,41,NORMAL
indoor_jubilife,42,NORMAL
indoor_jubilife,43,NORMAL
indoor_jubilife,44,NORMAL
indoor_jubilife,45,NORMAL
indoor_jubilife,46,NORMAL
indoor_jubilife,47,NORMAL
indoor_jubilife,48,NORMAL
indoor_jubilife,49,NORMAL
indoor_jubilife,50,NORMAL
indoor_jubilife,51,NORMAL
indoor_jubilife,52,NORMAL
indoor_jubilife,53,NORMAL
indoor_jubilife,54,NORMAL
indoor_jubilife,55,NORMAL
indoor_jubilife,56,NORMAL
indoor_jubilife,57,NORMAL
indoor_jubilife,58,NORMAL
indoor_jubilife,59,NORMAL
indoor_jubilife,60,NORMAL
indoor_jubilife,61,NORMAL
indoor_jubilife,62,NORMAL
indoor_jubilife,63,NORMAL
indoor_jubilife,64,NORMAL
indoor_jubilife,65,NORMAL
indoor_jubilife,66,NORMAL
indoor_jubilife,67,NORMAL
indoor_jubilife,68,NORMAL
indoor_jubilife,69,NORMAL
indoor_jubilife,70,NORMAL
indoor_jubilife,71,NORMAL
indoor_jubilife,72,NORMAL
indoor_jubilife,73,NORMAL
indoor_jubilife,74,NORMAL
indoor_jubilife,75,NORMAL
indoor_jubilife,76,NORMAL
indoor_jubilife,77,NORMAL
indoor_jubilife,78,NORMAL
indoor_jubilife,79,NORMAL
indoor_jubilife,80,NORMAL
indoor_jubilife,81,NORMAL
indoor_jubilife,82,NORMAL
indoor_jubilife,83,NORMAL
indoor_jubilife,84,NORMAL
indoor_jubilife,85,NORMAL
indoor_jubilife,86,NORMAL
indoor_jubilife,87,NORMAL
indoor_jubilife,88,NORMAL
indoor_jubilife,89,NORMAL
indoor_jubilife,90,NORMAL
indoor_jubilife,91,NORMAL
indoor_jubilife,92,NORMAL
indoor_jubilife,93,NORMAL
indoor_jubilife,94,NORMAL
indoor_jubilife,95,NORMAL
indoor_jubilife,96,NORMAL
indoor_jubilife,97,NORMAL
indoor_jubilife,98,NORMAL
indoor_jubilife,99,NORMAL
indoor_jubilife,100,NORMAL
indoor_jubilife,101,NORMAL
indoor_jubilife,102,NORMAL
indoor_jubilife,103,NORMAL
indoor_jubilife,104,NORMAL
indoor_jubilife,105,NORMAL
indoor_jubilife,106,NORMAL
indoor_jubilife,107,NORMAL
indoor_jubilife,108,NORMAL
indoor_jubilife,109,NORMAL
indoor_jubilife,110,NORMAL
indoor_jubilife,111,NORMAL
indoor_jubilife,112,NORMAL
indoor_jubilife,113,NORMAL
indoor_jubilife,114,NORMAL
indoor_jubilife,115,NORMAL
indoor_jubilife,116,NORMAL
indoor_jubilife,117,NORMAL
indoor_jubilife,118,NORMAL
indoor_jubilife,119,NORMAL
indoor_jubilife,120,NORMAL
indoor_jubilife,121,NORMAL
indoor_jubilife,122,NORMAL
indoor_jubilife,123,NORMAL
indoor_jubilife,124,NORMAL
indoor_jubilife,125,NORMAL
indoor_jubilife,126,NORMAL
indoor_jubilife,127,NORMAL
outdoor_oreburgh,0,NORMAL
outdoor_oreburgh,1,NORMAL
outdoor_oreburgh,2,NORMAL
outdoor_oreburgh,3,NORMAL
outdoor_oreburgh,4,NORMAL
outdoor_oreburgh,5,NORMAL
outdoor_oreburgh,6,NORMAL
outdoor_oreburgh,7,NORMAL
outdoor_oreburgh,8,NORMAL
outdoor_oreburgh,9,NORMAL
outdoor_oreburgh,10,NORMAL
outdoor_oreburgh,11,NORMAL
outdoor_oreburgh,12,NORMAL
outdoor_oreburgh,13,NORMAL
outdoor_oreburgh,14,NORMAL
outdoor_oreburgh,15,NORMAL
outdoor_oreburgh,16,NORMAL
outdoor_oreburgh,17,NORMAL
outdoor_oreburgh,18,NORMAL
outdoor_oreburgh,19,NORMAL
outdoor_oreburgh,20,NORMAL
outdoor_oreburgh,21,NORMAL
outdoor_oreburgh,22,NORMAL
outdoor_oreburgh,23,NORMAL
outdoor_oreburgh,24,NORMAL
outdoor_oreburgh,25,NORMAL
outdoor_oreburgh,26,NORMAL
outdoor_oreburgh,27,NORMAL
outdoor_oreburgh,28,NORMAL
outdoor_oreburgh,29,NORMAL
outdoor_oreburgh,30,NORMAL
outdoor_oreburgh,31,NORMAL
outdoor_oreburgh,32,NORMAL
outdoor_oreburgh,33,NORMAL
outdoor_oreburgh,34,NORMAL
outdoor_oreburgh,35,NORMAL
outdoor_oreburgh,36,NORMAL
outdoor_oreburgh,37,NORMAL
outdoor_oreburgh,38,NORMAL
outdoor_oreburgh,39,NORMAL
outdoor_oreburgh,40,NORMAL
outdoor_oreburgh,41,NORMAL
outdoor_oreburgh,42,NORMAL
outdoor_oreburgh,43,NORMAL
outdoor_oreburgh,44,NORMAL
outdoor_oreburgh,45,NORMAL
outdoor_oreburgh,46,NORMAL
outdoor_oreburgh,47,NORMAL
outdoor_oreburgh,48,NORMAL
outdoor_oreburgh,49,NORMAL
outdoor_oreburgh,50,NORMAL
outdoor_oreburgh,51,NORMAL
outdoor_oreburgh,52,NORMAL
outdoor_oreburgh,53,NORMAL
outdoor_oreburgh,54,NORMAL
outdoor_oreburgh,55,NORMAL
outdoor_oreburgh,56,NORMAL
outdoor_oreburgh,57,NORMAL
outdoor_oreburgh,58,NORMAL
outdoor_oreburgh,59,NORMAL
outdoor_oreburgh,60,NORMAL
outdoor_oreburgh,61,NORMAL
outdoor_oreburgh,62,NORMAL
outdoor_oreburgh,63,NORMAL
outdoor_oreburgh,64,NORMAL
outdoor_oreburgh,65,NORMAL
outdoor_oreburgh,66,NORMAL
outdoor_oreburgh,67,NORMAL
outdoor_oreburgh,68,NORMAL
outdoor_oreburgh,69,NORMAL
outdoor_oreburgh,70,NORMAL
outdoor_oreburgh,71,NORMAL
outdoor_oreburgh,72,NORMAL
outdoor_oreburgh,73,NORMAL
outdoor_oreburgh,74,NORMAL
outdoor_oreburgh,75,NORMAL
outdoor_oreburgh,76,NORMAL
outdoor_oreburgh,77,NORMAL
outdoor_oreburgh,78,NORMAL
outdoor_oreburgh,79,NORMAL
outdoor_oreburgh,80,NORMAL
outdoor_oreburgh,81,NORMAL
outdoor_oreburgh,82,NORMAL
outdoor_oreburgh,83,NORMAL
outdoor_oreburgh,84,NORMAL
outdoor_oreburgh,85,NORMAL
outdoor_oreburgh,86,NORMAL
outdoor_oreburgh,87,NORMAL
outdoor_oreburgh,88,NORMAL
outdoor_oreburgh,89,NORMAL
outdoor_oreburgh,90,NORMAL
outdoor_oreburgh,91,NORMAL
outdoor_oreburgh,92,NORMAL
outdoor_oreburgh,93,NORMAL
outdoor_oreburgh,94,NORMAL
outdoor_oreburgh,95,NORMAL
outdoor_oreburgh,96,NORMAL
outdoor_oreburgh,97,NORMAL
outdoor_oreburgh,98,NORMAL
outdoor_oreburgh,99,NORMAL
outdoor_oreburgh,100,NORMAL
outdoor_oreburgh,101,NORMAL
outdoor_oreburgh,102,NORMAL
outdoor_oreburgh,103,NORMAL
outdoor_oreburgh,104,NORMAL
outdoor_oreburgh,105,NORMAL
outdoor_oreburgh,106,NORMAL
outdoor_oreburgh,107,NORMAL
outdoor_oreburgh,108,NORMAL
outdoor_oreburgh,109,NORMAL
outdoor_oreburgh,110,NORMAL
outdoor_oreburgh,111,NORMAL
outdoor_oreburgh,112,NORMAL
outdoor_oreburgh,113,NORMAL
outdoor_oreburgh,114,NORMAL
outdoor_oreburgh,115,NORMAL
outdoor_oreburgh,116,NORMAL
outdoor_oreburgh,117,NORMAL
outdoor_oreburgh,118,NORMAL
outdoor_oreburgh,119,NORMAL
outdoor_oreburgh,120,NORMAL
outdoor_oreburgh,121,NORMAL
outdoor_oreburgh,122,NORMAL
outdoor_oreburgh,123,NORMAL
outdoor_oreburgh,124,NORMAL
outdoor_oreburgh,125,NORMAL
outdoor_oreburgh,126,NORMAL
outdoor_oreburgh,127,NORMAL
outdoor_oreburgh,128,NORMAL
outdoor_oreburgh,129,NORMAL
outdoor_oreburgh,130,NORMAL
outdoor_oreburgh,131,NORMAL
outdoor_oreburgh,132,NORMAL
outdoor_oreburgh,133,NORMAL
outdoor_oreburgh,134,NORMAL
outdoor_oreburgh,135,NORMAL
outdoor_oreburgh,136,NORMAL
outdoor_oreburgh,137,NORMAL
outdoor_oreburgh,138,NORMAL
outdoor_oreburgh,139,NORMAL
outdoor_oreburgh,140,NORMAL
outdoor_oreburgh,141,NORMAL
outdoor_oreburgh,142,NORMAL
outdoor_oreburgh,143,NORMAL
outdoor_oreburgh,144,NORMAL
outdoor_oreburgh,145,NORMAL
outdoor_oreburgh,146,NORMAL
outdoor_oreburgh,147,NORMAL
outdoor_oreburgh,148,NORMAL
outdoor_oreburgh,149,NORMAL
outdoor_oreburgh,150,NORMAL
outdoor_oreburgh,151,NORMAL
outdoor_oreburgh,152,NORMAL
outdoor_oreburgh,153,NORMAL
outdoor_oreburgh,154,NORMAL
outdoor_oreburgh,155,NORMAL
outdoor_oreburgh,156,NORMAL
outdoor_oreburgh,157,NORMAL
outdoor_oreburgh,158,NORMAL
outdoor_oreburgh,159,NORMAL
outdoor_oreburgh,160,NORMAL
outdoor_oreburgh,161,NORMAL
outdoor_oreburgh,162,NORMAL
outdoor_oreburgh,163,NORMAL
outdoor_oreburgh,164,NORMAL
outdoor_oreburgh,165,NORMAL
outdoor_oreburgh,166,NORMAL
outdoor_oreburgh,167,NORMAL
outdoor_oreburgh,168,NORMAL
outdoor_oreburgh,169,NORMAL
outdoor_oreburgh,170,NORMAL
outdoor_oreburgh,171,NORMAL
outdoor_oreburgh,172,NORMAL
outdoor_oreburgh,173,NORMAL
outdoor_oreburgh,174,NORMAL
outdoor_oreburgh,175,NORMAL
outdoor_oreburgh,176,NORMAL
outdoor_oreburgh,177,NORMAL
outdoor_oreburgh,178,NORMAL
outdoor_oreburgh,179,NORMAL
outdoor_oreburgh,180,NORMAL
outdoor_oreburgh,181,NORMAL
outdoor_oreburgh,182,NORMAL
outdoor_oreburgh,183,NORMAL
outdoor_oreburgh,184,NORMAL
outdoor_oreburgh,185,NORMAL
outdoor_oreburgh,186,NORMAL
outdoor_oreburgh,187,NORMAL
outdoor_oreburgh,188,NORMAL
outdoor_oreburgh,189,NORMAL
outdoor_oreburgh,190,NORMAL
outdoor_oreburgh,191,NORMAL
outdoor_oreburgh,192,NORMAL
outdoor_oreburgh,193,NORMAL
outdoor_oreburgh,194,NORMAL
outdoor_oreburgh,195,NORMAL
outdoor_oreburgh,196,NORMAL
outdoor_oreburgh,197,NORMAL
outdoor_oreburgh,198,NORMAL
outdoor_oreburgh,199,NORMAL
outdoor_oreburgh,200,NORMAL
outdoor_oreburgh,201,NORMAL
outdoor_oreburgh,202,NORMAL
outdoor_oreburgh,203,NORMAL
outdoor_oreburgh,204,NORMAL
outdoor_oreburgh,205,NORMAL
outdoor_oreburgh,206,NORMAL
outdoor_oreburgh,207,NORMAL
outdoor_oreburgh,208,NORMAL
outdoor_oreburgh,209,NORMAL
outdoor_oreburgh,210,NORMAL
outdoor_oreburgh,211,NORMAL
outdoor_oreburgh,212,NORMAL
outdoor_oreburgh,213,NORMAL
outdoor_oreburgh,214,NORMAL
outdoor_oreburgh,215,NORMAL
outdoor_oreburgh,216,NORMAL
outdoor_oreburgh,217,NORMAL
outdoor_oreburgh,218,NORMAL
outdoor_oreburgh,219,NORMAL
outdoor_oreburgh,220,NORMAL
outdoor_oreburgh,221,NORMAL
outdoor_oreburgh,222,NORMAL
outdoor_oreburgh,223,NORMAL
outdoor_oreburgh,224,NORMAL
outdoor_oreburgh,225,NORMAL
outdoor_oreburgh,226,NORMAL
outdoor_oreburgh,227,NORMAL
outdoor_oreburgh,228,NORMAL
outdoor_oreburgh,229,NORMAL
outdoor_oreburgh,230,NORMAL
outdoor_oreburgh,231,NORMAL
outdoor_oreburgh,232,NORMAL
outdoor_oreburgh,233,NORMAL
outdoor_oreburgh,234,NORMAL
outdoor_oreburgh,235,NORMAL
outdoor_oreburgh,236,NORMAL
outdoor_oreburgh,237,NORMAL
outdoor_oreburgh,238,NORMAL
outdoor_oreburgh,239,NORMAL
outdoor_oreburgh,240,NORMAL
outdoor_oreburgh,241,NORMAL
outdoor_oreburgh,242,NORMAL
outdoor_oreburgh,243,NORMAL
outdoor_oreburgh,244,NORMAL
outdoor_oreburgh,245,NORMAL
outdoor_oreburgh,246,NORMAL
outdoor_oreburgh,247,NORMAL
outdoor_oreburgh,248,NORMAL
outdoor_oreburgh,249,NORMAL
outdoor_oreburgh,250,NORMAL
outdoor_oreburgh,251,NORMAL
outdoor_oreburgh,252,NORMAL
outdoor_oreburgh,253,NORMAL
outdoor_oreburgh,254,NORMAL
outdoor_oreburgh,255,NORMAL
indoor_mart,0,NORMAL
indoor_mart,1,NORMAL
indoor_mart,2,NORMAL
indoor_mart,3,NORMAL
indoor_mart,4,NORMAL
indoor_mart,5,NORMAL
indoor_mart,6,NORMAL
indoor_mart,7,NORMAL
indoor_mart,8,NORMAL
indoor_mart,9,NORMAL
indoor_mart,10,NORMAL
indoor_mart,11,NORMAL
indoor_mart,12,NORMAL
indoor_mart,13,NORMAL
indoor_mart,14,NORMAL
indoor_mart,15,NORMAL
indoor_mart,16,NORMAL
indoor_mart,17,NORMAL
indoor_mart,18,NORMAL
indoor_mart,19,NORMAL
indoor_mart,20,NORMAL
indoor_mart,21,NORMAL
indoor_mart,22,NORMAL
indoor_mart,23,NORMAL
indoor_mart,24,NORMAL
indoor_mart,25,NORMAL
indoor_mart,26,NORMAL
indoor_mart,27,NORMAL
indoor_mart,28,NORMAL
indoor_mart,29,NORMAL
indoor_mart,30,NORMAL
indoor_mart,31,NORMAL
indoor_mart,32,NORMAL
indoor_mart,33,NORMAL
indoor_mart,34,NORMAL
indoor_mart,35,NORMAL
indoor_mart,36,NORMAL
indoor_mart,37,NORMAL
indoor_mart,38,NORMAL
indoor_mart,39,NORMAL
indoor_mart,40,NORMAL
indoor_mart,41,NORMAL
indoor_mart,42,NORMAL
indoor_mart,43,NORMAL
indoor_mart,44,NORMAL
indoor_mart,45,NORMAL
indoor_mart,46,NORMAL
indoor_mart,47,NORMAL
indoor_mart,48,NORMAL
indoor_mart,49,NORMAL
indoor_mart,50,NORMAL
indoor_mart,51,NORMAL
indoor_mart,52,NORMAL
indoor_mart,53,NORMAL
indoor_mart,54,NORMAL
indoor_mart,55,NORMAL
indoor_mart,56,NORMAL
indoor_mart,57,NORMAL
indoor_mart,58,NORMAL
indoor_mart,59,NORMAL
indoor_mart,60,NORMAL
indoor_mart,61,NORMAL
indoor_mart,62,NORMAL
indoor_mart,63,NORMAL
indoor_mart,64,NORMAL
indoor_mart,65,NORMAL
indoor_mart,66,NORMAL
indoor_mart,67,NORMAL
indoor_mart,68,NORMAL
indoor_mart,69,NORMAL
indoor_mart,70,NORMAL
indoor_mart,71,NORMAL
indoor_mart,72,NORMAL
indoor_mart,73,NORMAL
indoor_mart,74,NORMAL
indoor_mart,75,NORMAL
indoor_mart,76,NORMAL
indoor_mart,77,NORMAL
indoor_mart,78,NORMAL
indoor_mart,79,NORMAL
indoor_mart,80,NORMAL
indoor_mart,81,NORMAL
indoor_mart,82,NORMAL
indoor_mart,83,NORMAL
indoor_mart,84,NORMAL
indoor_mart,85,NORMAL
indoor_mart,86,NORMAL
indoor_mart,87,NORMAL
indoor_mart,88,NORMAL
indoor_mart,89,NORMAL
indoor_mart,90,NORMAL
indoor_mart,91,NORMAL
indoor_mart,92,NORMAL
indoor_mart,93,NORMAL
indoor_mart,94,NORMAL
indoor_mart,95,NORMAL
indoor_mart,96,NORMAL
indoor_mart,97,NORMAL
indoor_mart,98,NORMAL
indoor_mart,99,NORMAL
indoor_mart,100,NORMAL
indoor_mart,101,NORMAL
indoor_mart,102,NORMAL
indoor_mart,103,NORMAL
indoor_mart,104,NORMAL
indoor_mart,105,NORMAL
indoor_mart,106,NORMAL
indoor_mart,107,NORMAL
indoor_mart,108,NORMAL
indoor_mart,109,NORMAL
indoor_mart,110,NORMAL
indoor_mart,111,NORMAL
indoor_mart,112,NORMAL
indoor_mart,113,NORMAL
indoor_mart,114,NORMAL
indoor_mart,115,NORMAL
indoor_mart,116,NORMAL
indoor_mart,117,NORMAL
indoor_mart,118,NORMAL
indoor_mart,119,NORMAL
indoor_mart,120,NORMAL
indoor_mart,121,NORMAL
indoor_mart,122,NORMAL
indoor_mart,123,NORMAL
indoor_mart,124,NORMAL
indoor_mart,125,NORMAL
indoor_mart,126,NORMAL
indoor_mart,127,NORMAL
gym_oreburgh,0,NORMAL
gym_oreburgh,1,NORMAL
gym_oreburgh,2,NORMAL
gym_oreburgh,3,NORMAL
gym_oreburgh,4,NORMAL
gym_oreburgh,5,NORMAL
gym_oreburgh,6,NORMAL
gym_oreburgh,7,NORMAL
gym_oreburgh,8,NORMAL
gym_oreburgh,9,NORMAL
gym_oreburgh,10,NORMAL
gym_oreburgh,11,NORMAL
gym_oreburgh,12,NORMAL
gym_oreburgh,13,NORMAL
gym_oreburgh,14,NORMAL
gym_oreburgh,15,NORMAL
gym_oreburgh,16,NORMAL
gym_oreburgh,17,NORMAL
gym_oreburgh,18,NORMAL
gym_oreburgh,19,NORMAL
gym_oreburgh,20,NORMAL
gym_oreburgh,21,NORMAL
gym_oreburgh,22,NORMAL
gym_oreburgh,23,NORMAL
gym_oreburgh,24,NORMAL
gym_oreburgh,25,NORMAL
gym_oreburgh,26,NORMAL
gym_oreburgh,27,NORMAL
gym_oreburgh,28,NORMAL
gym_oreburgh,29,NORMAL
gym_oreburgh,30,NORMAL
gym_oreburgh,31,NORMAL
gym_oreburgh,32,NORMAL
gym_oreburgh,33,NORMAL
gym_oreburgh,34,NORMAL
gym_oreburgh,35,NORMAL
gym_oreburgh,36,NORMAL
gym_oreburgh,37,NORMAL
gym_oreburgh,38,NORMAL
gym_oreburgh,39,NORMAL
gym_oreburgh,40,NORMAL
gym_oreburgh,41,NORMAL
gym_oreburgh,42,NORMAL
gym_oreburgh,43,NORMAL
gym_oreburgh,44,NORMAL
gym_oreburgh,45,NORMAL
gym_oreburgh,46,NORMAL
gym_oreburgh,47,NORMAL
gym_oreburgh,48,NORMAL
gym_oreburgh,49,NORMAL
gym_oreburgh,50,NORMAL
gym_oreburgh,51,NORMAL
gym_oreburgh,52,NORMAL
gym_oreburgh,53,NORMAL
gym_oreburgh,54,NORMAL
gym_oreburgh,55,NORMAL
gym_oreburgh,56,NORMAL
gym_oreburgh,57,NORMAL
gym_oreburgh,58,NORMAL
gym_oreburgh,59,NORMAL
gym_oreburgh,60,NORMAL
gym_oreburgh,61,NORMAL
gym_oreburgh,62,NORMAL
gym_oreburgh,63,NORMAL
gym_oreburgh,64,NORMAL
gym_oreburgh,65,NORMAL
gym_oreburgh,66,NORMAL
gym_oreburgh,67,NORMAL
gym_oreburgh,68,NORMAL
gym_oreburgh,69,NORMAL
gym_oreburgh,70,NORMAL
gym_oreburgh,71,NORMAL
gym_oreburgh,72,NORMAL
gym_oreburgh,73,NORMAL
gym_oreburgh,74,NORMAL
gym_oreburgh,75,NORMAL
gym_oreburgh,76,NORMAL
gym_oreburgh,77,NORMAL
gym_oreburgh,78,NORMAL
gym_oreburgh,79,NORMAL
gym_oreburgh,80,NORMAL
gym_oreburgh,81,NORMAL
gym_oreburgh,82,NORMAL
gym_oreburgh,83,NORMAL
gym_oreburgh,84,NORMAL
gym_oreburgh,85,NORMAL
gym_oreburgh,86,NORMAL
gym_oreburgh,87,NORMAL
gym_oreburgh,88,NORMAL
gym_oreburgh,89,NORMAL
gym_oreburgh,90,NORMAL
gym_oreburgh,91,NORMAL
gym_oreburgh,92,NORMAL
gym_oreburgh,93,NORMAL
gym_oreburgh,94,NORMAL
gym_oreburgh,95,NORMAL
gym_oreburgh,96,NORMAL
gym_oreburgh,97,NORMAL
gym_oreburgh,98,NORMAL
gym_oreburgh,99,NORMAL
gym_oreburgh,100,NORMAL
gym_oreburgh,101,NORMAL
gym_oreburgh,102,NORMAL
gym_oreburgh,103,NORMAL
gym_oreburgh,104,NORMAL
gym_oreburgh,105,NORMAL
gym_oreburgh,106,NORMAL
gym_oreburgh,107,NORMAL
gym_oreburgh,108,NORMAL
gym_oreburgh,109,NORMAL
gym_oreburgh,110,NORMAL
gym_oreburgh,111,NORMAL
gym_oreburgh,112,NORMAL
gym_oreburgh,113,NORMAL
gym_oreburgh,114,NORMAL
gym_oreburgh,115,NORMAL
gym_oreburgh,116,NORMAL
gym_oreburgh,117,NORMAL
gym_oreburgh,118,NORMAL
gym_oreburgh,119,NORMAL
gym_oreburgh,120,NORMAL
gym_oreburgh,121,NORMAL
gym_oreburgh,122,NORMAL
gym_oreburgh,123,NORMAL
gym_oreburgh,124,NORMAL
gym_oreburgh,125,NORMAL
gym_oreburgh,126,NORMAL
gym_oreburgh,127,NORMAL
indoor_windworks,0,NORMAL
indoor_windworks,1,NORMAL
indoor_windworks,2,NORMAL
indoor_windworks,3,NORMAL
indoor_windworks,4,NORMAL
indoor_windworks,5,NORMAL
indoor_windworks,6,NORMAL
indoor_windworks,7,NORMAL
indoor_windworks,8,NORMAL
indoor_windworks,9,NORMAL
indoor_windworks,10,NORMAL
indoor_windworks,11,NORMAL
indoor_windworks,12,NORMAL
indoor_windworks,13,NORMAL
indoor_windworks,14,NORMAL
indoor_windworks,15,NORMAL
indoor_windworks,16,NORMAL
indoor_windworks,17,NORMAL
indoor_windworks,18,NORMAL
indoor_windworks,19,NORMAL
indoor_windworks,20,NORMAL
indoor_windworks,21,NORMAL
indoor_windworks,22,NORMAL
indoor_windworks,23,NORMAL
indoor_windworks,24,NORMAL
indoor_windworks,25,NORMAL
indoor_windworks,26,NORMAL
indoor_windworks,27,NORMAL
indoor_windworks,28,NORMAL
indoor_windworks,29,NORMAL
indoor_windworks,30,NORMAL
indoor_windworks,31,NORMAL
indoor_windworks,32,NORMAL
indoor_windworks,33,NORMAL
indoor_windworks,34,NORMAL
indoor_windworks,35,NORMAL
indoor_windworks,36,NORMAL
indoor_windworks,37,NORMAL
indoor_windworks,38,NORMAL
indoor_windworks,39,NORMAL
indoor_windworks,40,NORMAL
indoor_windworks,41,NORMAL
indoor_windworks,42,NORMAL
indoor_windworks,43,NORMAL
indoor_windworks,44,NORMAL
indoor_windworks,45,NORMAL
indoor_windworks,46,NORMAL
indoor_windworks,47,NORMAL
indoor_windworks,48,NORMAL
indoor_windworks,49,NORMAL
indoor_windworks,50,NORMAL
indoor_windworks,51,NORMAL
indoor_windworks,52,NORMAL
indoor_windworks,53,NORMAL
indoor_windworks,54,NORMAL
indoor_windworks,55,NORMAL
indoor_windworks,56,NORMAL
indoor_windworks,57,NORMAL
indoor_windworks,58,NORMAL
indoor_windworks,59,NORMAL
indoor_windworks,60,NORMAL
indoor_windworks,61,NORMAL
indoor_windworks,62,NORMAL
indoor_windworks,63,NORMAL
indoor_windworks,64,NORMAL
indoor_windworks,65,NORMAL
indoor_windworks,66,NORMAL
indoor_windworks,67,NORMAL
indoor_windworks,68,NORMAL
indoor_windworks,69,NORMAL
indoor_windworks,70,NORMAL
indoor_windworks,71,NORMAL
indoor_windworks,72,NORMAL
indoor_windworks,73,NORMAL
indoor_windworks,74,NORMAL
indoor_windworks,75,NORMAL
indoor_windworks,76,NORMAL
indoor_windworks,77,NORMAL
indoor_windworks,78,NORMAL
indoor_windworks,79,NORMAL
indoor_windworks,80,NORMAL
indoor_windworks,81,NORMAL
indoor_windworks,82,NORMAL
indoor_windworks,83,NORMAL
indoor_windworks,84,NORMAL
indoor_windworks,85,NORMAL
indoor_windworks,86,NORMAL
indoor_windworks,87,NORMAL
indoor_windworks,88,NORMAL
indoor_windworks,89,NORMAL
indoor_windworks,90,NORMAL
indoor_windworks,91,NORMAL
indoor_windworks,92,NORMAL
indoor_windworks,93,NORMAL
indoor_windworks,94,NORMAL
indoor_windworks,95,NORMAL
indoor_windworks,96,NORMAL
indoor_windworks,97,NORMAL
indoor_windworks,98,NORMAL
indoor_windworks,99,NORMAL
indoor_windworks,100,NORMAL
indoor_windworks,101,NORMAL
indoor_windworks,102,NORMAL
indoor_windworks,103,NORMAL
indoor_windworks,104,NORMAL
indoor_windworks,105,NORMAL
indoor_windworks,106,NORMAL
indoor_windworks,107,NORMAL
indoor_windworks,108,NORMAL
indoor_windworks,109,NORMAL
indoor_windworks,110,NORMAL
indoor_windworks,111,NORMAL
indoor_windworks,112,NORMAL
indoor_windworks,113,NORMAL
indoor_windworks,114,NORMAL
indoor_windworks,115,NORMAL
indoor_windworks,116,NORMAL
indoor_windworks,117,NORMAL
indoor_windworks,118,NORMAL
indoor_windworks,119,NORMAL
indoor_windworks,120,NORMAL
indoor_windworks,121,NORMAL
indoor_windworks,122,NORMAL
indoor_windworks,123,NORMAL
indoor_windworks,124,NORMAL
indoor_windworks,125,NORMAL
indoor_windworks,126,NORMAL
indoor_windworks,127,NORMAL
outdoor_route_204,0,NORMAL
outdoor_route_204,1,NORMAL
outdoor_route_204,2,NORMAL
outdoor_route_204,3,NORMAL
outdoor_route_204,4,NORMAL
outdoor_route_204,5,NORMAL
outdoor_route_204,6,NORMAL
outdoor_route_204,7,NORMAL
outdoor_route_204,8,NORMAL
outdoor_route_204,9,NORMAL
outdoor_route_204,10,NORMAL
outdoor_route_204,11,NORMAL
outdoor_route_204,12,NORMAL
outdoor_route_204,13,NORMAL
outdoor_route_204,14,NORMAL
outdoor_route_204,15,NORMAL
outdoor_route_204,16,NORMAL
outdoor_route_204,17,NORMAL
outdoor_route_204,18,NORMAL
outdoor_route_204,19,NORMAL
outdoor_route_204,20,NORMAL
outdoor_route_204,21,NORMAL
outdoor_route_204,22,NORMAL
outdoor_route_204,23,NORMAL
outdoor_route_204,24,NORMAL
outdoor_route_204,25,NORMAL
outdoor_route_204,26,NORMAL
outdoor_route_204,27,NORMAL
outdoor_route_204,28,NORMAL
outdoor_route_204,29,NORMAL
outdoor_route_204,30,NORMAL
outdoor_route_204,31,NORMAL
outdoor_route_204,32,NORMAL
outdoor_route_204,33,NORMAL
outdoor_route_204,34,NORMAL
outdoor_route_204,35,NORMAL
outdoor_route_204,36,NORMAL
outdoor_route_204,37,NORMAL
outdoor_route_204,38,NORMAL
outdoor_route_204,39,NORMAL
outdoor_route_204,40,NORMAL
outdoor_route_204,41,NORMAL
outdoor_route_204,42,NORMAL
outdoor_route_204,43,NORMAL
outdoor_route_204,44,NORMAL
outdoor_route_204,45,NORMAL
outdoor_route_204,46,NORMAL
outdoor_route_204,47,NORMAL
outdoor_route_204,48,NORMAL
outdoor_route_204,49,NORMAL
outdoor_route_204,50,NORMAL
outdoor_route_204,51,NORMAL
outdoor_route_204,52,NORMAL
outdoor_route_204,53,NORMAL
outdoor_route_204,54,NORMAL
outdoor_route_204,55,NORMAL
outdoor_route_204,56,NORMAL
outdoor_route_204,57,NORMAL
outdoor_route_204,58,NORMAL
outdoor_route_204,59,NORMAL
outdoor_route_204,60,NORMAL
outdoor_route_204,61,NORMAL
outdoor_route_204,62,NORMAL
outdoor_route_204,63,NORMAL
outdoor_route_204,64,NORMAL
outdoor_route_204,65,NORMAL
outdoor_route_204,66,NORMAL
outdoor_route_204,67,NORMAL
outdoor_route_204,68,NORMAL
outdoor_route_204,69,NORMAL
outdoor_route_204,70,NORMAL
outdoor_route_204,71,NORMAL
outdoor_route_204,72,NORMAL
outdoor_route_204,73,NORMAL
outdoor_route_204,74,NORMAL
outdoor_route_204,75,NORMAL
outdoor_route_204,76,NORMAL
outdoor_route_204,77,NORMAL
outdoor_route_204,78,NORMAL
outdoor_route_204,79,NORMAL
outdoor_route_204,80,NORMAL
outdoor_route_204,81,NORMAL
outdoor_route_204,82,NORMAL
outdoor_route_204,83,NORMAL
outdoor_route_204,84,NORMAL
outdoor_route_204,85,NORMAL
outdoor_route_204,86,NORMAL
outdoor_route_204,87,NORMAL
outdoor_route_204,88,NORMAL
outdoor_route_204,89,NORMAL
outdoor_route_204,90,NORMAL
outdoor_route_204,91,NORMAL
outdoor_route_204,92,NORMAL
outdoor_route_204,93,NORMAL
outdoor_route_204,94,NORMAL
outdoor_route_204,95,NORMAL
outdoor_route_204,96,NORMAL
outdoor_route_204,97,NORMAL
outdoor_route_204,98,NORMAL
outdoor_route_204,99,NORMAL
outdoor_route_204,100,NORMAL
outdoor_route_204,101,NORMAL
outdoor_route_204,102,NORMAL
outdoor_route_204,103,NORMAL
outdoor_route_204,104,NORMAL
outdoor_route_204,105,NORMAL
outdoor_route_204,106,NORMAL
outdoor_route_204,107,NORMAL
outdoor_route_204,108,NORMAL
outdoor_route_204,109,NORMAL
outdoor_route_204,110,NORMAL
outdoor_route_204,111,NORMAL
outdoor_route_204,112,NORMAL
outdoor_route_204,113,NORMAL
outdoor_route_204,114,NORMAL
outdoor_route_204,115,NORMAL
outdoor_route_204,116,NORMAL
outdoor_route_204,117,NORMAL
outdoor_route_204,118,NORMAL
outdoor_route_204,119,NORMAL
outdoor_route_204,120,NORMAL
outdoor_route_204,121,NORMAL
outdoor_route_204,122,NORMAL
outdoor_route_204,123,NORMAL
outdoor_route_204,124,NORMAL
outdoor_route_204,125,NORMAL
outdoor_route_204,126,NORMAL
outdoor_route_204,127,NORMAL
outdoor_route_204,128,NORMAL
outdoor_route_204,129,NORMAL
outdoor_route_204,130,NORMAL
outdoor_route_204,131,NORMAL
outdoor_route_204,132,NORMAL
outdoor_route_204,133,NORMAL
outdoor_route_204,134,NORMAL
outdoor_route_204,135,NORMAL
outdoor_route_204,136,NORMAL
outdoor_route_204,137,NORMAL
outdoor_route_204,138,NORMAL
outdoor_route_204,139,NORMAL
outdoor_route_204,140,NORMAL
outdoor_route_204,141,NORMAL
outdoor_route_204,142,NORMAL
outdoor_route_204,143,NORMAL
outdoor_route_204,144,NORMAL
outdoor_route_204,145,NORMAL
outdoor_route_204,146,NORMAL
outdoor_route_204,147,NORMAL
outdoor_route_204,148,NORMAL
outdoor_route_204,149,NORMAL
outdoor_route_204,150,NORMAL
outdoor_route_204,151,NORMAL
outdoor_route_204,152,NORMAL
outdoor_route_204,153,NORMAL
outdoor_route_204,154,NORMAL
outdoor_route_204,155,NORMAL
outdoor_route_204,156,NORMAL
outdoor_route_204,157,NORMAL
outdoor_route_204,158,NORMAL
outdoor_route_204,159,NORMAL
outdoor_route_204,160,NORMAL
outdoor_route_204,161,NORMAL
outdoor_route_204,162,NORMAL
outdoor_route_204,163,NORMAL
outdoor_route_204,164,NORMAL
outdoor_route_204,165,NORMAL
outdoor_route_204,166,NORMAL
outdoor_route_204,167,NORMAL
outdoor_route_204,168,NORMAL
outdoor_route_204,169,NORMAL
outdoor_route_204,170,NORMAL
outdoor_route_204,171,NORMAL
outdoor_route_204,172,NORMAL
outdoor_route_204,173,NORMAL
outdoor_route_204,174,NORMAL
outdoor_route_204,175,NORMAL
outdoor_route_204,176,NORMAL
outdoor_route_204,177,NORMAL
outdoor_route_204,178,NORMAL
outdoor_route_204,179,NORMAL
outdoor_route_204,180,NORMAL
outdoor_route_204,181,NORMAL
outdoor_route_204,182,NORMAL
outdoor_route_204,183,NORMAL
outdoor_route_204,184,NORMAL
outdoor_route_204,185,NORMAL
outdoor_route_204,186,NORMAL
outdoor_route_204,187,NORMAL
outdoor_route_204,188,NORMAL
outdoor_route_204,189,NORMAL
outdoor_route_204,190,NORMAL
outdoor_route_204,191,NORMAL
outdoor_route_204,192,NORMAL
outdoor_route_204,193,NORMAL
outdoor_route_204,194,NORMAL
outdoor_route_204,195,NORMAL
outdoor_route_204,196,NORMAL
outdoor_route_204,197,NORMAL
outdoor_route_204,198,NORMAL
outdoor_route_204,199,NORMAL
outdoor_route_204,200,NORMAL
outdoor_route_204,201,NORMAL
outdoor_route_204,202,NORMAL
outdoor_route_204,203,NORMAL
outdoor_route_204,204,NORMAL
outdoor_route_204,205,NORMAL
outdoor_route_204,206,NORMAL
outdoor_route_204,207,NORMAL
outdoor_route_204,208,NORMAL
outdoor_route_204,209,NORMAL
outdoor_route_204,210,NORMAL
outdoor_route_204,211,NORMAL
outdoor_route_204,212,NORMAL
outdoor_route_204,213,NORMAL
outdoor_route_204,214,NORMAL
outdoor_route_204,215,NORMAL
outdoor_route_204,216,NORMAL
outdoor_route_204,217,NORMAL
outdoor_route_204,218,NORMAL
outdoor_route_204,219,NORMAL
outdoor_route_204,220,NORMAL
outdoor_route_204,221,NORMAL
outdoor_route_204,222,NORMAL
outdoor_route_204,223,NORMAL
outdoor_route_204,224,NORMAL
outdoor_route_204,225,NORMAL
outdoor_route_204,226,NORMAL
outdoor_route_204,227,NORMAL
outdoor_route_204,228,NORMAL
outdoor_route_204,229,NORMAL
outdoor_route_204,230,NORMAL
outdoor_route_204,231,NORMAL
outdoor_route_204,232,NORMAL
outdoor_route_204,233,NORMAL
outdoor_route_204,234,NORMAL
outdoor_route_204,235,NORMAL
outdoor_route_204,236,NORMAL
outdoor_route_204,237,NORMAL
outdoor_route_204,238,NORMAL
outdoor_route_204,239,NORMAL
outdoor_route_204,240,NORMAL
outdoor_route_204,241,NORMAL
outdoor_route_204,242,NORMAL
outdoor_route_204,243,NORMAL
outdoor_route_204,244,NORMAL
outdoor_route_204,245,NORMAL
outdoor_route_204,246,NORMAL
outdoor_route_204,247,NORMAL
outdoor_route_204,248,NORMAL
outdoor_route_204,249,NORMAL
outdoor_route_204,250,NORMAL
outdoor_route_204,251,NORMAL
outdoor_route_204,252,NORMAL
outdoor_route_204,253,NORMAL
outdoor_route_204,254,NORMAL
outdoor_route_204,255,NORMAL
outdoor_floaroma,0,NORMAL
outdoor_floaroma,1,NORMAL
outdoor_floaroma,2,NORMAL
outdoor_floaroma,3,NORMAL
outdoor_floaroma,4,NORMAL
outdoor_floaroma,5,NORMAL
outdoor_floaroma,6,NORMAL
outdoor_floaroma,7,NORMAL
outdoor_floaroma,8,NORMAL
outdoor_floaroma,9,NORMAL
outdoor_floaroma,10,NORMAL
outdoor_floaroma,11,NORMAL
outdoor_floaroma,12,NORMAL
outdoor_floaroma,13,NORMAL
outdoor_floaroma,14,NORMAL
outdoor_floaroma,15,NORMAL
outdoor_floaroma,16,NORMAL
outdoor_floaroma,17,NORMAL
outdoor_floaroma,18,NORMAL
outdoor_floaroma,19,NORMAL
outdoor_floaroma,20,NORMAL
outdoor_floaroma,21,NORMAL
outdoor_floaroma,22,NORMAL
outdoor_floaroma,23,NORMAL
outdoor_floaroma,24,NORMAL
outdoor_floaroma,25,NORMAL
outdoor_floaroma,26,NORMAL
outdoor_floaroma,27,NORMAL
outdoor_floaroma,28,NORMAL
outdoor_floaroma,29,NORMAL
outdoor_floaroma,30,NORMAL
outdoor_floaroma,31,NORMAL
outdoor_floaroma,32,NORMAL
outdoor_floaroma,33,NORMAL
outdoor_floaroma,34,NORMAL
outdoor_floaroma,35,NORMAL
outdoor_floaroma,36,NORMAL
outdoor_floaroma,37,NORMAL
outdoor_floaroma,38,NORMAL
outdoor_floaroma,39,NORMAL
outdoor_floaroma,40,NORMAL
outdoor_floaroma,41,NORMAL
outdoor_floaroma,42,NORMAL
outdoor_floaroma,43,NORMAL
outdoor_floaroma,44,NORMAL
outdoor_floaroma,45,NORMAL
outdoor_floaroma,46,NORMAL
outdoor_floaroma,47,NORMAL
outdoor_floaroma,48,NORMAL
outdoor_floaroma,49,NORMAL
outdoor_floaroma,50,NORMAL
outdoor_floaroma,51,NORMAL
outdoor_floaroma,52,NORMAL
outdoor_floaroma,53,NORMAL
outdoor_floaroma,54,NORMAL
outdoor_floaroma,55,NORMAL
outdoor_floaroma,56,NORMAL
outdoor_floaroma,57,NORMAL
outdoor_floaroma,58,NORMAL
outdoor_floaroma,59,NORMAL
outdoor_floaroma,60,NORMAL
outdoor_floaroma,61,NORMAL
outdoor_floaroma,62,NORMAL
outdoor_floaroma,63,NORMAL
outdoor_floaroma,64,NORMAL
outdoor_floaroma,65,NORMAL
outdoor_floaroma,66,NORMAL
outdoor_floaroma,67,NORMAL
outdoor_floaroma,68,NORMAL
outdoor_floaroma,69,NORMAL
outdoor_floaroma,70,NORMAL
outdoor_floaroma,71,NORMAL
outdoor_floaroma,72,NORMAL
outdoor_floaroma,73,NORMAL
outdoor_floaroma,74,NORMAL
outdoor_floaroma,75,NORMAL
outdoor_floaroma,76,NORMAL
outdoor_floaroma,77,NORMAL
outdoor_floaroma,78,NORMAL
outdoor_floaroma,79,NORMAL
outdoor_floaroma,80,NORMAL
outdoor_floaroma,81,NORMAL
outdoor_floaroma,82,NORMAL
outdoor_floaroma,83,NORMAL
outdoor_floaroma,84,NORMAL
outdoor_floaroma,85,NORMAL
outdoor_floaroma,86,NORMAL
outdoor_floaroma,87,NORMAL
outdoor_floaroma,88,NORMAL
outdoor_floaroma,89,NORMAL
outdoor_floaroma,90,NORMAL
outdoor_floaroma,91,NORMAL
outdoor_floaroma,92,NORMAL
outdoor_floaroma,93,NORMAL
outdoor_floaroma,94,NORMAL
outdoor_floaroma,95,NORMAL
outdoor_floaroma,96,NORMAL
outdoor_floaroma,97,NORMAL
outdoor_floaroma,98,NORMAL
outdoor_floaroma,99,NORMAL
outdoor_floaroma,100,NORMAL
outdoor_floaroma,101,NORMAL
outdoor_floaroma,102,NORMAL
outdoor_floaroma,103,NORMAL
outdoor_floaroma,104,NORMAL
outdoor_floaroma,105,NORMAL
outdoor_floaroma,106,NORMAL
outdoor_floaroma,107,NORMAL
outdoor_floaroma,108,NORMAL
outdoor_floaroma,109,NORMAL
outdoor_floaroma,110,NORMAL
outdoor_floaroma,111,NORMAL
outdoor_floaroma,112,NORMAL
outdoor_floaroma,113,NORMAL
outdoor_floaroma,114,NORMAL
outdoor_floaroma,115,NORMAL
outdoor_floaroma,116,NORMAL
outdoor_floaroma,117,NORMAL
outdoor_floaroma,118,NORMAL
outdoor_floaroma,119,NORMAL
outdoor_floaroma,120,NORMAL
outdoor_floaroma,121,NORMAL
outdoor_floaroma,122,NORMAL
outdoor_floaroma,123,NORMAL
outdoor_floaroma,124,NORMAL
outdoor_floaroma,125,NORMAL
outdoor_floaroma,126,NORMAL
outdoor_floaroma,127,NORMAL
outdoor_floaroma,128,NORMAL
outdoor_floaroma,129,NORMAL
outdoor_floaroma,130,NORMAL
outdoor_floaroma,131,NORMAL
outdoor_floaroma,132,NORMAL
outdoor_floaroma,133,NORMAL
outdoor_floaroma,134,NORMAL
outdoor_floaroma,135,NORMAL
outdoor_floaroma,136,NORMAL
outdoor_floaroma,137,NORMAL
outdoor_floaroma,138,NORMAL
outdoor_floaroma,139,NORMAL
outdoor_floaroma,140,NORMAL
outdoor_floaroma,141,NORMAL
outdoor_floaroma,142,NORMAL
outdoor_floaroma,143,NORMAL
outdoor_floaroma,144,NORMAL
outdoor_floaroma,145,NORMAL
outdoor_floaroma,146,NORMAL
outdoor_floaroma,147,NORMAL
outdoor_floaroma,148,NORMAL
outdoor_floaroma,149,NORMAL
outdoor_floaroma,150,NORMAL
outdoor_floaroma,151,NORMAL
outdoor_floaroma,152,NORMAL
outdoor_floaroma,153,NORMAL
outdoor_floaroma,154,NORMAL
outdoor_floaroma,155,NORMAL
outdoor_floaroma,156,NORMAL
outdoor_floaroma,157,NORMAL
outdoor_floaroma,158,NORMAL
outdoor_floaroma,159,NORMAL
outdoor_floaroma,160,NORMAL
outdoor_floaroma,161,NORMAL
outdoor_floaroma,162,NORMAL
outdoor_floaroma,163,NORMAL
outdoor_floaroma,164,NORMAL
outdoor_floaroma,165,NORMAL
outdoor_floaroma,166,NORMAL
outdoor_floaroma,167,NORMAL
outdoor_floaroma,168,NORMAL
outdoor_floaroma,169,NORMAL
outdoor_floaroma,170,NORMAL
outdoor_floaroma,171,NORMAL
outdoor_floaroma,172,NORMAL
outdoor_floaroma,173,NORMAL
outdoor_floaroma,174,NORMAL
outdoor_floaroma,175,NORMAL
outdoor_floaroma,176,NORMAL
outdoor_floaroma,177,NORMAL
outdoor_floaroma,178,NORMAL
outdoor_floaroma,179,NORMAL
outdoor_floaroma,180,NORMAL
outdoor_floaroma,181,NORMAL
outdoor_floaroma,182,NORMAL
outdoor_floaroma,183,NORMAL
outdoor_floaroma,184,NORMAL
outdoor_floaroma,185,NORMAL
outdoor_floaroma,186,NORMAL
outdoor_floaroma,187,NORMAL
outdoor_floaroma,188,NORMAL
outdoor_floaroma,189,NORMAL
outdoor_floaroma,190,NORMAL
outdoor_floaroma,191,NORMAL
outdoor_floaroma,192,NORMAL
outdoor_floaroma,193,NORMAL
outdoor_floaroma,194,NORMAL
outdoor_floaroma,195,NORMAL
outdoor_floaroma,196,NORMAL
outdoor_floaroma,197,NORMAL
outdoor_floaroma,198,NORMAL
outdoor_floaroma,199,NORMAL
outdoor_floaroma,200,NORMAL
outdoor_floaroma,201,NORMAL
outdoor_floaroma,202,NORMAL
outdoor_floaroma,203,NORMAL
outdoor_floaroma,204,NORMAL
outdoor_floaroma,205,NORMAL
outdoor_floaroma,206,NORMAL
outdoor_floaroma,207,NORMAL
outdoor_floaroma,208,NORMAL
outdoor_floaroma,209,NORMAL
outdoor_floaroma,210,NORMAL
outdoor_floaroma,211,NORMAL
outdoor_floaroma,212,NORMAL
outdoor_floaroma,213,NORMAL
outdoor_floaroma,214,NORMAL
outdoor_floaroma,215,NORMAL
outdoor_floaroma,216,NORMAL
outdoor_floaroma,217,NORMAL
outdoor_floaroma,218,NORMAL
outdoor_floaroma,219,NORMAL
outdoor_floaroma,220,NORMAL
outdoor_floaroma,221,NORMAL
outdoor_floaroma,222,NORMAL
outdoor_floaroma,223,NORMAL
outdoor_floaroma,224,NORMAL
outdoor_floaroma,225,NORMAL
outdoor_floaroma,226,NORMAL
outdoor_floaroma,227,NORMAL
outdoor_floaroma,228,NORMAL
outdoor_floaroma,229,NORMAL
outdoor_floaroma,230,NORMAL
outdoor_floaroma,231,NORMAL
outdoor_floaroma,232,NORMAL
outdoor_floaroma,233,NORMAL
outdoor_floaroma,234,NORMAL
outdoor_floaroma,235,NORMAL
outdoor_floaroma,236,NORMAL
outdoor_floaroma,237,NORMAL
outdoor_floaroma,238,NORMAL
outdoor_floaroma,239,NORMAL
outdoor_floaroma,240,NORMAL
outdoor_floaroma,241,NORMAL
outdoor_floaroma,242,NORMAL
outdoor_floaroma,243,NORMAL
outdoor_floaroma,244,NORMAL
outdoor_floaroma,245,NORMAL
outdoor_floaroma,246,NORMAL
outdoor_floaroma,247,NORMAL
outdoor_floaroma,248,NORMAL
outdoor_floaroma,249,NORMAL
outdoor_floaroma,250,NORMAL
outdoor_floaroma,251,NORMAL
outdoor_floaroma,252,NORMAL
outdoor_floaroma,253,NORMAL
outdoor_floaroma,254,NORMAL
outdoor_floaroma,255,NORMAL
indoor_twinleaf,0,NORMAL
indoor_twinleaf,1,NORMAL
indoor_twinleaf,2,NORMAL
indoor_twinleaf,3,NORMAL
indoor_twinleaf,4,NORMAL
indoor_twinleaf,5,NORMAL
indoor_twinleaf,6,NORMAL
indoor_twinleaf,7,NORMAL
indoor_twinleaf,8,NORMAL
indoor_twinleaf,9,NORMAL
indoor_twinleaf,10,NORMAL
indoor_twinleaf,11,NORMAL
indoor_twinleaf,12,NORMAL
indoor_twinleaf,13,NORMAL
indoor_twinleaf,14,NORMAL
indoor_twinleaf,15,NORMAL
indoor_twinleaf,16,NORMAL
indoor_twinleaf,17,NORMAL
indoor_twinleaf,18,NORMAL
indoor_twinleaf,19,NORMAL
indoor_twinleaf,20,NORMAL
indoor_twinleaf,21,NORMAL
indoor_twinleaf,22,NORMAL
indoor_twinleaf,23,NORMAL
indoor_twinleaf,24,NORMAL
indoor_twinleaf,25,NORMAL
indoor_twinleaf,26,NORMAL
indoor_twinleaf,27,NORMAL
indoor_twinleaf,28,NORMAL
indoor_twinleaf,29,NORMAL
indoor_twinleaf,30,NORMAL
indoor_twinleaf,31,NORMAL
indoor_twinleaf,32,NORMAL
indoor_twinleaf,33,NORMAL
indoor_twinleaf,34,NORMAL
indoor_twinleaf,35,NORMAL
indoor_twinleaf,36,NORMAL
indoor_twinleaf,37,NORMAL
indoor_twinleaf,38,NORMAL
indoor_twinleaf,39,NORMAL
indoor_twinleaf,40,NORMAL
indoor_twinleaf,41,NORMAL
indoor_twinleaf,42,NORMAL
indoor_twinleaf,43,NORMAL
indoor_twinleaf,44,NORMAL
indoor_twinleaf,45,NORMAL
indoor_twinleaf,46,NORMAL
indoor_twinleaf,47,NORMAL
indoor_twinleaf,48,NORMAL
indoor_twinleaf,49,NORMAL
indoor_twinleaf,50,NORMAL
indoor_twinleaf,51,NORMAL
indoor_twinleaf,52,NORMAL
indoor_twinleaf,53,NORMAL
indoor_twinleaf,54,NORMAL
indoor_twinleaf,55,NORMAL
indoor_twinleaf,56,NORMAL
indoor_twinleaf,57,NORMAL
indoor_twinleaf,58,NORMAL
indoor_twinleaf,59,NORMAL
indoor_twinleaf,60,NORMAL
indoor_twinleaf,61,NORMAL
indoor_twinleaf,62,NORMAL
indoor_twinleaf,63,NORMAL
indoor_twinleaf,64,NORMAL
indoor_twinleaf,65,NORMAL
indoor_twinleaf,66,NORMAL
indoor_twinleaf,67,NORMAL
indoor_twinleaf,68,NORMAL
indoor_twinleaf,69,NORMAL
indoor_twinleaf,70,NORMAL
indoor_twinleaf,71,NORMAL
indoor_twinleaf,72,NORMAL
indoor_twinleaf,73,NORMAL
indoor_twinleaf,74,NORMAL
indoor_twinleaf,75,NORMAL
indoor_twinleaf,76,NORMAL
indoor_twinleaf,77,NORMAL
indoor_twinleaf,78,NORMAL
indoor_twinleaf,79,NORMAL
indoor_twinleaf,80,NORMAL
indoor_twinleaf,81,NORMAL
indoor_twinleaf,82,NORMAL
indoor_twinleaf,83,NORMAL
indoor_twinleaf,84,NORMAL
indoor_twinleaf,85,NORMAL
indoor_twinleaf,86,NORMAL
indoor_twinleaf,87,NORMAL
indoor_twinleaf,88,NORMAL
indoor_twinleaf,89,NORMAL
indoor_twinleaf,90,NORMAL
indoor_twinleaf,91,NORMAL
indoor_twinleaf,92,NORMAL
indoor_twinleaf,93,NORMAL
indoor_twinleaf,94,NORMAL
indoor_twinleaf,95,NORMAL
indoor_twinleaf,96,NORMAL
indoor_twinleaf,97,NORMAL
indoor_twinleaf,98,NORMAL
indoor_twinleaf,99,NORMAL
indoor_twinleaf,100,NORMAL
indoor_twinleaf,101,NORMAL
indoor_twinleaf,102,NORMAL
indoor_twinleaf,103,NORMAL
indoor_twinleaf,104,NORMAL
indoor_twinleaf,105,NORMAL
indoor_twinleaf,106,NORMAL
indoor_twinleaf,107,NORMAL
indoor_twinleaf,108,NORMAL
indoor_twinleaf,109,NORMAL
indoor_twinleaf,110,NORMAL
indoor_twinleaf,111,NORMAL
indoor_twinleaf,112,NORMAL
indoor_twinleaf,113,NORMAL
indoor_twinleaf,114,NORMAL
indoor_twinleaf,115,NORMAL
indoor_twinleaf,116,NORMAL
indoor_twinleaf,117,NORMAL
indoor_twinleaf,118,NORMAL
indoor_twinleaf,119,NORMAL
indoor_twinleaf,120,NORMAL
indoor_twinleaf,121,NORMAL
indoor_twinleaf,122,NORMAL
indoor_twinleaf,123,NORMAL
indoor_twinleaf,124,NORMAL
indoor_twinleaf,125,NORMAL
indoor_twinleaf,126,NORMAL
indoor_twinleaf,127,NORMAL
general,0,NORMAL
general,1,NORMAL
general,2,NORMAL
general,3,NORMAL
general,4,NORMAL
general,5,NORMAL
general,6,NORMAL
general,7,NORMAL
general,8,NORMAL
general,9,NORMAL
general,10,NORMAL
general,11,NORMAL
general,12,NORMAL
general,13,NORMAL
general,14,NORMAL
general,15,NORMAL
general,16,NORMAL
general,17,NORMAL
general,18,NORMAL
general,19,NORMAL
general,20,NORMAL
general,21,NORMAL
general,22,NORMAL
general,23,NORMAL
general,24,NORMAL
general,25,NORMAL
general,26,NORMAL
general,27,NORMAL
general,28,NORMAL
general,29,NORMAL
general,30,NORMAL
general,31,NORMAL
general,32,NORMAL
general,33,NORMAL
general,34,NORMAL
general,35,NORMAL
general,36,NORMAL
general,37,NORMAL
general,38,NORMAL
general,39,NORMAL
general,40,NORMAL
general,41,NORMAL
general,42,NORMAL
general,43,NORMAL
general,44,NORMAL
general,45,NORMAL
general,46,NORMAL
general,47,NORMAL
general,48,NORMAL
general,49,NORMAL
general,50,NORMAL
general,51,NORMAL
general,52,NORMAL
general,53,NORMAL
general,54,NORMAL
general,55,NORMAL
general,56,NORMAL
general,57,NORMAL
general,58,NORMAL
general,59,NORMAL
general,60,NORMAL
general,61,NORMAL
general,62,NORMAL
general,63,NORMAL
general,64,NORMAL
general,65,NORMAL
general,66,NORMAL
general,67,NORMAL
general,68,NORMAL
general,69,NORMAL
general,70,NORMAL
general,71,NORMAL
general,72,NORMAL
general,73,NORMAL
general,74,NORMAL
general,75,NORMAL
general,76,NORMAL
general,77,NORMAL
general,78,NORMAL
general,79,NORMAL
general,80,NORMAL
general,81,NORMAL
general,82,NORMAL
general,83,NORMAL
general,84,NORMAL
general,85,NORMAL
general,86,NORMAL
general,87,NORMAL
general,88,NORMAL
general,89,NORMAL
general,90,NORMAL
general,91,NORMAL
general,92,NORMAL
general,93,NORMAL
general,94,NORMAL
general,95,NORMAL
general,96,NORMAL
general,97,NORMAL
general,98,NORMAL
general,99,NORMAL
general,100,NORMAL
general,101,NORMAL
general,102,NORMAL
general,103,NORMAL
general,104,NORMAL
general,105,NORMAL
general,106,NORMAL
general,107,NORMAL
general,108,NORMAL
general,109,NORMAL
general,110,NORMAL
general,111,NORMAL
general,112,NORMAL
general,113,NORMAL
general,114,NORMAL
general,115,NORMAL
general,116,NORMAL
general,117,NORMAL
general,118,NORMAL
general,119,NORMAL
general,120,NORMAL
general,121,NORMAL
general,122,NORMAL
general,123,NORMAL
general,124,NORMAL
general,125,NORMAL
general,126,NORMAL
general,127,NORMAL
general,128,NORMAL
general,129,NORMAL
general,130,NORMAL
general,131,NORMAL
general,132,NORMAL
general,133,NORMAL
general,134,NORMAL
general,135,NORMAL
general,136,NORMAL
general,137,NORMAL
general,138,NORMAL
general,139,NORMAL
general,140,NORMAL
general,141,NORMAL
general,142,NORMAL
general,143,NORMAL
general,144,NORMAL
general,145,NORMAL
general,146,NORMAL
general,147,NORMAL
general,148,NORMAL
general,149,NORMAL
general,150,NORMAL
general,151,NORMAL
general,152,NORMAL
general,153,NORMAL
general,154,NORMAL
general,155,NORMAL
general,156,NORMAL
general,157,NORMAL
general,158,NORMAL
general,159,NORMAL
general,160,NORMAL
general,161,NORMAL
general,162,NORMAL
general,163,NORMAL
general,164,NORMAL
general,165,NORMAL
general,166,NORMAL
general,167,NORMAL
general,168,NORMAL
general,169,NORMAL
general,170,NORMAL
general,171,NORMAL
general,172,NORMAL
general,173,NORMAL
general,174,NORMAL
general,175,NORMAL
general,176,NORMAL
general,177,NORMAL
general,178,NORMAL
general,179,NORMAL
general,180,NORMAL
general,181,NORMAL
general,182,NORMAL
general,183,NORMAL
general,184,NORMAL
general,185,NORMAL
general,186,NORMAL
general,187,NORMAL
general,188,NORMAL
general,189,NORMAL
general,190,NORMAL
general,191,NORMAL
general,192,NORMAL
general,193,NORMAL
general,194,NORMAL
general,195,NORMAL
general,196,NORMAL
general,197,NORMAL
general,198,NORMAL
general,199,NORMAL
general,200,NORMAL
general,201,NORMAL
general,202,NORMAL
general,203,NORMAL
general,204,NORMAL
general,205,NORMAL
general,206,NORMAL
general,207,NORMAL
general,208,NORMAL
general,209,NORMAL
general,210,NORMAL
general,211,NORMAL
general,212,NORMAL
general,213,NORMAL
general,214,NORMAL
general,215,NORMAL
general,216,NORMAL
general,217,NORMAL
general,218,NORMAL
general,219,NORMAL
general,220,NORMAL
general,221,NORMAL
general,222,NORMAL
general,223,NORMAL
general,224,NORMAL
general,225,NORMAL
general,226,NORMAL
general,227,NORMAL
general,228,NORMAL
general,229,NORMAL
general,230,NORMAL
general,231,NORMAL
general,232,NORMAL
general,233,NORMAL
general,234,NORMAL
general,235,NORMAL
general,236,NORMAL
general,237,NORMAL
general,238,NORMAL
general,239,NORMAL
general,240,NORMAL
general,241,NORMAL
general,242,NORMAL
general,243,NORMAL
general,244,NORMAL
general,245,NORMAL
general,246,NORMAL
general,247,NORMAL
general,248,NORMAL
general,249,NORMAL
general,250,NORMAL
general,251,NORMAL
general,252,NORMAL
general,253,NORMAL
general,254,NORMAL
general,255,NORMAL
general,256,NORMAL
general,257,NORMAL
general,258,NORMAL
general,259,NORMAL
general,260,NORMAL
general,261,NORMAL
general,262,NORMAL
general,263,NORMAL
general,264,NORMAL
general,265,NORMAL
general,266,NORMAL
general,267,NORMAL
general,268,NORMAL
general,269,NORMAL
general,270,NORMAL
general,271,NORMAL
general,272,NORMAL
general,273,NORMAL
general,274,NORMAL
general,275,NORMAL
general,276,NORMAL
general,277,NORMAL
general,278,NORMAL
general,279,NORMAL
general,280,NORMAL
general,281,NORMAL
general,282,NORMAL
general,283,NORMAL
general,284,NORMAL
general,285,NORMAL
general,286,NORMAL
general,287,NORMAL
general,288,NORMAL
general,289,NORMAL
general,290,NORMAL
general,291,NORMAL
general,292,NORMAL
general,293,NORMAL
general,294,NORMAL
general,295,NORMAL
general,296,NORMAL
general,297,NORMAL
general,298,NORMAL
general,299,NORMAL
general,300,NORMAL
general,301,NORMAL
general,302,NORMAL
general,303,NORMAL
general,304,NORMAL
general,305,NORMAL
general,306,NORMAL
general,307,NORMAL
general,308,NORMAL
general,309,NORMAL
general,310,NORMAL
general,311,NORMAL
general,312,NORMAL
general,313,NORMAL
general,314,NORMAL
general,315,NORMAL
general,316,NORMAL
general,317,NORMAL
general,318,NORMAL
general,319,NORMAL
general,320,NORMAL
general,321,NORMAL
general,322,NORMAL
general,323,NORMAL
general,324,NORMAL
general,325,NORMAL
general,326,NORMAL
general,327,NORMAL
general,328,NORMAL
general,329,NORMAL
general,330,NORMAL
general,331,NORMAL
general,332,NORMAL
general,333,NORMAL
general,334,NORMAL
general,335,NORMAL
general,336,NORMAL
general,337,NORMAL
general,338,NORMAL
general,339,NORMAL
general,340,NORMAL
general,341,NORMAL
general,342,NORMAL
general,343,NORMAL
general,344,NORMAL
general,345,NORMAL
general,346,NORMAL
general,347,NORMAL
general,348,NORMAL
general,349,NORMAL
general,350,NORMAL
general,351,NORMAL
general,352,NORMAL
general,353,NORMAL
general,354,NORMAL
general,355,NORMAL
general,356,NORMAL
general,357,NORMAL
general,358,NORMAL
general,359,NORMAL
general,360,NORMAL
general,361,NORMAL
general,362,NORMAL
general,363,NORMAL
general,364,NORMAL
general,365,NORMAL
general,366,NORMAL
general,367,NORMAL
general,368,NORMAL
general,369,NORMAL
general,370,NORMAL
general,371,NORMAL
general,372,NORMAL
general,373,NORMAL
general,374,NORMAL
general,375,NORMAL
general,376,NORMAL
general,377,NORMAL
general,378,NORMAL
general,379,NORMAL
general,380,NORMAL
general,381,NORMAL
general,382,NORMAL
general,383,NORMAL
general,384,NORMAL
general,385,NORMAL
general,386,NORMAL
general,387,NORMAL
general,388,NORMAL
general,389,NORMAL
general,390,NORMAL
general,391,NORMAL
general,392,NORMAL
general,393,NORMAL
general,394,NORMAL
general,395,NORMAL
general,396,NORMAL
general,397,NORMAL
general,398,NORMAL
general,399,NORMAL
general,400,NORMAL
general,401,NORMAL
general,402,NORMAL
general,403,NORMAL
general,404,NORMAL
general,405,NORMAL
general,406,NORMAL
general,407,NORMAL
general,408,NORMAL
general,409,NORMAL
general,410,NORMAL
general,411,NORMAL
general,412,NORMAL
general,413,NORMAL
general,414,NORMAL
general,415,NORMAL
general,416,NORMAL
general,417,NORMAL
general,418,NORMAL
general,419,NORMAL
general,420,NORMAL
general,421,NORMAL
general,422,NORMAL
general,423,NORMAL
general,424,NORMAL
general,425,NORMAL
general,426,NORMAL
general,427,NORMAL
general,428,NORMAL
general,429,NORMAL
general,430,NORMAL
general,431,NORMAL
general,432,NORMAL
general,433,NORMAL
general,434,NORMAL
general,435,NORMAL
general,436,NORMAL
general,437,NORMAL
general,438,NORMAL
general,439,NORMAL
general,440,NORMAL
general,441,NORMAL
general,442,NORMAL
general,443,NORMAL
general,444,NORMAL
general,445,NORMAL
general,446,NORMAL
general,447,NORMAL
general,448,NORMAL
general,449,NORMAL
general,450,NORMAL
general,451,NORMAL
general,452,NORMAL
general,453,NORMAL
general,454,NORMAL
general,455,NORMAL
general,456,NORMAL
general,457,NORMAL
general,458,NORMAL
general,459,NORMAL
general,460,NORMAL
general,461,NORMAL
general,462,NORMAL
general,463,NORMAL
general,464,NORMAL
general,465,NORMAL
general,466,NORMAL
general,467,NORMAL
general,468,NORMAL
general,469,NORMAL
general,470,NORMAL
general,471,NORMAL
general,472,NORMAL
general,473,NORMAL
general,474,NORMAL
general,475,NORMAL
general,476,NORMAL
general,477,NORMAL
general,478,NORMAL
general,479,NORMAL
general,480,NORMAL
general,481,NORMAL
general,482,NORMAL
general,483,NORMAL
general,484,NORMAL
general,485,NORMAL
general,486,NORMAL
general,487,NORMAL
general,488,NORMAL
general,489,NORMAL
general,490,NORMAL
general,491,NORMAL
general,492,NORMAL
general,493,NORMAL
general,494,NORMAL
general,495,NORMAL
general,496,NORMAL
general,497,NORMAL
general,498,NORMAL
general,499,NORMAL
general,500,NORMAL
general,501,NORMAL
general,502,NORMAL
general,503,NORMAL
general,504,NORMAL
general,505,NORMAL
general,506,NORMAL
general,507,NORMAL
general,508,NORMAL
general,509,NORMAL
general,510,NORMAL
general,511,NORMAL
outdoor_route_205,0,NORMAL
outdoor_route_205,1,NORMAL
outdoor_route_205,2,NORMAL
outdoor_route_205,3,NORMAL
outdoor_route_205,4,NORMAL
outdoor_route_205,5,NORMAL
outdoor_route_205,6,NORMAL
outdoor_route_205,7,NORMAL
outdoor_route_205,8,NORMAL
outdoor_route_205,9,NORMAL
outdoor_route_205,10,NORMAL
outdoor_route_205,11,NORMAL
outdoor_route_205,12,NORMAL
outdoor_route_205,13,NORMAL
outdoor_route_205,14,NORMAL
outdoor_route_205,15,NORMAL
outdoor_route_205,16,NORMAL
outdoor_route_205,17,NORMAL
outdoor_route_205,18,NORMAL
outdoor_route_205,19,NORMAL
outdoor_route_205,20,NORMAL
outdoor_route_205,21,NORMAL
outdoor_route_205,22,NORMAL
outdoor_route_205,23,NORMAL
outdoor_route_205,24,NORMAL
outdoor_route_205,25,NORMAL
outdoor_route_205,26,NORMAL
outdoor_route_205,27,NORMAL
outdoor_route_205,28,NORMAL
outdoor_route_205,29,NORMAL
outdoor_route_205,30,NORMAL
outdoor_route_205,31,NORMAL
outdoor_route_205,32,NORMAL
outdoor_route_205,33,NORMAL
outdoor_route_205,34,NORMAL
outdoor_route_205,35,NORMAL
outdoor_route_205,36,NORMAL
outdoor_route_205,37,NORMAL
outdoor_route_205,38,NORMAL
outdoor_route_205,39,NORMAL
outdoor_route_205,40,NORMAL
outdoor_route_205,41,NORMAL
outdoor_route_205,42,NORMAL
outdoor_route_205,43,NORMAL
outdoor_route_205,44,NORMAL
outdoor_route_205,45,NORMAL
outdoor_route_205,46,NORMAL
outdoor_route_205,47,NORMAL
outdoor_route_205,48,NORMAL
outdoor_route_205,49,NORMAL
outdoor_route_205,50,NORMAL
outdoor_route_205,51,NORMAL
outdoor_route_205,52,NORMAL
outdoor_route_205,53,NORMAL
outdoor_route_205,54,NORMAL
outdoor_route_205,55,NORMAL
outdoor_route_205,56,NORMAL
outdoor_route_205,57,NORMAL
outdoor_route_205,58,NORMAL
outdoor_route_205,59,NORMAL
outdoor_route_205,60,NORMAL
outdoor_route_205,61,NORMAL
outdoor_route_205,62,NORMAL
outdoor_route_205,63,NORMAL
outdoor_route_205,64,NORMAL
outdoor_route_205,65,NORMAL
outdoor_route_205,66,NORMAL
outdoor_route_205,67,NORMAL
outdoor_route_205,68,NORMAL
outdoor_route_205,69,NORMAL
outdoor_route_205,70,NORMAL
outdoor_route_205,71,NORMAL
outdoor_route_205,72,NORMAL
outdoor_route_205,73,NORMAL
outdoor_route_205,74,NORMAL
outdoor_route_205,75,NORMAL
outdoor_route_205,76,NORMAL
outdoor_route_205,77,NORMAL
outdoor_route_205,78,NORMAL
outdoor_route_205,79,NORMAL
outdoor_route_205,80,NORMAL
outdoor_route_205,81,NORMAL
outdoor_route_205,82,NORMAL
outdoor_route_205,83,NORMAL
outdoor_route_205,84,NORMAL
outdoor_route_205,85,NORMAL
outdoor_route_205,86,NORMAL
outdoor_route_205,87,NORMAL
outdoor_route_205,88,NORMAL
outdoor_route_205,89,NORMAL
outdoor_route_205,90,NORMAL
outdoor_route_205,91,NORMAL
outdoor_route_205,92,NORMAL
outdoor_route_205,93,NORMAL
outdoor_route_205,94,NORMAL
outdoor_route_205,95,NORMAL
outdoor_route_205,96,NORMAL
outdoor_route_205,97,NORMAL
outdoor_route_205,98,NORMAL
outdoor_route_205,99,NORMAL
outdoor_route_205,100,NORMAL
outdoor_route_205,101,NORMAL
outdoor_route_205,102,NORMAL
outdoor_route_205,103,NORMAL
outdoor_route_205,104,NORMAL
outdoor_route_205,105,NORMAL
outdoor_route_205,106,NORMAL
outdoor_route_205,107,NORMAL
outdoor_route_205,108,NORMAL
outdoor_route_205,109,NORMAL
outdoor_route_205,110,NORMAL
outdoor_route_205,111,NORMAL
outdoor_route_205,112,NORMAL
outdoor_route_205,113,NORMAL
outdoor_route_205,114,NORMAL
outdoor_route_205,115,NORMAL
outdoor_route_205,116,NORMAL
outdoor_route_205,117,NORMAL
outdoor_route_205,118,NORMAL
outdoor_route_205,119,NORMAL
outdoor_route_205,120,NORMAL
outdoor_route_205,121,NORMAL
outdoor_route_205,122,NORMAL
outdoor_route_205,123,NORMAL
outdoor_route_205,124,NORMAL
outdoor_route_205,125,NORMAL
outdoor_route_205,126,NORMAL
outdoor_route_205,127,NORMAL
outdoor_route_205,128,NORMAL
outdoor_route_205,129,NORMAL
outdoor_route_205,130,NORMAL
outdoor_route_205,131,NORMAL
outdoor_route_205,132,NORMAL
outdoor_route_205,133,NORMAL
outdoor_route_205,134,NORMAL
outdoor_route_205,135,NORMAL
outdoor_route_205,136,NORMAL
outdoor_route_205,137,NORMAL
outdoor_route_205,138,NORMAL
outdoor_route_205,139,NORMAL
outdoor_route_205,140,NORMAL
outdoor_route_205,141,NORMAL
outdoor_route_205,142,NORMAL
outdoor_route_205,143,NORMAL
outdoor_route_205,144,NORMAL
outdoor_route_205,145,NORMAL
outdoor_route_205,146,NORMAL
outdoor_route_205,147,NORMAL
outdoor_route_205,148,NORMAL
outdoor_route_205,149,NORMAL
outdoor_route_205,150,NORMAL
outdoor_route_205,151,NORMAL
outdoor_route_205,152,NORMAL
outdoor_route_205,153,NORMAL
outdoor_route_205,154,NORMAL
outdoor_route_205,155,NORMAL
outdoor_route_205,156,NORMAL
outdoor_route_205,157,NORMAL
outdoor_route_205,158,NORMAL
outdoor_route_205,159,NORMAL
outdoor_route_205,160,NORMAL
outdoor_route_205,161,NORMAL
outdoor_route_205,162,NORMAL
outdoor_route_205,163,NORMAL
outdoor_route_205,164,NORMAL
outdoor_route_205,165,NORMAL
outdoor_route_205,166,NORMAL
outdoor_route_205,167,NORMAL
outdoor_route_205,168,NORMAL
outdoor_route_205,169,NORMAL
outdoor_route_205,170,NORMAL
outdoor_route_205,171,NORMAL
outdoor_route_205,172,NORMAL
outdoor_route_205,173,NORMAL
outdoor_route_205,174,NORMAL
outdoor_route_205,175,NORMAL
outdoor_route_205,176,NORMAL
outdoor_route_205,177,NORMAL
outdoor_route_205,178,NORMAL
outdoor_route_205,179,NORMAL
outdoor_route_205,180,NORMAL
outdoor_route_205,181,NORMAL
outdoor_route_205,182,NORMAL
outdoor_route_205,183,NORMAL
outdoor_route_205,184,NORMAL
outdoor_route_205,185,NORMAL
outdoor_route_205,186,NORMAL
outdoor_route_205,187,NORMAL
outdoor_route_205,188,NORMAL
outdoor_route_205,189,NORMAL
outdoor_route_205,190,NORMAL
outdoor_route_205,191,NORMAL
outdoor_route_205,192,NORMAL
outdoor_route_205,193,NORMAL
outdoor_route_205,194,NORMAL
outdoor_route_205,195,NORMAL
outdoor_route_205,196,NORMAL
outdoor_route_205,197,NORMAL
outdoor_route_205,198,NORMAL
outdoor_route_205,199,NORMAL
outdoor_route_205,200,NORMAL
outdoor_route_205,201,NORMAL
outdoor_route_205,202,NORMAL
outdoor_route_205,203,NORMAL
outdoor_route_205,204,NORMAL
outdoor_route_205,205,NORMAL
outdoor_route_205,206,NORMAL
outdoor_route_205,207,NORMAL
outdoor_route_205,208,NORMAL
outdoor_route_205,209,NORMAL
outdoor_route_205,210,NORMAL
outdoor_route_205,211,NORMAL
outdoor_route_205,212,NORMAL
outdoor_route_205,213,NORMAL
outdoor_route_205,214,NORMAL
outdoor_route_205,215,NORMAL
outdoor_route_205,216,NORMAL
outdoor_route_205,217,NORMAL
outdoor_route_205,218,NORMAL
outdoor_route_205,219,NORMAL
outdoor_route_205,220,NORMAL
outdoor_route_205,221,NORMAL
outdoor_route_205,222,NORMAL
outdoor_route_205,223,NORMAL
outdoor_route_205,224,NORMAL
outdoor_route_205,225,NORMAL
outdoor_route_205,226,NORMAL
outdoor_route_205,227,NORMAL
outdoor_route_205,228,NORMAL
outdoor_route_205,229,NORMAL
outdoor_route_205,230,NORMAL
outdoor_route_205,231,NORMAL
outdoor_route_205,232,NORMAL
outdoor_route_205,233,NORMAL
outdoor_route_205,234,NORMAL
outdoor_route_205,235,NORMAL
outdoor_route_205,236,NORMAL
outdoor_route_205,237,NORMAL
outdoor_route_205,238,NORMAL
outdoor_route_205,239,NORMAL
outdoor_route_205,240,NORMAL
outdoor_route_205,241,NORMAL
outdoor_route_205,242,NORMAL
outdoor_route_205,243,NORMAL
outdoor_route_205,244,NORMAL
outdoor_route_205,245,NORMAL
outdoor_route_205,246,NORMAL
outdoor_route_205,247,NORMAL
outdoor_route_205,248,NORMAL
outdoor_route_205,249,NORMAL
outdoor_route_205,250,NORMAL
outdoor_route_205,251,NORMAL
outdoor_route_205,252,NORMAL
outdoor_route_205,253,NORMAL
outdoor_route_205,254,NORMAL
outdoor_route_205,255,NORMAL
indoor_twinleaf_rival,0,NORMAL
indoor_twinleaf_rival,1,NORMAL
indoor_twinleaf_rival,2,NORMAL
indoor_twinleaf_rival,3,NORMAL
indoor_twinleaf_rival,4,NORMAL
indoor_twinleaf_rival,5,NORMAL
indoor_twinleaf_rival,6,NORMAL
indoor_twinleaf_rival,7,NORMAL
indoor_twinleaf_rival,8,NORMAL
indoor_twinleaf_rival,9,NORMAL
indoor_twinleaf_rival,10,NORMAL
indoor_twinleaf_rival,11,NORMAL
indoor_twinleaf_rival,12,NORMAL
indoor_twinleaf_rival,13,NORMAL
indoor_twinleaf_rival,14,NORMAL
indoor_twinleaf_rival,15,NORMAL
indoor_twinleaf_rival,16,NORMAL
indoor_twinleaf_rival,17,NORMAL
indoor_twinleaf_rival,18,NORMAL
indoor_twinleaf_rival,19,NORMAL
indoor_twinleaf_rival,20,NORMAL
indoor_twinleaf_rival,21,NORMAL
indoor_twinleaf_rival,22,NORMAL
indoor_twinleaf_rival,23,NORMAL
indoor_twinleaf_rival,24,NORMAL
indoor_twinleaf_rival,25,NORMAL
indoor_twinleaf_rival,26,NORMAL
indoor_twinleaf_rival,27,NORMAL
indoor_twinleaf_rival,28,NORMAL
indoor_twinleaf_rival,29,NORMAL
indoor_twinleaf_rival,30,NORMAL
indoor_twinleaf_rival,31,NORMAL
indoor_twinleaf_rival,32,NORMAL
indoor_twinleaf_rival,33,NORMAL
indoor_twinleaf_rival,34,NORMAL
indoor_twinleaf_rival,35,NORMAL
indoor_twinleaf_rival,36,NORMAL
indoor_twinleaf_rival,37,NORMAL
indoor_twinleaf_rival,38,NORMAL
indoor_twinleaf_rival,39,NORMAL
indoor_twinleaf_rival,40,NORMAL
indoor_twinleaf_rival,41,NORMAL
indoor_twinleaf_rival,42,NORMAL
indoor_twinleaf_rival,43,NORMAL
indoor_twinleaf_rival,44,NORMAL
indoor_twinleaf_rival,45,NORMAL
indoor_twinleaf_rival,46,NORMAL
indoor_twinleaf_rival,47,NORMAL
indoor_twinleaf_rival,48,NORMAL
indoor_twinleaf_rival,49,NORMAL
indoor_twinleaf_rival,50,NORMAL
indoor_twinleaf_rival,51,NORMAL
indoor_twinleaf_rival,52,NORMAL
indoor_twinleaf_rival,53,NORMAL
indoor_twinleaf_rival,54,NORMAL
indoor_twinleaf_rival,55,NORMAL
indoor_twinleaf_rival,56,NORMAL
indoor_twinleaf_rival,57,NORMAL
indoor_twinleaf_rival,58,NORMAL
indoor_twinleaf_rival,59,NORMAL
indoor_twinleaf_rival,60,NORMAL
indoor_twinleaf_rival,61,NORMAL
indoor_twinleaf_rival,62,NORMAL
indoor_twinleaf_rival,63,NORMAL
indoor_twinleaf_rival,64,NORMAL
indoor_twinleaf_rival,65,NORMAL
indoor_twinleaf_rival,66,NORMAL
indoor_twinleaf_rival,67,NORMAL
indoor_twinleaf_rival,68,NORMAL
indoor_twinleaf_rival,69,NORMAL
indoor_twinleaf_rival,70,NORMAL
indoor_twinleaf_rival,71,NORMAL
indoor_twinleaf_rival,72,NORMAL
indoor_twinleaf_rival,73,NORMAL
indoor_twinleaf_rival,74,NORMAL
indoor_twinleaf_rival,75,NORMAL
indoor_twinleaf_rival,76,NORMAL
indoor_twinleaf_rival,77,NORMAL
indoor_twinleaf_rival,78,NORMAL
indoor_twinleaf_rival,79,NORMAL
indoor_twinleaf_rival,80,NORMAL
indoor_twinleaf_rival,81,NORMAL
indoor_twinleaf_rival,82,NORMAL
indoor_twinleaf_rival,83,NORMAL
indoor_twinleaf_rival,84,NORMAL
indoor_twinleaf_rival,85,NORMAL
indoor_twinleaf_rival,86,NORMAL
indoor_twinleaf_rival,87,NORMAL
indoor_twinleaf_rival,88,NORMAL
indoor_twinleaf_rival,89,NORMAL
indoor_twinleaf_rival,90,NORMAL
indoor_twinleaf_rival,91,NORMAL
indoor_twinleaf_rival,92,NORMAL
indoor_twinleaf_rival,93,NORMAL
indoor_twinleaf_rival,94,NORMAL
indoor_twinleaf_rival,95,NORMAL
indoor_twinleaf_rival,96,NORMAL
indoor_twinleaf_rival,97,NORMAL
indoor_twinleaf_rival,98,NORMAL
indoor_twinleaf_rival,99,NORMAL
indoor_twinleaf_rival,100,NORMAL
indoor_twinleaf_rival,101,NORMAL
indoor_twinleaf_rival,102,NORMAL
indoor_twinleaf_rival,103,NORMAL
indoor_twinleaf_rival,104,NORMAL
indoor_twinleaf_rival,105,NORMAL
indoor_twinleaf_rival,106,NORMAL
indoor_twinleaf_rival,107,NORMAL
indoor_twinleaf_rival,108,NORMAL
indoor_twinleaf_rival,109,NORMAL
indoor_twinleaf_rival,110,NORMAL
indoor_twinleaf_rival,111,NORMAL
indoor_twinleaf_rival,112,NORMAL
indoor_twinleaf_rival,113,NORMAL
indoor_twinleaf_rival,114,NORMAL
indoor_twinleaf_rival,115,NORMAL
indoor_twinleaf_rival,116,NORMAL
indoor_twinleaf_rival,117,NORMAL
indoor_twinleaf_rival,118,NORMAL
indoor_twinleaf_rival,119,NORMAL
indoor_twinleaf_rival,120,NORMAL
indoor_twinleaf_rival,121,NORMAL
indoor_twinleaf_rival,122,NORMAL
indoor_twinleaf_rival,123,NORMAL
indoor_twinleaf_rival,124,NORMAL
indoor_twinleaf_rival,125,NORMAL
indoor_twinleaf_rival,126,NORMAL
indoor_twinleaf_rival,127,NORMAL
indoor_sunyshore,0,NORMAL
indoor_sunyshore,1,NORMAL
indoor_sunyshore,2,NORMAL
indoor_sunyshore,3,NORMAL
indoor_sunyshore,4,NORMAL
indoor_sunyshore,5,NORMAL
indoor_sunyshore,6,NORMAL
indoor_sunyshore,7,NORMAL
indoor_sunyshore,8,NORMAL
indoor_sunyshore,9,NORMAL
indoor_sunyshore,10,NORMAL
indoor_sunyshore,11,NORMAL
indoor_sunyshore,12,NORMAL
indoor_sunyshore,13,NORMAL
indoor_sunyshore,14,NORMAL
indoor_sunyshore,15,NORMAL
indoor_sunyshore,16,NORMAL
indoor_sunyshore,17,NORMAL
indoor_sunyshore,18,NORMAL
indoor_sunyshore,19,NORMAL
indoor_sunyshore,20,NORMAL
indoor_sunyshore,21,NORMAL
indoor_sunyshore,22,NORMAL
indoor_sunyshore,23,NORMAL
indoor_sunyshore,24,NORMAL
indoor_sunyshore,25,NORMAL
indoor_sunyshore,26,NORMAL
indoor_sunyshore,27,NORMAL
indoor_sunyshore,28,NORMAL
indoor_sunyshore,29,NORMAL
indoor_sunyshore,30,NORMAL
indoor_sunyshore,31,NORMAL
indoor_sunyshore,32,NORMAL
indoor_sunyshore,33,NORMAL
indoor_sunyshore,34,NORMAL
indoor_sunyshore,35,NORMAL
indoor_sunyshore,36,NORMAL
indoor_sunyshore,37,NORMAL
indoor_sunyshore,38,NORMAL
indoor_sunyshore,39,NORMAL
indoor_sunyshore,40,NORMAL
indoor_sunyshore,41,NORMAL
indoor_sunyshore,42,NORMAL
indoor_sunyshore,43,NORMAL
indoor_sunyshore,44,NORMAL
indoor_sunyshore,45,NORMAL
indoor_sunyshore,46,NORMAL
indoor_sunyshore,47,NORMAL
indoor_sunyshore,48,NORMAL
indoor_sunyshore,49,NORMAL
indoor_sunyshore,50,NORMAL
indoor_sunyshore,51,NORMAL
indoor_sunyshore,52,NORMAL
indoor_sunyshore,53,NORMAL
indoor_sunyshore,54,NORMAL
indoor_sunyshore,55,NORMAL
indoor_sunyshore,56,NORMAL
indoor_sunyshore,57,NORMAL
indoor_sunyshore,58,NORMAL
indoor_sunyshore,59,NORMAL
indoor_sunyshore,60,NORMAL
indoor_sunyshore,61,NORMAL
indoor_sunyshore,62,NORMAL
indoor_sunyshore,63,NORMAL
indoor_sunyshore,64,NORMAL
indoor_sunyshore,65,NORMAL
indoor_sunyshore,66,NORMAL
indoor_sunyshore,67,NORMAL
indoor_sunyshore,68,NORMAL
indoor_sunyshore,69,NORMAL
indoor_sunyshore,70,NORMAL
indoor_sunyshore,71,NORMAL
indoor_sunyshore,72,NORMAL
indoor_sunyshore,73,NORMAL
indoor_sunyshore,74,NORMAL
indoor_sunyshore,75,NORMAL
indoor_sunyshore,76,NORMAL
indoor_sunyshore,77,NORMAL
indoor_sunyshore,78,NORMAL
indoor_sunyshore,79,NORMAL
indoor_sunyshore,80,NORMAL
indoor_sunyshore,81,NORMAL
indoor_sunyshore,82,NORMAL
indoor_sunyshore,83,NORMAL
indoor_sunyshore,84,NORMAL
indoor_sunyshore,85,NORMAL
indoor_sunyshore,86,NORMAL
indoor_sunyshore,87,NORMAL
indoor_sunyshore,88,NORMAL
indoor_sunyshore,89,NORMAL
indoor_sunyshore,90,NORMAL
indoor_sunyshore,91,NORMAL
indoor_sunyshore,92,NORMAL
indoor_sunyshore,93,NORMAL
indoor_sunyshore,94,NORMAL
indoor_sunyshore,95,NORMAL
indoor_sunyshore,96,NORMAL
indoor_sunyshore,97,NORMAL
indoor_sunyshore,98,NORMAL
indoor_sunyshore,99,NORMAL
indoor_sunyshore,100,NORMAL
indoor_sunyshore,101,NORMAL
indoor_sunyshore,102,NORMAL
indoor_sunyshore,103,NORMAL
indoor_sunyshore,104,NORMAL
indoor_sunyshore,105,NORMAL
indoor_sunyshore,106,NORMAL
indoor_sunyshore,107,NORMAL
indoor_sunyshore,108,NORMAL
indoor_sunyshore,109,NORMAL
indoor_sunyshore,110,NORMAL
indoor_sunyshore,111,NORMAL
indoor_sunyshore,112,NORMAL
indoor_sunyshore,113,NORMAL
indoor_sunyshore,114,NORMAL
indoor_sunyshore,115,NORMAL
indoor_sunyshore,116,NORMAL
indoor_sunyshore,117,NORMAL
indoor_sunyshore,118,NORMAL
indoor_sunyshore,119,NORMAL
indoor_sunyshore,120,NORMAL
indoor_sunyshore,121,NORMAL
indoor_sunyshore,122,NORMAL
indoor_sunyshore,123,NORMAL
indoor_sunyshore,124,NORMAL
indoor_sunyshore,125,NORMAL
indoor_sunyshore,126,NORMAL
indoor_sunyshore,127,NORMAL
indoor_center,0,NORMAL
indoor_center,1,NORMAL
indoor_center,2,NORMAL
indoor_center,3,NORMAL
indoor_center,4,NORMAL
indoor_center,5,NORMAL
indoor_center,6,NORMAL
indoor_center,7,NORMAL
indoor_center,8,NORMAL
indoor_center,9,NORMAL
indoor_center,10,NORMAL
indoor_center,11,NORMAL
indoor_center,12,NORMAL
indoor_center,13,NORMAL
indoor_center,14,NORMAL
indoor_center,15,NORMAL
indoor_center,16,NORMAL
indoor_center,17,NORMAL
indoor_center,18,NORMAL
indoor_center,19,NORMAL
indoor_center,20,NORMAL
indoor_center,21,NORMAL
indoor_center,22,NORMAL
indoor_center,23,NORMAL
indoor_center,24,NORMAL
indoor_center,25,NORMAL
indoor_center,26,NORMAL
indoor_center,27,NORMAL
indoor_center,28,NORMAL
indoor_center,29,NORMAL
indoor_center,30,NORMAL
indoor_center,31,NORMAL
indoor_center,32,NORMAL
indoor_center,33,NORMAL
indoor_center,34,NORMAL
indoor_center,35,NORMAL
indoor_center,36,NORMAL
indoor_center,37,NORMAL
indoor_center,38,NORMAL
indoor_center,39,NORMAL
indoor_center,40,NORMAL
indoor_center,41,NORMAL
indoor_center,42,NORMAL
indoor_center,43,NORMAL
indoor_center,44,NORMAL
indoor_center,45,NORMAL
indoor_center,46,NORMAL
indoor_center,47,NORMAL
indoor_center,48,NORMAL
indoor_center,49,NORMAL
indoor_center,50,NORMAL
indoor_center,51,NORMAL
indoor_center,52,NORMAL
indoor_center,53,NORMAL
indoor_center,54,NORMAL
indoor_center,55,NORMAL
indoor_center,56,NORMAL
indoor_center,57,NORMAL
indoor_center,58,NORMAL
indoor_center,59,NORMAL
indoor_center,60,NORMAL
indoor_center,61,NORMAL
indoor_center,62,NORMAL
indoor_center,63,NORMAL
indoor_center,64,NORMAL
indoor_center,65,NORMAL
indoor_center,66,NORMAL
indoor_center,67,NORMAL
indoor_center,68,NORMAL
indoor_center,69,NORMAL
indoor_center,70,NORMAL
indoor_center,71,NORMAL
indoor_center,72,NORMAL
indoor_center,73,NORMAL
indoor_center,74,NORMAL
indoor_center,75,NORMAL
indoor_center,76,NORMAL
indoor_center,77,NORMAL
indoor_center,78,NORMAL
indoor_center,79,NORMAL
indoor_center,80,NORMAL
indoor_center,81,NORMAL
indoor_center,82,NORMAL
indoor_center,83,NORMAL
indoor_center,84,NORMAL
indoor_center,85,NORMAL
indoor_center,86,NORMAL
indoor_center,87,NORMAL
indoor_center,88,NORMAL
indoor_center,89,NORMAL
indoor_center,90,NORMAL
indoor_center,91,NORMAL
indoor_center,92,NORMAL
indoor_center,93,NORMAL
indoor_center,94,NORMAL
indoor_center,95,NORMAL
indoor_center,96,NORMAL
indoor_center,97,NORMAL
indoor_center,98,NORMAL
indoor_center,99,NORMAL
indoor_center,100,NORMAL
indoor_center,101,NORMAL
indoor_center,102,NORMAL
indoor_center,103,NORMAL
indoor_center,104,NORMAL
indoor_center,105,NORMAL
indoor_center,106,NORMAL
indoor_center,107,NORMAL
indoor_center,108,NORMAL
indoor_center,109,NORMAL
indoor_center,110,NORMAL
indoor_center,111,NORMAL
indoor_center,112,NORMAL
indoor_center,113,NORMAL
indoor_center,114,NORMAL
indoor_center,115,NORMAL
indoor_center,116,NORMAL
indoor_center,117,NORMAL
indoor_center,118,NORMAL
indoor_center,119,NORMAL
indoor_center,120,NORMAL
indoor_center,121,NORMAL
indoor_center,122,NORMAL
indoor_center,123,NORMAL
indoor_center,124,NORMAL
indoor_center,125,NORMAL
indoor_center,126,NORMAL
indoor_center,127,NORMAL
indoor_sandgem_lab,0,NORMAL
indoor_sandgem_lab,1,NORMAL
indoor_sandgem_lab,2,NORMAL
indoor_sandgem_lab,3,NORMAL
indoor_sandgem_lab,4,NORMAL
indoor_sandgem_lab,5,NORMAL
indoor_sandgem_lab,6,NORMAL
indoor_sandgem_lab,7,NORMAL
indoor_sandgem_lab,8,NORMAL
indoor_sandgem_lab,9,NORMAL
indoor_sandgem_lab,10,NORMAL
indoor_sandgem_lab,11,NORMAL
indoor_sandgem_lab,12,NORMAL
indoor_sandgem_lab,13,NORMAL
indoor_sandgem_lab,14,NORMAL
indoor_sandgem_lab,15,NORMAL
indoor_sandgem_lab,16,NORMAL
indoor_sandgem_lab,17,NORMAL
indoor_sandgem_lab,18,NORMAL
indoor_sandgem_lab,19,NORMAL
indoor_sandgem_lab,20,NORMAL
indoor_sandgem_lab,21,NORMAL
indoor_sandgem_lab,22,NORMAL
indoor_sandgem_lab,23,NORMAL
indoor_sandgem_lab,24,NORMAL
indoor_sandgem_lab,25,NORMAL
indoor_sandgem_lab,26,NORMAL
indoor_sandgem_lab,27,NORMAL
indoor_sandgem_lab,28,NORMAL
indoor_sandgem_lab,29,NORMAL
indoor_sandgem_lab,30,NORMAL
indoor_sandgem_lab,31,NORMAL
indoor_sandgem_lab,32,NORMAL
indoor_sandgem_lab,33,NORMAL
indoor_sandgem_lab,34,NORMAL
indoor_sandgem_lab,35,NORMAL
indoor_sandgem_lab,36,NORMAL
indoor_sandgem_lab,37,NORMAL
indoor_sandgem_lab,38,NORMAL
indoor_sandgem_lab,39,NORMAL
indoor_sandgem_lab,40,NORMAL
indoor_sandgem_lab,41,NORMAL
indoor_sandgem_lab,42,NORMAL
indoor_sandgem_lab,43,NORMAL
indoor_sandgem_lab,44,NORMAL
indoor_sandgem_lab,45,NORMAL
indoor_sandgem_lab,46,NORMAL
indoor_sandgem_lab,47,NORMAL
indoor_sandgem_lab,48,NORMAL
indoor_sandgem_lab,49,NORMAL
indoor_sandgem_lab,50,NORMAL
indoor_sandgem_lab,51,NORMAL
indoor_sandgem_lab,52,NORMAL
indoor_sandgem_lab,53,NORMAL
indoor_sandgem_lab,54,NORMAL
indoor_sandgem_lab,55,NORMAL
indoor_sandgem_lab,56,NORMAL
indoor_sandgem_lab,57,NORMAL
indoor_sandgem_lab,58,NORMAL
indoor_sandgem_lab,59,NORMAL
indoor_sandgem_lab,60,NORMAL
indoor_sandgem_lab,61,NORMAL
indoor_sandgem_lab,62,NORMAL
indoor_sandgem_lab,63,NORMAL
indoor_sandgem_lab,64,NORMAL
indoor_sandgem_lab,65,NORMAL
indoor_sandgem_lab,66,NORMAL
indoor_sandgem_lab,67,NORMAL
indoor_sandgem_lab,68,NORMAL
indoor_sandgem_lab,69,NORMAL
indoor_sandgem_lab,70,NORMAL
indoor_sandgem_lab,71,NORMAL
indoor_sandgem_lab,72,NORMAL
indoor_sandgem_lab,73,NORMAL
indoor_sandgem_lab,74,NORMAL
indoor_sandgem_lab,75,NORMAL
indoor_sandgem_lab,76,NORMAL
indoor_sandgem_lab,77,NORMAL
indoor_sandgem_lab,78,NORMAL
indoor_sandgem_lab,79,NORMAL
indoor_sandgem_lab,80,NORMAL
indoor_sandgem_lab,81,NORMAL
indoor_sandgem_lab,82,NORMAL
indoor_sandgem_lab,83,NORMAL
indoor_sandgem_lab,84,NORMAL
indoor_sandgem_lab,85,NORMAL
indoor_sandgem_lab,86,NORMAL
indoor_sandgem_lab,87,NORMAL
indoor_sandgem_lab,88,NORMAL
indoor_sandgem_lab,89,NORMAL
indoor_sandgem_lab,90,NORMAL
indoor_sandgem_lab,91,NORMAL
indoor_sandgem_lab,92,NORMAL
indoor_sandgem_lab,93,NORMAL
indoor_sandgem_lab,94,NORMAL
indoor_sandgem_lab,95,NORMAL
indoor_sandgem_lab,96,NORMAL
indoor_sandgem_lab,97,NORMAL
indoor_sandgem_lab,98,NORMAL
indoor_sandgem_lab,99,NORMAL
indoor_sandgem_lab,100,NORMAL
indoor_sandgem_lab,101,NORMAL
indoor_sandgem_lab,102,NORMAL
indoor_sandgem_lab,103,NORMAL
indoor_sandgem_lab,104,NORMAL
indoor_sandgem_lab,105,NORMAL
indoor_sandgem_lab,106,NORMAL
indoor_sandgem_lab,107,NORMAL
indoor_sandgem_lab,108,NORMAL
indoor_sandgem_lab,109,NORMAL
indoor_sandgem_lab,110,NORMAL
indoor_sandgem_lab,111,NORMAL
indoor_sandgem_lab,112,NORMAL
indoor_sandgem_lab,113,NORMAL
indoor_sandgem_lab,114,NORMAL
indoor_sandgem_lab,115,NORMAL
indoor_sandgem_lab,116,NORMAL
indoor_sandgem_lab,117,NORMAL
indoor_sandgem_lab,118,NORMAL
indoor_sandgem_lab,119,NORMAL
indoor_sandgem_lab,120,NORMAL
indoor_sandgem_lab,121,NORMAL
indoor_sandgem_lab,122,NORMAL
indoor_sandgem_lab,123,NORMAL
indoor_sandgem_lab,124,NORMAL
indoor_sandgem_lab,125,NORMAL
indoor_sandgem_lab,126,NORMAL
indoor_sandgem_lab,127,NORMAL
indoor_forest,0,COVERED
indoor_forest,1,COVERED
indoor_forest,2,SPLIT
indoor_forest,3,SPLIT
indoor_forest,4,SPLIT
indoor_forest,5,SPLIT
indoor_forest,6,SPLIT
indoor_forest,7,SPLIT
indoor_forest,8,COVERED
indoor_forest,9,COVERED
indoor_forest,10,SPLIT
indoor_forest,11,SPLIT
indoor_forest,12,SPLIT
indoor_forest,13,SPLIT
indoor_forest,14,SPLIT
indoor_forest,15,SPLIT
indoor_forest,16,COVERED
indoor_forest,17,COVERED
indoor_forest,18,COVERED
indoor_forest,19,SPLIT
indoor_forest,20,COVERED
indoor_forest,21,COVERED
indoor_forest,22,COVERED
indoor_forest,23,COVERED
indoor_forest,24,COVERED
indoor_forest,25,COVERED
indoor_forest,26,COVERED
indoor_forest,27,COVERED
indoor_forest,28,COVERED
indoor_forest,29,SPLIT
indoor_forest,30,SPLIT
indoor_forest,31,COVERED
indoor_forest,32,COVERED
indoor_forest,33,COVERED
indoor_forest,34,COVERED
indoor_forest,35,COVERED
indoor_forest,36,COVERED
indoor_forest,37,SPLIT
indoor_forest,38,SPLIT
indoor_forest,39,COVERED
indoor_forest,40,SPLIT
indoor_forest,41,SPLIT
indoor_forest,42,COVERED
indoor_forest,43,COVERED
indoor_forest,44,COVERED
indoor_forest,45,COVERED
indoor_forest,46,SPLIT
indoor_forest,47,SPLIT
indoor_forest,48,SPLIT
indoor_forest,49,SPLIT
indoor_forest,50,COVERED
indoor_forest,51,COVERED
indoor_forest,52,COVERED
indoor_forest,53,SPLIT
indoor_forest,54,SPLIT
indoor_forest,55,SPLIT
indoor_forest,56,SPLIT
indoor_forest,57,SPLIT
indoor_forest,58,COVERED
indoor_forest,59,COVERED
indoor_forest,60,COVERED
indoor_forest,61,COVERED
indoor_forest,62,COVERED
indoor_forest,63,COVERED
indoor_forest,64,COVERED
indoor_forest,65,COVERED
indoor_forest,66,COVERED
indoor_forest,67,SPLIT
indoor_forest,68,SPLIT
indoor_forest,69,COVERED
indoor_forest,70,COVERED
indoor_forest,71,COVERED
indoor_forest,72,COVERED
indoor_forest,73,COVERED
indoor_forest,74,COVERED
indoor_forest,75,SPLIT
indoor_forest,76,SPLIT
indoor_forest,77,COVERED
indoor_forest,78,COVERED
indoor_forest,79,COVERED
indoor_forest,80,COVERED
indoor_forest,81,COVERED
indoor_forest,82,COVERED
indoor_forest,83,SPLIT
indoor_forest,84,SPLIT
indoor_forest,85,COVERED
indoor_forest,86,COVERED
indoor_forest,87,COVERED
indoor_forest,88,SPLIT
indoor_forest,89,COVERED
indoor_forest,90,SPLIT
indoor_forest,91,SPLIT
indoor_forest,92,SPLIT
indoor_forest,93,SPLIT
indoor_forest,94,SPLIT
indoor_forest,95,COVERED
indoor_forest,96,SPLIT
indoor_forest,97,COVERED
indoor_forest,98,SPLIT
indoor_forest,99,COVERED
indoor_forest,100,COVERED
indoor_forest,101,COVERED
indoor_forest,102,COVERED
indoor_forest,103,SPLIT
indoor_forest,104,COVERED
indoor_forest,105,SPLIT
indoor_forest,106,COVERED
indoor_forest,107,COVERED
indoor_forest,108,COVERED
indoor_forest,109,COVERED
indoor_forest,110,COVERED
indoor_forest,111,COVERED
indoor_forest,112,SPLIT
indoor_forest,113,SPLIT
indoor_forest,114,COVERED
indoor_forest,115,SPLIT
indoor_forest,116,SPLIT
indoor_forest,117,COVERED
indoor_forest,118,COVERED
indoor_forest,119,COVERED
indoor_forest,120,COVERED
indoor_forest,121,COVERED
indoor_forest,122,COVERED
indoor_forest,123,SPLIT
indoor_forest,124,SPLIT
indoor_forest,125,COVERED
indoor_forest,126,COVERED
indoor_forest,127,COVERED
indoor_forest,128,TOP
indoor_forest,129,TOP
indoor_forest,130,TOP
indoor_forest,131,TOP
indoor_forest,132,TOP
indoor_forest,133,TOP
indoor_forest,134,TOP
indoor_forest,135,TOP
indoor_forest,136,TOP
indoor_forest,137,TOP
indoor_forest,138,TOP
indoor_forest,139,TOP
indoor_forest,140,TOP
indoor_forest,141,TOP
indoor_forest,142,TOP
indoor_forest,143,TOP
indoor_forest,144,TOP
indoor_forest,145,TOP
indoor_forest,146,TOP
indoor_forest,147,TOP
indoor_forest,148,TOP
indoor_forest,149,TOP
indoor_forest,150,TOP
indoor_forest,151,TOP
indoor_forest,152,TOP
indoor_forest,153,TOP
indoor_forest,154,TOP
indoor_forest,155,TOP
indoor_forest,156,TOP
indoor_forest,157,TOP
indoor_forest,158,TOP
indoor_forest,159,TOP
indoor_forest,160,TOP
indoor_forest,161,TOP
indoor_forest,162,TOP
indoor_forest,163,TOP
indoor_forest,164,TOP
indoor_forest,165,TOP
indoor_forest,166,TOP
indoor_forest,167,TOP
indoor_forest,168,TOP
indoor_forest,169,TOP
indoor_forest,170,TOP
indoor_forest,171,TOP
indoor_forest,172,TOP
indoor_forest,173,TOP
indoor_forest,174,TOP
indoor_forest,175,TOP
indoor_forest,176,TOP
indoor_forest,177,TOP
indoor_forest,178,TOP
indoor_forest,179,TOP
indoor_forest,180,TOP
indoor_forest,181,TOP
indoor_forest,182,TOP
indoor_forest,183,TOP
indoor_forest,184,TOP
indoor_forest,185,TOP
indoor_forest,186,TOP
indoor_forest,187,TOP
indoor_forest,188,TOP
indoor_forest,189,TOP
indoor_forest,190,TOP
indoor_forest,191,TOP
indoor_forest,192,TOP
indoor_forest,193,TOP
indoor_forest,194,TOP
indoor_forest,195,TOP
indoor_forest,196,TOP
indoor_forest,197,TOP
indoor_forest,198,TOP
indoor_forest,199,TOP
indoor_forest,200,TOP
indoor_forest,201,TOP
indoor_forest,202,TOP
indoor_forest,203,TOP
indoor_forest,204,TOP
indoor_forest,205,TOP
indoor_forest,206,TOP
indoor_forest,207,TOP
indoor_forest,208,TOP
indoor_forest,209,TOP
indoor_forest,210,TOP
indoor_forest,211,TOP
indoor_forest,212,TOP
indoor_forest,213,TOP
indoor_forest,214,TOP
indoor_forest,215,TOP
indoor_forest,216,TOP
indoor_forest,217,TOP
indoor_forest,218,TOP
indoor_forest,219,TOP
indoor_forest,220,TOP
indoor_forest,221,TOP
indoor_forest,222,COVERED
indoor_forest,223,COVERED
indoor_forest,224,COVERED
indoor_forest,225,COVERED
indoor_forest,226,COVERED
indoor_forest,227,COVERED
indoor_forest,228,COVERED
indoor_forest,229,COVERED
indoor_forest,230,COVERED
indoor_forest,231,COVERED
indoor_forest,232,COVERED
indoor_forest,233,COVERED
indoor_forest,234,COVERED
indoor_forest,235,COVERED
indoor_forest,236,COVERED
indoor_forest,237,COVERED
indoor_forest,238,COVERED
indoor_forest,239,COVERED
indoor_forest,240,COVERED
indoor_forest,241,COVERED
indoor_forest,242,COVERED
indoor_forest,243,COVERED
indoor_forest,244,COVERED
indoor_forest,245,COVERED
indoor_forest,246,COVERED
indoor_forest,247,COVERED
indoor_forest,248,COVERED
indoor_forest,249,COVERED
indoor_forest,250,COVERED
indoor_forest,251,COVERED
indoor_forest,252,COVERED
indoor_forest,253,COVERED
indoor_forest,254,COVERED
indoor_forest,255,COVERED
outdoor_eterna,0,NORMAL
outdoor_eterna,1,NORMAL
outdoor_eterna,2,NORMAL
outdoor_eterna,3,NORMAL
outdoor_eterna,4,NORMAL
outdoor_eterna,5,NORMAL
outdoor_eterna,6,NORMAL
outdoor_eterna,7,NORMAL
outdoor_eterna,8,NORMAL
outdoor_eterna,9,NORMAL
outdoor_eterna,10,NORMAL
outdoor_eterna,11,NORMAL
outdoor_eterna,12,NORMAL
outdoor_eterna,13,NORMAL
outdoor_eterna,14,NORMAL
outdoor_eterna,15,NORMAL
outdoor_eterna,16,NORMAL
outdoor_eterna,17,NORMAL
outdoor_eterna,18,NORMAL
outdoor_eterna,19,NORMAL
outdoor_eterna,20,NORMAL
outdoor_eterna,21,NORMAL
outdoor_eterna,22,NORMAL
outdoor_eterna,23,NORMAL
outdoor_eterna,24,NORMAL
outdoor_eterna,25,NORMAL
outdoor_eterna,26,NORMAL
outdoor_eterna,27,NORMAL
outdoor_eterna,28,NORMAL
outdoor_eterna,29,NORMAL
outdoor_eterna,30,NORMAL
outdoor_eterna,31,NORMAL
outdoor_eterna,32,NORMAL
outdoor_eterna,33,NORMAL
outdoor_eterna,34,NORMAL
outdoor_eterna,35,NORMAL
outdoor_eterna,36,NORMAL
outdoor_eterna,37,NORMAL
outdoor_eterna,38,NORMAL
outdoor_eterna,39,NORMAL
outdoor_eterna,40,NORMAL
outdoor_eterna,41,NORMAL
outdoor_eterna,42,NORMAL
outdoor_eterna,43,NORMAL
outdoor_eterna,44,NORMAL
outdoor_eterna,45,NORMAL
outdoor_eterna,46,NORMAL
outdoor_eterna,47,NORMAL
outdoor_eterna,48,NORMAL
outdoor_eterna,49,NORMAL
outdoor_eterna,50,NORMAL
outdoor_eterna,51,NORMAL
outdoor_eterna,52,NORMAL
outdoor_eterna,53,NORMAL
outdoor_eterna,54,NORMAL
outdoor_eterna,55,NORMAL
outdoor_eterna,56,NORMAL
outdoor_eterna,57,NORMAL
outdoor_eterna,58,NORMAL
outdoor_eterna,59,NORMAL
outdoor_eterna,60,NORMAL
outdoor_eterna,61,NORMAL
outdoor_eterna,62,NORMAL
outdoor_eterna,63,NORMAL
outdoor_eterna,64,NORMAL
outdoor_eterna,65,NORMAL
outdoor_eterna,66,NORMAL
outdoor_eterna,67,NORMAL
outdoor_eterna,68,NORMAL
outdoor_eterna,69,NORMAL
outdoor_eterna,70,NORMAL
outdoor_eterna,71,NORMAL
outdoor_eterna,72,NORMAL
outdoor_eterna,73,NORMAL
outdoor_eterna,74,NORMAL
outdoor_eterna,75,NORMAL
outdoor_eterna,76,NORMAL
outdoor_eterna,77,NORMAL
outdoor_eterna,78,NORMAL
outdoor_eterna,79,NORMAL
outdoor_eterna,80,NORMAL
outdoor_eterna,81,NORMAL
outdoor_eterna,82,NORMAL
outdoor_eterna,83,NORMAL
outdoor_eterna,84,NORMAL
outdoor_eterna,85,NORMAL
outdoor_eterna,86,NORMAL
outdoor_eterna,87,NORMAL
outdoor_eterna,88,NORMAL
outdoor_eterna,89,NORMAL
outdoor_eterna,90,NORMAL
outdoor_eterna,91,NORMAL
outdoor_eterna,92,NORMAL
outdoor_eterna,93,NORMAL
outdoor_eterna,94,NORMAL
outdoor_eterna,95,NORMAL
outdoor_eterna,96,NORMAL
outdoor_eterna,97,NORMAL
outdoor_eterna,98,NORMAL
outdoor_eterna,99,NORMAL
outdoor_eterna,100,NORMAL
outdoor_eterna,101,NORMAL
outdoor_eterna,102,NORMAL
outdoor_eterna,103,NORMAL
outdoor_eterna,104,NORMAL
outdoor_eterna,105,NORMAL
outdoor_eterna,106,NORMAL
outdoor_eterna,107,NORMAL
outdoor_eterna,108,NORMAL
outdoor_eterna,109,NORMAL
outdoor_eterna,110,NORMAL
outdoor_eterna,111,NORMAL
outdoor_eterna,112,NORMAL
outdoor_eterna,113,NORMAL
outdoor_eterna,114,NORMAL
outdoor_eterna,115,NORMAL
outdoor_eterna,116,NORMAL
outdoor_eterna,117,NORMAL
outdoor_eterna,118,NORMAL
outdoor_eterna,119,NORMAL
outdoor_eterna,120,NORMAL
outdoor_eterna,121,NORMAL
outdoor_eterna,122,NORMAL
outdoor_eterna,123,NORMAL
outdoor_eterna,124,NORMAL
outdoor_eterna,125,NORMAL
outdoor_eterna,126,NORMAL
outdoor_eterna,127,NORMAL
outdoor_jubilife,0,NORMAL
outdoor_jubilife,1,NORMAL
outdoor_jubilife,2,NORMAL
outdoor_jubilife,3,NORMAL
outdoor_jubilife,4,NORMAL
outdoor_jubilife,5,NORMAL
outdoor_jubilife,6,NORMAL
outdoor_jubilife,7,NORMAL
outdoor_jubilife,8,NORMAL
outdoor_jubilife,9,NORMAL
outdoor_jubilife,10,NORMAL
outdoor_jubilife,11,NORMAL
outdoor_jubilife,12,NORMAL
outdoor_jubilife,13,NORMAL
outdoor_jubilife,14,NORMAL
outdoor_jubilife,15,NORMAL
outdoor_jubilife,16,NORMAL
outdoor_jubilife,17,NORMAL
outdoor_jubilife,18,NORMAL
outdoor_jubilife,19,NORMAL
outdoor_jubilife,20,NORMAL
outdoor_jubilife,21,NORMAL
outdoor_jubilife,22,NORMAL
outdoor_jubilife,23,NORMAL
outdoor_jubilife,24,NORMAL
outdoor_jubilife,25,NORMAL
outdoor_jubilife,26,NORMAL
outdoor_jubilife,27,NORMAL
outdoor_jubilife,28,NORMAL
outdoor_jubilife,29,NORMAL
outdoor_jubilife,30,NORMAL
outdoor_jubilife,31,NORMAL
outdoor_jubilife,32,NORMAL
outdoor_jubilife,33,NORMAL
outdoor_jubilife,34,NORMAL
outdoor_jubilife,35,NORMAL
outdoor_jubilife,36,NORMAL
outdoor_jubilife,37,NORMAL
outdoor_jubilife,38,NORMAL
outdoor_jubilife,39,NORMAL
outdoor_jubilife,40,NORMAL
outdoor_jubilife,41,NORMAL
outdoor_jubilife,42,NORMAL
outdoor_jubilife,43,NORMAL
outdoor_jubilife,44,NORMAL
outdoor_jubilife,45,NORMAL
outdoor_jubilife,46,NORMAL
outdoor_jubilife,47,NORMAL
outdoor_jubilife,48,NORMAL
outdoor_jubilife,49,NORMAL
outdoor_jubilife,50,NORMAL
outdoor_jubilife,51,NORMAL
outdoor_jubilife,52,NORMAL
outdoor_jubilife,53,NORMAL
outdoor_jubilife,54,NORMAL
outdoor_jubilife,55,NORMAL
outdoor_jubilife,56,NORMAL
outdoor_jubilife,57,NORMAL
outdoor_jubilife,58,NORMAL
outdoor_jubilife,59,NORMAL
outdoor_jubilife,60,NORMAL
outdoor_jubilife,61,NORMAL
outdoor_jubilife,62,NORMAL
outdoor_jubilife,63,NORMAL
outdoor_jubilife,64,NORMAL
outdoor_jubilife,65,NORMAL
outdoor_jubilife,66,NORMAL
outdoor_jubilife,67,NORMAL
outdoor_jubilife,68,NORMAL
outdoor_jubilife,69,NORMAL
outdoor_jubilife,70,NORMAL
outdoor_jubilife,71,NORMAL
outdoor_jubilife,72,NORMAL
outdoor_jubilife,73,NORMAL
outdoor_jubilife,74,NORMAL
outdoor_jubilife,75,NORMAL
outdoor_jubilife,76,NORMAL
outdoor_jubilife,77,NORMAL
outdoor_jubilife,78,NORMAL
outdoor_jubilife,79,NORMAL
outdoor_jubilife,80,NORMAL
outdoor_jubilife,81,NORMAL
outdoor_jubilife,82,NORMAL
outdoor_jubilife,83,NORMAL
outdoor_jubilife,84,NORMAL
outdoor_jubilife,85,NORMAL
outdoor_jubilife,86,NORMAL
outdoor_jubilife,87,NORMAL
outdoor_jubilife,88,NORMAL
outdoor_jubilife,89,NORMAL
outdoor_jubilife,90,NORMAL
outdoor_jubilife,91,NORMAL
outdoor_jubilife,92,NORMAL
outdoor_jubilife,93,NORMAL
outdoor_jubilife,94,NORMAL
outdoor_jubilife,95,NORMAL
outdoor_jubilife,96,NORMAL
outdoor_jubilife,97,NORMAL
outdoor_jubilife,98,NORMAL
outdoor_jubilife,99,NORMAL
outdoor_jubilife,100,NORMAL
outdoor_jubilife,101,NORMAL
outdoor_jubilife,102,NORMAL
outdoor_jubilife,103,NORMAL
outdoor_jubilife,104,NORMAL
outdoor_jubilife,105,NORMAL
outdoor_jubilife,106,NORMAL
outdoor_jubilife,107,NORMAL
outdoor_jubilife,108,NORMAL
outdoor_jubilife,109,NORMAL
outdoor_jubilife,110,NORMAL
outdoor_jubilife,111,NORMAL
outdoor_jubilife,112,NORMAL
outdoor_jubilife,113,NORMAL
outdoor_jubilife,114,NORMAL
outdoor_jubilife,115,NORMAL
outdoor_jubilife,116,NORMAL
outdoor_jubilife,117,NORMAL
outdoor_jubilife,118,NORMAL
outdoor_jubilife,119,NORMAL
outdoor_jubilife,120,NORMAL
outdoor_jubilife,121,NORMAL
outdoor_jubilife,122,NORMAL
outdoor_jubilife,123,NORMAL
outdoor_jubilife,124,NORMAL
outdoor_jubilife,125,NORMAL
outdoor_jubilife,126,NORMAL
outdoor_jubilife,127,NORMAL
outdoor_jubilife,128,NORMAL
outdoor_jubilife,129,NORMAL
outdoor_jubilife,130,NORMAL
outdoor_jubilife,131,NORMAL
outdoor_jubilife,132,NORMAL
outdoor_jubilife,133,NORMAL
outdoor_jubilife,134,NORMAL
outdoor_jubilife,135,NORMAL
outdoor_jubilife,136,NORMAL
outdoor_jubilife,137,NORMAL
outdoor_jubilife,138,NORMAL
outdoor_jubilife,139,NORMAL
outdoor_jubilife,140,NORMAL
outdoor_jubilife,141,NORMAL
outdoor_jubilife,142,NORMAL
outdoor_jubilife,143,NORMAL
outdoor_jubilife,144,NORMAL
outdoor_jubilife,145,NORMAL
outdoor_jubilife,146,NORMAL
outdoor_jubilife,147,NORMAL
outdoor_jubilife,148,NORMAL
outdoor_jubilife,149,NORMAL
outdoor_jubilife,150,NORMAL
outdoor_jubilife,151,NORMAL
outdoor_jubilife,152,NORMAL
outdoor_jubilife,153,NORMAL
outdoor_jubilife,154,NORMAL
outdoor_jubilife,155,NORMAL
outdoor_jubilife,156,NORMAL
outdoor_jubilife,157,NORMAL
outdoor_jubilife,158,NORMAL
outdoor_jubilife,159,NORMAL
outdoor_jubilife,160,NORMAL
outdoor_jubilife,161,NORMAL
outdoor_jubilife,162,NORMAL
outdoor_jubilife,163,NORMAL
outdoor_jubilife,164,NORMAL
outdoor_jubilife,165,NORMAL
outdoor_jubilife,166,NORMAL
outdoor_jubilife,167,NORMAL
outdoor_jubilife,168,NORMAL
outdoor_jubilife,169,NORMAL
outdoor_jubilife,170,NORMAL
outdoor_jubilife,171,NORMAL
outdoor_jubilife,172,NORMAL
outdoor_jubilife,173,NORMAL
outdoor_jubilife,174,NORMAL
outdoor_jubilife,175,NORMAL
outdoor_jubilife,176,NORMAL
outdoor_jubilife,177,NORMAL
outdoor_jubilife,178,NORMAL
outdoor_jubilife,179,NORMAL
outdoor_jubilife,180,NORMAL
outdoor_jubilife,181,NORMAL
outdoor_jubilife,182,NORMAL
outdoor_jubilife,183,NORMAL
outdoor_jubilife,184,NORMAL
outdoor_jubilife,185,NORMAL
outdoor_jubilife,186,NORMAL
outdoor_jubilife,187,NORMAL
outdoor_jubilife,188,NORMAL
outdoor_jubilife,189,NORMAL
outdoor_jubilife,190,NORMAL
outdoor_jubilife,191,NORMAL
outdoor_jubilife,192,NORMAL
outdoor_jubilife,193,NORMAL
outdoor_jubilife,194,NORMAL
outdoor_jubilife,195,NORMAL
outdoor_jubilife,196,NORMAL
outdoor_jubilife,197,NORMAL
outdoor_jubilife,198,NORMAL
outdoor_jubilife,199,NORMAL
outdoor_jubilife,200,NORMAL
outdoor_jubilife,201,NORMAL
outdoor_jubilife,202,NORMAL
outdoor_jubilife,203,NORMAL
outdoor_jubilife,204,NORMAL
outdoor_jubilife,205,NORMAL
outdoor_jubilife,206,NORMAL
outdoor_jubilife,207,NORMAL
outdoor_jubilife,208,NORMAL
outdoor_jubilife,209,NORMAL
outdoor_jubilife,210,NORMAL
outdoor_jubilife,211,NORMAL
outdoor_jubilife,212,NORMAL
outdoor_jubilife,213,NORMAL
outdoor_jubilife,214,NORMAL
outdoor_jubilife,215,NORMAL
outdoor_jubilife,216,NORMAL
outdoor_jubilife,217,NORMAL
outdoor_jubilife,218,NORMAL
outdoor_jubilife,219,NORMAL
outdoor_jubilife,220,NORMAL
outdoor_jubilife,221,NORMAL
outdoor_jubilife,222,NORMAL
outdoor_jubilife,223,NORMAL
outdoor_jubilife,224,NORMAL
outdoor_jubilife,225,NORMAL
outdoor_jubilife,226,NORMAL
outdoor_jubilife,227,NORMAL
outdoor_jubilife,228,NORMAL
outdoor_jubilife,229,NORMAL
outdoor_jubilife,230,NORMAL
outdoor_jubilife,231,NORMAL
outdoor_jubilife,232,NORMAL
outdoor_jubilife,233,NORMAL
outdoor_jubilife,234,NORMAL
outdoor_jubilife,235,NORMAL
outdoor_jubilife,236,NORMAL
outdoor_jubilife,237,NORMAL
outdoor_jubilife,238,NORMAL
outdoor_jubilife,239,NORMAL
outdoor_jubilife,240,NORMAL
outdoor_jubilife,241,NORMAL
outdoor_jubilife,242,NORMAL
outdoor_jubilife,243,NORMAL
outdoor_jubilife,244,NORMAL
outdoor_jubilife,245,NORMAL
outdoor_jubilife,246,NORMAL
outdoor_jubilife,247,NORMAL
outdoor_jubilife,248,NORMAL
outdoor_jubilife,249,NORMAL
outdoor_jubilife,250,NORMAL
outdoor_jubilife,251,NORMAL
outdoor_jubilife,252,NORMAL
outdoor_jubilife,253,NORMAL
outdoor_jubilife,254,NORMAL
outdoor_jubilife,255,NORMAL
building,0,NORMAL
building,1,NORMAL
building,2,NORMAL
building,3,NORMAL
building,4,NORMAL
building,5,NORMAL
building,6,NORMAL
building,7,NORMAL
secret_base,0,NORMAL
secret_base,1,NORMAL
cave_coronet,0,NORMAL
cave_coronet,1,NORMAL
cave_coronet,2,NORMAL
cave_coronet,3,NORMAL
cave_coronet,4,NORMAL
cave_coronet,5,NORMAL
cave_coronet,6,NORMAL
cave_coronet,7,NORMAL
cave_coronet,8,NORMAL
cave_coronet,9,NORMAL
cave_coronet,10,NORMAL
cave_coronet,11,NORMAL
cave_coronet,12,NORMAL
cave_coronet,13,NORMAL
cave_coronet,14,NORMAL
cave_coronet,15,NORMAL
cave_coronet,16,NORMAL
cave_coronet,17,NORMAL
cave_coronet,18,NORMAL
cave_coronet,19,NORMAL
cave_coronet,20,NORMAL
cave_coronet,21,NORMAL
cave_coronet,22,NORMAL
cave_coronet,23,NORMAL
cave_coronet,24,NORMAL
cave_coronet,25,NORMAL
cave_coronet,26,NORMAL
cave_coronet,27,NORMAL
cave_coronet,28,NORMAL
cave_coronet,29,NORMAL
cave_coronet,30,NORMAL
cave_coronet,31,NORMAL
cave_coronet,32,NORMAL
cave_coronet,33,NORMAL
cave_coronet,34,NORMAL
cave_coronet,35,NORMAL
cave_coronet,36,NORMAL
cave_coronet,37,NORMAL
cave_coronet,38,NORMAL
cave_coronet,39,NORMAL
cave_coronet,40,NORMAL
cave_coronet,41,NORMAL
cave_coronet,42,NORMAL
cave_coronet,43,NORMAL
cave_coronet,44,NORMAL
cave_coronet,45,NORMAL
cave_coronet,46,NORMAL
cave_coronet,47,NORMAL
cave_coronet,48,NORMAL
cave_coronet,49,NORMAL
cave_coronet,50,NORMAL
cave_coronet,51,NORMAL
cave_coronet,52,NORMAL
cave_coronet,53,NORMAL
cave_coronet,54,NORMAL
cave_coronet,55,NORMAL
cave_coronet,56,NORMAL
cave_coronet,57,NORMAL
cave_coronet,58,NORMAL
cave_coronet,59,NORMAL
cave_coronet,60,NORMAL
cave_coronet,61,NORMAL
cave_coronet,62,NORMAL
cave_coronet,63,NORMAL
cave_coronet,64,NORMAL
cave_coronet,65,NORMAL
cave_coronet,66,NORMAL
cave_coronet,67,NORMAL
cave_coronet,68,NORMAL
cave_coronet,69,NORMAL
cave_coronet,70,NORMAL
cave_coronet,71,NORMAL
cave_coronet,72,NORMAL
cave_coronet,73,NORMAL
cave_coronet,74,NORMAL
cave_coronet,75,NORMAL
cave_coronet,76,NORMAL
cave_coronet,77,NORMAL
cave_coronet,78,NORMAL
cave_coronet,79,NORMAL
cave_coronet,80,NORMAL
cave_coronet,81,NORMAL
cave_coronet,82,NORMAL
cave_coronet,83,NORMAL
cave_coronet,84,NORMAL
cave_coronet,85,NORMAL
cave_coronet,86,NORMAL
cave_coronet,87,NORMAL
cave_coronet,88,NORMAL
cave_coronet,89,NORMAL
cave_coronet,90,NORMAL
cave_coronet,91,NORMAL
cave_coronet,92,NORMAL
cave_coronet,93,NORMAL
cave_coronet,94,NORMAL
cave_coronet,95,NORMAL
cave_coronet,96,NORMAL
cave_coronet,97,NORMAL
cave_coronet,98,NORMAL
cave_coronet,99,NORMAL
cave_coronet,100,NORMAL
cave_coronet,101,NORMAL
cave_coronet,102,NORMAL
cave_coronet,103,NORMAL
cave_coronet,104,NORMAL
cave_coronet,105,NORMAL
cave_coronet,106,NORMAL
cave_coronet,107,NORMAL
cave_coronet,108,NORMAL
cave_coronet,109,NORMAL
cave_coronet,110,NORMAL
cave_coronet,111,NORMAL
cave_coronet,112,NORMAL
cave_coronet,113,NORMAL
cave_coronet,114,NORMAL
cave_coronet,115,NORMAL
cave_coronet,116,NORMAL
cave_coronet,117,NORMAL
cave_coronet,118,NORMAL
cave_coronet,119,NORMAL
cave_coronet,120,NORMAL
cave_coronet,121,NORMAL
cave_coronet,122,NORMAL
cave_coronet,123,NORMAL
cave_coronet,124,NORMAL
cave_coronet,125,NORMAL
cave_coronet,126,NORMAL
cave_coronet,127,NORMAL
cave_oreburgh,0,NORMAL
cave_oreburgh,1,NORMAL
cave_oreburgh,2,NORMAL
cave_oreburgh,3,NORMAL
cave_oreburgh,4,NORMAL
cave_oreburgh,5,NORMAL
cave_oreburgh,6,NORMAL
cave_oreburgh,7,NORMAL
cave_oreburgh,8,NORMAL
cave_oreburgh,9,NORMAL
cave_oreburgh,10,NORMAL
cave_oreburgh,11,NORMAL
cave_oreburgh,12,NORMAL
cave_oreburgh,13,NORMAL
cave_oreburgh,14,NORMAL
cave_oreburgh,15,NORMAL
cave_oreburgh,16,NORMAL
cave_oreburgh,17,NORMAL
cave_oreburgh,18,NORMAL
cave_oreburgh,19,NORMAL
cave_oreburgh,20,NORMAL
cave_oreburgh,21,NORMAL
cave_oreburgh,22,NORMAL
cave_oreburgh,23,NORMAL
cave_oreburgh,24,NORMAL
cave_oreburgh,25,NORMAL
cave_oreburgh,26,NORMAL
cave_oreburgh,27,NORMAL
cave_oreburgh,28,NORMAL
cave_oreburgh,29,NORMAL
cave_oreburgh,30,NORMAL
cave_oreburgh,31,NORMAL
cave_oreburgh,32,NORMAL
cave_oreburgh,33,NORMAL
cave_oreburgh,34,NORMAL
cave_oreburgh,35,NORMAL
cave_oreburgh,36,NORMAL
cave_oreburgh,37,NORMAL
cave_oreburgh,38,NORMAL
cave_oreburgh,39,NORMAL
cave_oreburgh,40,NORMAL
cave_oreburgh,41,NORMAL
cave_oreburgh,42,NORMAL
cave_oreburgh,43,NORMAL
cave_oreburgh,44,NORMAL
cave_oreburgh,45,NORMAL
cave_oreburgh,46,NORMAL
cave_oreburgh,47,NORMAL
cave_oreburgh,48,NORMAL
cave_oreburgh,49,NORMAL
cave_oreburgh,50,NORMAL
cave_oreburgh,51,NORMAL
cave_oreburgh,52,NORMAL
cave_oreburgh,53,NORMAL
cave_oreburgh,54,NORMAL
cave_oreburgh,55,NORMAL
cave_oreburgh,56,NORMAL
cave_oreburgh,57,NORMAL
cave_oreburgh,58,NORMAL
cave_oreburgh,59,NORMAL
cave_oreburgh,60,NORMAL
cave_oreburgh,61,NORMAL
cave_oreburgh,62,NORMAL
cave_oreburgh,63,NORMAL
cave_oreburgh,64,NORMAL
cave_oreburgh,65,NORMAL
cave_oreburgh,66,NORMAL
cave_oreburgh,67,NORMAL
cave_oreburgh,68,NORMAL
cave_oreburgh,69,NORMAL
cave_oreburgh,70,NORMAL
cave_oreburgh,71,NORMAL
cave_oreburgh,72,NORMAL
cave_oreburgh,73,NORMAL
cave_oreburgh,74,NORMAL
cave_oreburgh,75,NORMAL
cave_oreburgh,76,NORMAL
cave_oreburgh,77,NORMAL
cave_oreburgh,78,NORMAL
cave_oreburgh,79,NORMAL
cave_oreburgh,80,NORMAL
cave_oreburgh,81,NORMAL
cave_oreburgh,82,NORMAL
cave_oreburgh,83,NORMAL
cave_oreburgh,84,NORMAL
cave_oreburgh,85,NORMAL
cave_oreburgh,86,NORMAL
cave_oreburgh,87,NORMAL
cave_oreburgh,88,NORMAL
cave_oreburgh,89,NORMAL
cave_oreburgh,90,NORMAL
cave_oreburgh,91,NORMAL
cave_oreburgh,92,NORMAL
cave_oreburgh,93,NORMAL
cave_oreburgh,94,NORMAL
cave_oreburgh,95,NORMAL
cave_oreburgh,96,NORMAL
cave_oreburgh,97,NORMAL
cave_oreburgh,98,NORMAL
cave_oreburgh,99,NORMAL
cave_oreburgh,100,NORMAL
cave_oreburgh,101,NORMAL
cave_oreburgh,102,NORMAL
cave_oreburgh,103,NORMAL
cave_oreburgh,104,NORMAL
cave_oreburgh,105,NORMAL
cave_oreburgh,106,NORMAL
cave_oreburgh,107,NORMAL
cave_oreburgh,108,NORMAL
cave_oreburgh,109,NORMAL
cave_oreburgh,110,NORMAL
cave_oreburgh,111,NORMAL
cave_oreburgh,112,NORMAL
cave_oreburgh,113,NORMAL
cave_oreburgh,114,NORMAL
cave_oreburgh,115,NORMAL
cave_oreburgh,116,NORMAL
cave_oreburgh,117,NORMAL
cave_oreburgh,118,NORMAL
cave_oreburgh,119,NORMAL
cave_oreburgh,120,NORMAL
cave_oreburgh,121,NORMAL
cave_oreburgh,122,NORMAL
cave_oreburgh,123,NORMAL
cave_oreburgh,124,NORMAL
cave_oreburgh,125,NORMAL
cave_oreburgh,126,NORMAL
cave_oreburgh,127,NORMAL
cave_oreburgh,128,NORMAL
cave_oreburgh,129,NORMAL
cave_oreburgh,130,NORMAL
cave_oreburgh,131,NORMAL
cave_oreburgh,132,NORMAL
cave_oreburgh,133,NORMAL
cave_oreburgh,134,NORMAL
cave_oreburgh,135,NORMAL
cave_oreburgh,136,NORMAL
cave_oreburgh,137,NORMAL
cave_oreburgh,138,NORMAL
cave_oreburgh,139,NORMAL
cave_oreburgh,140,NORMAL
cave_oreburgh,141,NORMAL
cave_oreburgh,142,NORMAL
cave_oreburgh,143,NORMAL
cave_oreburgh,144,NORMAL
cave_oreburgh,145,NORMAL
cave_oreburgh,146,NORMAL
cave_oreburgh,147,NORMAL
cave_oreburgh,148,NORMAL
cave_oreburgh,149,NORMAL
cave_oreburgh,150,NORMAL
cave_oreburgh,151,NORMAL
cave_oreburgh,152,NORMAL
cave_oreburgh,153,NORMAL
cave_oreburgh,154,NORMAL
cave_oreburgh,155,NORMAL
cave_oreburgh,156,NORMAL
cave_oreburgh,157,NORMAL
cave_oreburgh,158,NORMAL
cave_oreburgh,159,NORMAL
cave_oreburgh,160,NORMAL
cave_oreburgh,161,NORMAL
cave_oreburgh,162,NORMAL
cave_oreburgh,163,NORMAL
cave_oreburgh,164,NORMAL
cave_oreburgh,165,NORMAL
cave_oreburgh,166,NORMAL
cave_oreburgh,167,NORMAL
cave_oreburgh,168,NORMAL
cave_oreburgh,169,NORMAL
cave_oreburgh,170,NORMAL
cave_oreburgh,171,NORMAL
cave_oreburgh,172,NORMAL
cave_oreburgh,173,NORMAL
cave_oreburgh,174,NORMAL
cave_oreburgh,175,NORMAL
cave_oreburgh,176,NORMAL
cave_oreburgh,177,NORMAL
cave_oreburgh,178,NORMAL
cave_oreburgh,179,NORMAL
cave_oreburgh,180,NORMAL
cave_oreburgh,181,NORMAL
cave_oreburgh,182,NORMAL
cave_oreburgh,183,NORMAL
cave_oreburgh,184,NORMAL
cave_oreburgh,185,NORMAL
cave_oreburgh,186,NORMAL
cave_oreburgh,187,NORMAL
cave_oreburgh,188,NORMAL
cave_oreburgh,189,NORMAL
cave_oreburgh,190,NORMAL
cave_oreburgh,191,NORMAL
cave_oreburgh,192,NORMAL
cave_oreburgh,193,NORMAL
cave_oreburgh,194,NORMAL
cave_oreburgh,195,NORMAL
cave_oreburgh,196,NORMAL
cave_oreburgh,197,NORMAL
cave_oreburgh,198,NORMAL
cave_oreburgh,199,NORMAL
cave_oreburgh,200,NORMAL
cave_oreburgh,201,NORMAL
cave_oreburgh,202,NORMAL
cave_oreburgh,203,NORMAL
cave_oreburgh,204,NORMAL
cave_oreburgh,205,NORMAL
cave_oreburgh,206,NORMAL
cave_oreburgh,207,NORMAL
cave_oreburgh,208,NORMAL
cave_oreburgh,209,NORMAL
cave_oreburgh,210,NORMAL
cave_oreburgh,211,NORMAL
cave_oreburgh,212,NORMAL
cave_oreburgh,213,NORMAL
cave_oreburgh,214,NORMAL
cave_oreburgh,215,NORMAL
cave_oreburgh,216,NORMAL
cave_oreburgh,217,NORMAL
cave_oreburgh,218,NORMAL
cave_oreburgh,219,NORMAL
cave_oreburgh,220,NORMAL
cave_oreburgh,221,NORMAL
cave_oreburgh,222,NORMAL
cave_oreburgh,223,NORMAL
cave_oreburgh,224,NORMAL
cave_oreburgh,225,NORMAL
cave_oreburgh,226,NORMAL
cave_oreburgh,227,NORMAL
cave_oreburgh,228,NORMAL
cave_oreburgh,229,NORMAL
cave_oreburgh,230,NORMAL
cave_oreburgh,231,NORMAL
cave_oreburgh,232,NORMAL
cave_oreburgh,233,NORMAL
cave_oreburgh,234,NORMAL
cave_oreburgh,235,NORMAL
cave_oreburgh,236,NORMAL
cave_oreburgh,237,NORMAL
cave_oreburgh,238,NORMAL
cave_oreburgh,239,NORMAL
cave_oreburgh,240,NORMAL
cave_oreburgh,241,NORMAL
cave_oreburgh,242,NORMAL
cave_oreburgh,243,NORMAL
cave_oreburgh,244,NORMAL
cave_oreburgh,245,NORMAL
cave_oreburgh,246,NORMAL
cave_oreburgh,247,NORMAL
cave_oreburgh,248,NORMAL
cave_oreburgh,249,NORMAL
cave_oreburgh,250,NORMAL
cave_oreburgh,251,NORMAL
cave_oreburgh,252,NORMAL
cave_oreburgh,253,NORMAL
cave_oreburgh,254,NORMAL
cave_oreburgh,255,NORMAL
fortree_gym,0,NORMAL
fortree_gym,1,NORMAL
fortree_gym,2,NORMAL
fortree_gym,3,NORMAL
fortree_gym,4,NORMAL
fortree_gym,5,NORMAL
fortree_gym,6,NORMAL
fortree_gym,7,NORMAL
fortree_gym,8,NORMAL
fortree_gym,9,NORMAL
fortree_gym,10,NORMAL
fortree_gym,11,NORMAL
fortree_gym,12,NORMAL
fortree_gym,13,NORMAL
fortree_gym,14,NORMAL
fortree_gym,15,NORMAL
fortree_gym,16,NORMAL
fortree_gym,17,NORMAL
fortree_gym,18,NORMAL
fortree_gym,19,NORMAL
fortree_gym,20,NORMAL
fortree_gym,21,NORMAL
fortree_gym,22,NORMAL
fortree_gym,23,NORMAL
fortree_gym,24,NORMAL
fortree_gym,25,NORMAL
fortree_gym,26,NORMAL
fortree_gym,27,NORMAL
fortree_gym,28,NORMAL
fortree_gym,29,NORMAL
fortree_gym,30,NORMAL
fortree_gym,31,NORMAL
fortree_gym,32,NORMAL
fortree_gym,33,NORMAL
fortree_gym,34,NORMAL
fortree_gym,35,NORMAL
fortree_gym,36,NORMAL
fortree_gym,37,NORMAL
fortree_gym,38,NORMAL
fortree_gym,39,NORMAL
fortree_gym,40,NORMAL
fortree_gym,41,NORMAL
fortree_gym,42,NORMAL
fortree_gym,43,NORMAL
fortree_gym,44,NORMAL
fortree_gym,45,NORMAL
fortree_gym,46,NORMAL
fortree_gym,47,NORMAL
fortree_gym,48,NORMAL
fortree_gym,49,NORMAL
fortree_gym,50,NORMAL
fortree_gym,51,NORMAL
fortree_gym,52,NORMAL
fortree_gym,53,NORMAL
fortree_gym,54,NORMAL
fortree_gym,55,NORMAL
fortree_gym,56,NORMAL
fortree_gym,57,NORMAL
fortree_gym,58,NORMAL
fortree_gym,59,NORMAL
fortree_gym,60,NORMAL
fortree_gym,61,NORMAL
fortree_gym,62,NORMAL
fortree_gym,63,NORMAL
fortree_gym,64,NORMAL
fortree_gym,65,NORMAL
fortree_gym,66,NORMAL
fortree_gym,67,NORMAL
fortree_gym,68,NORMAL
fortree_gym,69,NORMAL
fortree_gym,70,NORMAL
fortree_gym,71,NORMAL
fortree_gym,72,NORMAL
fortree_gym,73,NORMAL
fortree_gym,74,NORMAL
fortree_gym,75,NORMAL
fortree_gym,76,NORMAL
fortree_gym,77,NORMAL
fortree_gym,78,NORMAL
fortree_gym,79,NORMAL
generic_building,0,NORMAL
generic_building,1,NORMAL
generic_building,2,NORMAL
generic_building,3,NORMAL
generic_building,4,NORMAL
generic_building,5,NORMAL
generic_building,6,NORMAL
generic_building,7,NORMAL
generic_building,8,NORMAL
generic_building,9,NORMAL
generic_building,10,NORMAL
generic_building,11,NORMAL
generic_building,12,NORMAL
generic_building,13,NORMAL
generic_building,14,NORMAL
generic_building,15,NORMAL
generic_building,16,NORMAL
generic_building,17,NORMAL
generic_building,18,NORMAL
generic_building,19,NORMAL
generic_building,20,NORMAL
generic_building,21,NORMAL
generic_building,22,NORMAL
generic_building,23,NORMAL
generic_building,24,NORMAL
generic_building,25,NORMAL
generic_building,26,NORMAL
generic_building,27,NORMAL
generic_building,28,NORMAL
generic_building,29,NORMAL
generic_building,30,NORMAL
generic_building,31,NORMAL
generic_building,32,NORMAL
generic_building,33,NORMAL
generic_building,34,NORMAL
generic_building,35,NORMAL
generic_building,36,NORMAL
generic_building,37,NORMAL
generic_building,38,NORMAL
generic_building,39,NORMAL
generic_building,40,NORMAL
generic_building,41,NORMAL
generic_building,42,NORMAL
generic_building,43,NORMAL
generic_building,44,NORMAL
generic_building,45,NORMAL
generic_building,46,NORMAL
generic_building,47,NORMAL
generic_building,48,NORMAL
generic_building,49,NORMAL
generic_building,50,NORMAL
generic_building,51,NORMAL
generic_building,52,NORMAL
generic_building,53,NORMAL
generic_building,54,NORMAL
generic_building,55,NORMAL
generic_building,56,NORMAL
generic_building,57,NORMAL
generic_building,58,NORMAL
generic_building,59,NORMAL
generic_building,60,NORMAL
generic_building,61,NORMAL
generic_building,62,NORMAL
generic_building,63,NORMAL
generic_building,64,NORMAL
generic_building,65,NORMAL
generic_building,66,NORMAL
generic_building,67,NORMAL
generic_building,68,NORMAL
generic_building,69,NORMAL
generic_building,70,NORMAL
generic_building,71,NORMAL
generic_building,72,NORMAL
generic_building,73,NORMAL
generic_building,74,NORMAL
generic_building,75,NORMAL
generic_building,76,NORMAL
generic_building,77,NORMAL
generic_building,78,NORMAL
generic_building,79,NORMAL
generic_building,80,NORMAL
generic_building,81,NORMAL
generic_building,82,NORMAL
generic_building,83,NORMAL
generic_building,84,NORMAL
generic_building,85,NORMAL
generic_building,86,NORMAL
generic_building,87,NORMAL
generic_building,88,NORMAL
generic_building,89,NORMAL
generic_building,90,NORMAL
generic_building,91,NORMAL
generic_building,92,NORMAL
generic_building,93,NORMAL
generic_building,94,NORMAL
generic_building,95,NORMAL
generic_building,96,NORMAL
generic_building,97,NORMAL
generic_building,98,NORMAL
generic_building,99,NORMAL
generic_building,100,NORMAL
generic_building,101,NORMAL
generic_building,102,NORMAL
generic_building,103,NORMAL
generic_building,104,NORMAL
generic_building,105,NORMAL
generic_building,106,NORMAL
generic_building,107,NORMAL
generic_building,108,NORMAL
generic_building,109,NORMAL
generic_building,110,NORMAL
generic_building,111,NORMAL
generic_building,112,NORMAL
generic_building,113,NORMAL
generic_building,114,NORMAL
generic_building,115,NORMAL
generic_building,116,NORMAL
generic_building,117,NORMAL
generic_building,118,NORMAL
generic_building,119,NORMAL
generic_building,120,NORMAL
generic_building,121,NORMAL
generic_building,122,NORMAL
generic_building,123,NORMAL
generic_building,124,NORMAL
generic_building,125,NORMAL
generic_building,126,NORMAL
generic_building,127,NORMAL
generic_building,128,NORMAL
generic_building,129,NORMAL
generic_building,130,NORMAL
generic_building,131,NORMAL
generic_building,132,NORMAL
generic_building,133,NORMAL
generic_building,134,NORMAL
generic_building,135,NORMAL
generic_building,136,NORMAL
generic_building,137,NORMAL
generic_building,138,NORMAL
generic_building,139,NORMAL
generic_building,140,NORMAL
generic_building,141,NORMAL
generic_building,142,NORMAL
generic_building,143,NORMAL
generic_building,144,NORMAL
generic_building,145,NORMAL
generic_building,146,NORMAL
generic_building,147,NORMAL
generic_building,148,NORMAL
generic_building,149,NORMAL
generic_building,150,NORMAL
generic_building,151,NORMAL
generic_building,152,NORMAL
generic_building,153,NORMAL
generic_building,154,NORMAL
generic_building,155,NORMAL
generic_building,156,NORMAL
generic_building,157,NORMAL
generic_building,158,NORMAL
generic_building,159,NORMAL
generic_building,160,NORMAL
generic_building,161,NORMAL
generic_building,162,NORMAL
generic_building,163,NORMAL
generic_building,164,NORMAL
generic_building,165,NORMAL
generic_building,166,NORMAL
generic_building,167,NORMAL
generic_building,168,NORMAL
generic_building,169,NORMAL
generic_building,170,NORMAL
generic_building,171,NORMAL
generic_building,172,NORMAL
generic_building,173,NORMAL
generic_building,174,NORMAL
generic_building,175,NORMAL
generic_building,176,NORMAL
generic_building,177,NORMAL
generic_building,178,NORMAL
generic_building,179,NORMAL
generic_building,180,NORMAL
generic_building,181,NORMAL
generic_building,182,NORMAL
generic_building,183,NORMAL
generic_building,184,NORMAL
generic_building,185,NORMAL
generic_building,186,NORMAL
generic_building,187,NORMAL
generic_building,188,NORMAL
generic_building,189,NORMAL
generic_building,190,NORMAL
generic_building,191,NORMAL
generic_building,192,NORMAL
generic_building,193,NORMAL
generic_building,194,NORMAL
generic_building,195,NORMAL
generic_building,196,NORMAL
generic_building,197,NORMAL
generic_building,198,NORMAL
generic_building,199,NORMAL
generic_building,200,NORMAL
generic_building,201,NORMAL
generic_building,202,NORMAL
generic_building,203,NORMAL
generic_building,204,NORMAL
generic_building,205,NORMAL
generic_building,206,NORMAL
generic_building,207,NORMAL
generic_building,208,NORMAL
generic_building,209,NORMAL
generic_building,210,NORMAL
generic_building,211,NORMAL
generic_building,212,NORMAL
generic_building,213,NORMAL
generic_building,214,NORMAL
generic_building,215,NORMAL
generic_building,216,NORMAL
generic_building,217,NORMAL
generic_building,218,NORMAL
generic_building,219,NORMAL
generic_building,220,NORMAL
generic_building,221,NORMAL
generic_building,222,NORMAL
generic_building,223,NORMAL
generic_building,224,NORMAL
generic_building,225,NORMAL
generic_building,226,NORMAL
generic_building,227,NORMAL
generic_building,228,NORMAL
generic_building,229,NORMAL
generic_building,230,NORMAL
generic_building,231,NORMAL
generic_building,232,NORMAL
generic_building,233,NORMAL
generic_building,234,NORMAL
generic_building,235,NORMAL
generic_building,236,NORMAL
generic_building,237,NORMAL
generic_building,238,NORMAL
generic_building,239,NORMAL
generic_building,240,NORMAL
generic_building,241,NORMAL
generic_building,242,NORMAL
generic_building,243,NORMAL
generic_building,244,NORMAL
generic_building,245,NORMAL
generic_building,246,NORMAL
generic_building,247,NORMAL
generic_building,248,NORMAL
generic_building,249,NORMAL
generic_building,250,NORMAL
generic_building,251,NORMAL
generic_building,252,NORMAL
generic_building,253,NORMAL
generic_building,254,NORMAL
generic_building,255,NORMAL
generic_building,256,NORMAL
generic_building,257,NORMAL
generic_building,258,NORMAL
generic_building,259,NORMAL
generic_building,260,NORMAL
generic_building,261,NORMAL
generic_building,262,NORMAL
generic_building,263,NORMAL
generic_building,264,NORMAL
generic_building,265,NORMAL
generic_building,266,NORMAL
generic_building,267,NORMAL
generic_building,268,NORMAL
generic_building,269,NORMAL
generic_building,270,NORMAL
generic_building,271,NORMAL
generic_building,272,NORMAL
generic_building,273,NORMAL
generic_building,274,NORMAL
generic_building,275,NORMAL
generic_building,276,NORMAL
generic_building,277,NORMAL
generic_building,278,NORMAL
generic_building,279,NORMAL
generic_building,280,NORMAL
generic_building,281,NORMAL
generic_building,282,NORMAL
generic_building,283,NORMAL
generic_building,284,NORMAL
generic_building,285,NORMAL
generic_building,286,NORMAL
generic_building,287,NORMAL
generic_building,288,NORMAL
generic_building,289,NORMAL
generic_building,290,NORMAL
generic_building,291,NORMAL
generic_building,292,NORMAL
generic_building,293,NORMAL
generic_building,294,NORMAL
generic_building,295,NORMAL
generic_building,296,NORMAL
generic_building,297,NORMAL
generic_building,298,NORMAL
generic_building,299,NORMAL
generic_building,300,NORMAL
generic_building,301,NORMAL
generic_building,302,NORMAL
generic_building,303,NORMAL
generic_building,304,NORMAL
generic_building,305,NORMAL
generic_building,306,NORMAL
generic_building,307,NORMAL
generic_building,308,NORMAL
generic_building,309,NORMAL
generic_building,310,NORMAL
generic_building,311,NORMAL
generic_building,312,NORMAL
generic_building,313,NORMAL
generic_building,314,NORMAL
generic_building,315,NORMAL
generic_building,316,NORMAL
generic_building,317,NORMAL
generic_building,318,NORMAL
generic_building,319,NORMAL
generic_building,320,NORMAL
generic_building,321,NORMAL
generic_building,322,NORMAL
generic_building,323,NORMAL
generic_building,324,NORMAL
generic_building,325,NORMAL
generic_building,326,NORMAL
generic_building,327,NORMAL
generic_building,328,NORMAL
generic_building,329,NORMAL
generic_building,330,NORMAL
generic_building,331,NORMAL
generic_building,332,NORMAL
generic_building,333,NORMAL
generic_building,334,NORMAL
generic_building,335,NORMAL
generic_building,336,NORMAL
generic_building,337,NORMAL
generic_building,338,NORMAL
generic_building,339,NORMAL
generic_building,340,NORMAL
generic_building,341,NORMAL
generic_building,342,NORMAL
generic_building,343,NORMAL
generic_building,344,NORMAL
generic_building,345,NORMAL
generic_building,346,NORMAL
generic_building,347,NORMAL
generic_building,348,NORMAL
generic_building,349,NORMAL
generic_building,350,NORMAL
generic_building,351,NORMAL
generic_building,352,NORMAL
generic_building,353,NORMAL
generic_building,354,NORMAL
generic_building,355,NORMAL
generic_building,356,NORMAL
generic_building,357,NORMAL
generic_building,358,NORMAL
generic_building,359,NORMAL
generic_building,360,NORMAL
generic_building,361,NORMAL
generic_building,362,NORMAL
generic_building,363,NORMAL
generic_building,364,NORMAL
generic_building,365,NORMAL
generic_building,366,NORMAL
generic_building,367,NORMAL
generic_building,368,NORMAL
generic_building,369,NORMAL
generic_building,370,NORMAL
generic_building,371,NORMAL
generic_building,372,NORMAL
generic_building,373,NORMAL
generic_building,374,NORMAL
generic_building,375,NORMAL
generic_building,376,NORMAL
generic_building,377,NORMAL
generic_building,378,NORMAL
generic_building,379,NORMAL
generic_building,380,NORMAL
generic_building,381,NORMAL
generic_building,382,NORMAL
generic_building,383,NORMAL
generic_building,384,NORMAL
generic_building,385,NORMAL
generic_building,386,NORMAL
generic_building,387,NORMAL
generic_building,388,NORMAL
generic_building,389,NORMAL
generic_building,390,NORMAL
generic_building,391,NORMAL
generic_building,392,NORMAL
generic_building,393,NORMAL
generic_building,394,NORMAL
generic_building,395,NORMAL
generic_building,396,NORMAL
generic_building,397,NORMAL
generic_building,398,NORMAL
generic_building,399,NORMAL
generic_building,400,NORMAL
generic_building,401,NORMAL
generic_building,402,NORMAL
generic_building,403,NORMAL
generic_building,404,NORMAL
generic_building,405,NORMAL
generic_building,406,NORMAL
generic_building,407,NORMAL
generic_building,408,NORMAL
generic_building,409,NORMAL
generic_building,410,NORMAL
generic_building,411,NORMAL
generic_building,412,NORMAL
generic_building,413,NORMAL
generic_building,414,NORMAL
generic_building,415,NORMAL
generic_building,416,NORMAL
generic_building,417,NORMAL
generic_building,418,NORMAL
generic_building,419,NORMAL
generic_building,420,NORMAL
generic_building,421,NORMAL
generic_building,422,NORMAL
generic_building,423,NORMAL
generic_building,424,NORMAL
generic_building,425,NORMAL
generic_building,426,NORMAL
generic_building,427,NORMAL
generic_building,428,NORMAL
generic_building,429,NORMAL
generic_building,430,NORMAL
generic_building,431,NORMAL
generic_building,432,NORMAL
generic_building,433,NORMAL
generic_building,434,NORMAL
generic_building,435,NORMAL
generic_building,436,NORMAL
generic_building,437,NORMAL
generic_building,438,NORMAL
generic_building,439,NORMAL
generic_building,440,NORMAL
generic_building,441,NORMAL
generic_building,442,NORMAL
generic_building,443,NORMAL
generic_building,444,NORMAL
generic_building,445,NORMAL
generic_building,446,NORMAL
generic_building,447,NORMAL
generic_building,448,NORMAL
generic_building,449,NORMAL
generic_building,450,NORMAL
generic_building,451,NORMAL
generic_building,452,NORMAL
generic_building,453,NORMAL
generic_building,454,NORMAL
generic_building,455,NORMAL
generic_building,456,NORMAL
generic_building,457,NORMAL
generic_building,458,NORMAL
generic_building,459,NORMAL
generic_building,460,NORMAL
generic_building,461,NORMAL
generic_building,462,NORMAL
generic_building,463,NORMAL
generic_building,464,NORMAL
generic_building,465,NORMAL
generic_building,466,NORMAL
generic_building,467,NORMAL
generic_building,468,NORMAL
generic_building,469,NORMAL
generic_building,470,NORMAL
generic_building,471,NORMAL
generic_building,472,NORMAL
generic_building,473,NORMAL
generic_building,474,NORMAL
generic_building,475,NORMAL
generic_building,476,NORMAL
generic_building,477,NORMAL
generic_building,478,NORMAL
generic_building,479,NORMAL
generic_building,480,NORMAL
generic_building,481,NORMAL
generic_building,482,NORMAL
generic_building,483,NORMAL
generic_building,484,NORMAL
generic_building,485,NORMAL
generic_building,486,NORMAL
generic_building,487,NORMAL
generic_building,488,NORMAL
generic_building,489,NORMAL
generic_building,490,NORMAL
generic_building,491,NORMAL
generic_building,492,NORMAL
generic_building,493,NORMAL
generic_building,494,NORMAL
generic_building,495,NORMAL
generic_building,496,NORMAL
generic_building,497,NORMAL
generic_building,498,NORMAL
generic_building,499,NORMAL
generic_building,500,NORMAL
generic_building,501,NORMAL
generic_building,502,NORMAL
generic_building,503,NORMAL
generic_building,504,NORMAL
generic_building,505,NORMAL
generic_building,506,NORMAL
generic_building,507,NORMAL
generic_building,508,NORMAL
generic_building,509,NORMAL
generic_building,510,NORMAL
generic_building,511,NORMAL
common_mart,0,NORMAL
common_mart,1,NORMAL
common_mart,2,NORMAL
common_mart,3,NORMAL
common_mart,4,NORMAL
common_mart,5,NORMAL
common_mart,6,NORMAL
common_mart,7,NORMAL
common_mart,8,NORMAL
common_mart,9,NORMAL
common_mart,10,NORMAL
common_mart,11,NORMAL
common_mart,12,NORMAL
common_mart,13,NORMAL
common_mart,14,NORMAL
common_mart,15,NORMAL
common_mart,16,NORMAL
common_mart,17,NORMAL
common_mart,18,NORMAL
common_mart,19,NORMAL
common_mart,20,NORMAL
common_mart,21,NORMAL
common_mart,22,NORMAL
common_mart,23,NORMAL
common_mart,24,NORMAL
common_mart,25,NORMAL
common_mart,26,NORMAL
common_mart,27,NORMAL
common_mart,28,NORMAL
common_mart,29,NORMAL
common_mart,30,NORMAL
common_mart,31,NORMAL
common_mart,32,NORMAL
common_mart,33,NORMAL
common_mart,34,NORMAL
common_mart,35,NORMAL
common_mart,36,NORMAL
common_mart,37,NORMAL
common_mart,38,NORMAL
common_mart,39,NORMAL
common_mart,40,NORMAL
common_mart,41,NORMAL
common_mart,42,NORMAL
common_mart,43,NORMAL
common_mart,44,NORMAL
common_mart,45,NORMAL
common_mart,46,NORMAL
common_mart,47,NORMAL
common_mart,48,NORMAL
common_mart,49,NORMAL
common_mart,50,NORMAL
common_mart,51,NORMAL
common_mart,52,NORMAL
common_mart,53,NORMAL
common_mart,54,NORMAL
common_mart,55,NORMAL
common_mart,56,NORMAL
common_mart,57,NORMAL
common_mart,58,NORMAL
common_mart,59,NORMAL
common_mart,60,NORMAL
common_mart,61,NORMAL
common_mart,62,NORMAL
common_mart,63,NORMAL
common_mart,64,NORMAL
common_mart,65,NORMAL
common_mart,66,NORMAL
common_mart,67,NORMAL
common_mart,68,NORMAL
common_mart,69,NORMAL
common_mart,70,NORMAL
common_mart,71,NORMAL
common_mart,72,NORMAL
common_mart,73,NORMAL
common_mart,74,NORMAL
common_mart,75,NORMAL
common_mart,76,NORMAL
common_mart,77,NORMAL
common_mart,78,NORMAL
common_mart,79,NORMAL
common_mart,80,NORMAL
common_mart,81,NORMAL
common_mart,82,NORMAL
common_mart,83,NORMAL
common_mart,84,NORMAL
common_mart,85,NORMAL
common_mart,86,NORMAL
common_mart,87,NORMAL
common_mart,88,NORMAL
common_mart,89,NORMAL
common_mart,90,NORMAL
common_mart,91,NORMAL
common_mart,92,NORMAL
common_mart,93,NORMAL
common_mart,94,NORMAL
common_mart,95,NORMAL
common_mart,96,NORMAL
common_mart,97,NORMAL
common_mart,98,NORMAL
common_mart,99,NORMAL
common_mart,100,NORMAL
common_mart,101,NORMAL
common_mart,102,NORMAL
common_mart,103,NORMAL
common_mart,104,NORMAL
common_mart,105,NORMAL
common_mart,106,NORMAL
common_mart,107,NORMAL
common_mart,108,NORMAL
common_mart,109,NORMAL
common_mart,110,NORMAL
common_mart,111,NORMAL
common_mart,112,NORMAL
common_mart,113,NORMAL
common_mart,114,NORMAL
common_mart,115,NORMAL
common_mart,116,NORMAL
common_mart,117,NORMAL
common_mart,118,NORMAL
common_mart,119,NORMAL
common_mart,120,NORMAL
common_mart,121,NORMAL
common_mart,122,NORMAL
common_mart,123,NORMAL
common_mart,124,NORMAL
common_mart,125,NORMAL
common_mart,126,NORMAL
common_mart,127,NORMAL
sootopolis_gym,0,NORMAL
sootopolis_gym,1,NORMAL
sootopolis_gym,2,NORMAL
sootopolis_gym,3,NORMAL
sootopolis_gym,4,NORMAL
sootopolis_gym,5,NORMAL
sootopolis_gym,6,NORMAL
sootopolis_gym,7,NORMAL
sootopolis_gym,8,NORMAL
sootopolis_gym,9,NORMAL
sootopolis_gym,10,NORMAL
sootopolis_gym,11,NORMAL
sootopolis_gym,12,NORMAL
sootopolis_gym,13,NORMAL
sootopolis_gym,14,NORMAL
sootopolis_gym,15,NORMAL
sootopolis_gym,16,NORMAL
sootopolis_gym,17,NORMAL
sootopolis_gym,18,NORMAL
sootopolis_gym,19,NORMAL
sootopolis_gym,20,NORMAL
sootopolis_gym,21,NORMAL
sootopolis_gym,22,NORMAL
sootopolis_gym,23,NORMAL
sootopolis_gym,24,NORMAL
sootopolis_gym,25,NORMAL
sootopolis_gym,26,NORMAL
sootopolis_gym,27,NORMAL
sootopolis_gym,28,NORMAL
sootopolis_gym,29,NORMAL
sootopolis_gym,30,NORMAL
sootopolis_gym,31,NORMAL
sootopolis_gym,32,NORMAL
sootopolis_gym,33,NORMAL
sootopolis_gym,34,NORMAL
sootopolis_gym,35,NORMAL
sootopolis_gym,36,NORMAL
sootopolis_gym,37,NORMAL
sootopolis_gym,38,NORMAL
sootopolis_gym,39,NORMAL
sootopolis_gym,40,NORMAL
sootopolis_gym,41,NORMAL
sootopolis_gym,42,NORMAL
sootopolis_gym,43,NORMAL
sootopolis_gym,44,NORMAL
sootopolis_gym,45,NORMAL
sootopolis_gym,46,NORMAL
sootopolis_gym,47,NORMAL
sootopolis_gym,48,NORMAL
sootopolis_gym,49,NORMAL
sootopolis_gym,50,NORMAL
sootopolis_gym,51,NORMAL
sootopolis_gym,52,NORMAL
sootopolis_gym,53,NORMAL
sootopolis_gym,54,NORMAL
sootopolis_gym,55,NORMAL
sootopolis_gym,56,NORMAL
sootopolis_gym,57,NORMAL
sootopolis_gym,58,NORMAL
sootopolis_gym,59,NORMAL
sootopolis_gym,60,NORMAL
sootopolis_gym,61,NORMAL
sootopolis_gym,62,NORMAL
sootopolis_gym,63,NORMAL
sootopolis_gym,64,NORMAL
sootopolis_gym,65,NORMAL
sootopolis_gym,66,NORMAL
sootopolis_gym,67,NORMAL
sootopolis_gym,68,NORMAL
sootopolis_gym,69,NORMAL
sootopolis_gym,70,NORMAL
sootopolis_gym,71,NORMAL
sootopolis_gym,72,NORMAL
sootopolis_gym,73,NORMAL
sootopolis_gym,74,NORMAL
sootopolis_gym,75,NORMAL
sootopolis_gym,76,NORMAL
sootopolis_gym,77,NORMAL
sootopolis_gym,78,NORMAL
sootopolis_gym,79,NORMAL
sootopolis_gym,80,NORMAL
sootopolis_gym,81,NORMAL
sootopolis_gym,82,NORMAL
sootopolis_gym,83,NORMAL
sootopolis_gym,84,NORMAL
sootopolis_gym,85,NORMAL
sootopolis_gym,86,NORMAL
sootopolis_gym,87,NORMAL
sootopolis_gym,88,NORMAL
sootopolis_gym,89,NORMAL
sootopolis_gym,90,NORMAL
sootopolis_gym,91,NORMAL
sootopolis_gym,92,NORMAL
sootopolis_gym,93,NORMAL
sootopolis_gym,94,NORMAL
sootopolis_gym,95,NORMAL
sootopolis_gym,96,NORMAL
sootopolis_gym,97,NORMAL
sootopolis_gym,98,NORMAL
sootopolis_gym,99,NORMAL
sootopolis_gym,100,NORMAL
sootopolis_gym,101,NORMAL
sootopolis_gym,102,NORMAL
sootopolis_gym,103,NORMAL
sootopolis_gym,104,NORMAL
sootopolis_gym,105,NORMAL
sootopolis_gym,106,NORMAL
sootopolis_gym,107,NORMAL
sootopolis_gym,108,NORMAL
sootopolis_gym,109,NORMAL
sootopolis_gym,110,NORMAL
sootopolis_gym,111,NORMAL
sootopolis_gym,112,NORMAL
sootopolis_gym,113,NORMAL
sootopolis_gym,114,NORMAL
sootopolis_gym,115,NORMAL
sootopolis_gym,116,NORMAL
sootopolis_gym,117,NORMAL
sootopolis_gym,118,NORMAL
sootopolis_gym,119,NORMAL
sootopolis_gym,120,NORMAL
sootopolis_gym,121,NORMAL
cable_club,0,NORMAL
cable_club,1,NORMAL
cable_club,2,NORMAL
cable_club,3,NORMAL
cable_club,4,NORMAL
cable_club,5,NORMAL
cable_club,6,NORMAL
cable_club,7,NORMAL
cable_club,8,NORMAL
cable_club,9,NORMAL
cable_club,10,NORMAL
cable_club,11,NORMAL
cable_club,12,NORMAL
cable_club,13,NORMAL
cable_club,14,NORMAL
cable_club,15,NORMAL
cable_club,16,NORMAL
cable_club,17,NORMAL
cable_club,18,NORMAL
cable_club,19,NORMAL
cable_club,20,NORMAL
cable_club,21,NORMAL
cable_club,22,NORMAL
cable_club,23,NORMAL
cable_club,24,NORMAL
cable_club,25,NORMAL
cable_club,26,NORMAL
cable_club,27,NORMAL
cable_club,28,NORMAL
cable_club,29,NORMAL
cable_club,30,NORMAL
cable_club,31,NORMAL
cable_club,32,NORMAL
cable_club,33,NORMAL
cable_club,34,NORMAL
cable_club,35,NORMAL
cable_club,36,NORMAL
cable_club,37,NORMAL
cable_club,38,NORMAL
cable_club,39,NORMAL
cable_club,40,NORMAL
cable_club,41,NORMAL
cable_club,42,NORMAL
cable_club,43,NORMAL
cable_club,44,NORMAL
cable_club,45,NORMAL
cable_club,46,NORMAL
cable_club,47,NORMAL
cable_club,48,NORMAL
cable_club,49,NORMAL
cable_club,50,NORMAL
cable_club,51,NORMAL
cable_club,52,NORMAL
cable_club,53,NORMAL
cable_club,54,NORMAL
cable_club,55,NORMAL
cable_club,56,NORMAL
cable_club,57,NORMAL
cable_club,58,NORMAL
cable_club,59,NORMAL
cable_club,60,NORMAL
cable_club,61,NORMAL
cable_club,62,NORMAL
cable_club,63,NORMAL
cable_club,64,NORMAL
cable_club,65,NORMAL
cable_club,66,NORMAL
cable_club,67,NORMAL
cable_club,68,NORMAL
cable_club,69,NORMAL
cable_club,70,NORMAL
cable_club,71,NORMAL
cable_club,72,NORMAL
cable_club,73,NORMAL
cable_club,74,NORMAL
cable_club,75,NORMAL
cable_club,76,NORMAL
cable_club,77,NORMAL
cable_club,78,NORMAL
cable_club,79,NORMAL
cable_club,80,NORMAL
cable_club,81,NORMAL
cable_club,82,NORMAL
cable_club,83,NORMAL
cable_club,84,NORMAL
cable_club,85,NORMAL
cable_club,86,NORMAL
cable_club,87,NORMAL
cable_club,88,NORMAL
cable_club,89,NORMAL
cable_club,90,NORMAL
cable_club,91,NORMAL
cable_club,92,NORMAL
cable_club,93,NORMAL
cable_club,94,NORMAL
cable_club,95,NORMAL
cable_club,96,NORMAL
cable_club,97,NORMAL
cable_club,98,NORMAL
cable_club,99,NORMAL
cable_club,100,NORMAL
cable_club,101,NORMAL
cable_club,102,NORMAL
cable_club,103,NORMAL
cable_club,104,NORMAL
cable_club,105,NORMAL
cable_club,106,NORMAL
cable_club,107,NORMAL
cable_club,108,NORMAL
cable_club,109,NORMAL
cable_club,110,NORMAL
cable_club,111,NORMAL
cable_club,112,NORMAL
cable_club,113,NORMAL
cable_club,114,NORMAL
cable_club,115,NORMAL
cable_club,116,NORMAL
cable_club,117,NORMAL
cable_club,118,NORMAL
cable_club,119,NORMAL
cable_club,120,NORMAL
cable_club,121,NORMAL
cable_club,122,NORMAL
cable_club,123,NORMAL
cable_club,124,NORMAL
cable_club,125,NORMAL
cable_club,126,NORMAL
cable_club,127,NORMAL
cable_club,128,NORMAL
cable_club,129,NORMAL
cable_club,130,NORMAL
cable_club,131,NORMAL
cable_club,132,NORMAL
cable_club,133,NORMAL
cable_club,134,NORMAL
cable_club,135,NORMAL
cable_club,136,NORMAL
cable_club,137,NORMAL
cable_club,138,NORMAL
cable_club,139,NORMAL
cable_club,140,NORMAL
cable_club,141,NORMAL
cable_club,142,NORMAL
cable_club,143,NORMAL
cable_club,144,NORMAL
cable_club,145,NORMAL
cable_club,146,NORMAL
cable_club,147,NORMAL
cable_club,148,NORMAL
cable_club,149,NORMAL
cable_club,150,NORMAL
cable_club,151,NORMAL
cable_club,152,NORMAL
cable_club,153,NORMAL
cable_club,154,NORMAL
cable_club,155,NORMAL
cable_club,156,NORMAL
cable_club,157,NORMAL
cable_club,158,NORMAL
cable_club,159,NORMAL
cable_club,160,NORMAL
cable_club,161,NORMAL
cable_club,162,NORMAL
cable_club,163,NORMAL
cable_club,164,NORMAL
cable_club,165,NORMAL
cable_club,166,NORMAL
cable_club,167,NORMAL
cable_club,168,NORMAL
cable_club,169,NORMAL
cable_club,170,NORMAL
cable_club,171,NORMAL
cable_club,172,NORMAL
cable_club,173,NORMAL
cable_club,174,NORMAL
cable_club,175,NORMAL
cable_club,176,NORMAL
cable_club,177,NORMAL
cable_club,178,NORMAL
cable_club,179,NORMAL
cable_club,180,NORMAL
cable_club,181,NORMAL
cable_club,182,NORMAL
cable_club,183,NORMAL
cable_club,184,NORMAL
cable_club,185,NORMAL
cable_club,186,NORMAL
cable_club,187,NORMAL
cable_club,188,NORMAL
cable_club,189,NORMAL
cable_club,190,NORMAL
cable_club,191,NORMAL
cable_club,192,NORMAL
cable_club,193,NORMAL
cable_club,194,NORMAL
cable_club,195,NORMAL
cable_club,196,NORMAL
cable_club,197,NORMAL
cable_club,198,NORMAL
cable_club,199,NORMAL
cable_club,200,NORMAL
cable_club,201,NORMAL
cable_club,202,NORMAL
cable_club,203,NORMAL
cable_club,204,NORMAL
cable_club,205,NORMAL
cable_club,206,NORMAL
cable_club,207,NORMAL
cable_club,208,NORMAL
cable_club,209,NORMAL
cable_club,210,NORMAL
cable_club,211,NORMAL
cable_club,212,NORMAL
cable_club,213,NORMAL
cable_club,214,NORMAL
cable_club,215,NORMAL
cable_club,216,NORMAL
cable_club,217,NORMAL
cable_club,218,NORMAL
cable_club,219,NORMAL
cable_club,220,NORMAL
cable_club,221,NORMAL
cable_club,222,NORMAL
cable_club,223,NORMAL
cable_club,224,NORMAL
cable_club,225,NORMAL
cable_club,226,NORMAL
cable_club,227,NORMAL
cable_club,228,NORMAL
cable_club,229,NORMAL
cable_club,230,NORMAL
cable_club,231,NORMAL
cable_club,232,NORMAL
cable_club,233,NORMAL
cable_club,234,NORMAL
cable_club,235,NORMAL
cable_club,236,NORMAL
cable_club,237,NORMAL
cable_club,238,NORMAL
cable_club,239,NORMAL
cable_club,240,NORMAL
cable_club,241,NORMAL
cable_club,242,NORMAL
cable_club,243,NORMAL
cable_club,244,NORMAL
cable_club,245,NORMAL
cable_club,246,NORMAL
cable_club,247,NORMAL
cable_club,248,NORMAL
cable_club,249,NORMAL
cable_club,250,NORMAL
cable_club,251,NORMAL
cable_club,252,NORMAL
cable_club,253,NORMAL
cable_club,254,NORMAL
cable_club,255,NORMAL
lake,0,NORMAL
lake,1,NORMAL
lake,2,NORMAL
lake,3,NORMAL
lake,4,NORMAL
lake,5,NORMAL
lake,6,NORMAL
lake,7,NORMAL
lake,8,NORMAL
lake,9,NORMAL
lake,10,NORMAL
lake,11,NORMAL
lake,12,NORMAL
lake,13,NORMAL
lake,14,NORMAL
lake,15,NORMAL
lake,16,NORMAL
lake,17,NORMAL
lake,18,NORMAL
lake,19,NORMAL
lake,20,NORMAL
lake,21,NORMAL
lake,22,NORMAL
lake,23,NORMAL
lake,24,NORMAL
lake,25,NORMAL
lake,26,NORMAL
lake,27,NORMAL
lake,28,NORMAL
lake,29,NORMAL
lake,30,NORMAL
lake,31,NORMAL
lake,32,NORMAL
lake,33,NORMAL
lake,34,NORMAL
lake,35,NORMAL
lake,36,NORMAL
lake,37,NORMAL
lake,38,NORMAL
lake,39,NORMAL
lake,40,NORMAL
lake,41,NORMAL
lake,42,NORMAL
lake,43,NORMAL
lake,44,NORMAL
lake,45,NORMAL
lake,46,NORMAL
lake,47,NORMAL
lake,48,NORMAL
lake,49,NORMAL
lake,50,NORMAL
lake,51,NORMAL
lake,52,NORMAL
lake,53,NORMAL
lake,54,NORMAL
lake,55,NORMAL
lake,56,NORMAL
lake,57,NORMAL
lake,58,NORMAL
lake,59,NORMAL
lake,60,NORMAL
lake,61,NORMAL
lake,62,NORMAL
lake,63,NORMAL
lake,64,NORMAL
lake,65,NORMAL
lake,66,NORMAL
lake,67,NORMAL
lake,68,NORMAL
lake,69,NORMAL
lake,70,NORMAL
lake,71,NORMAL
lake,72,NORMAL
lake,73,NORMAL
lake,74,NORMAL
lake,75,NORMAL
lake,76,NORMAL
lake,77,NORMAL
lake,78,NORMAL
lake,79,NORMAL
lake,80,NORMAL
lake,81,NORMAL
lake,82,NORMAL
lake,83,NORMAL
lake,84,NORMAL
lake,85,NORMAL
lake,86,NORMAL
lake,87,NORMAL
lake,88,NORMAL
lake,89,NORMAL
lake,90,NORMAL
lake,91,NORMAL
lake,92,NORMAL
lake,93,NORMAL
lake,94,NORMAL
lake,95,NORMAL
lake,96,NORMAL
lake,97,NORMAL
lake,98,NORMAL
lake,99,NORMAL
lake,100,NORMAL
lake,101,NORMAL
lake,102,NORMAL
lake,103,NORMAL
lake,104,NORMAL
lake,105,NORMAL
lake,106,NORMAL
lake,107,NORMAL
lake,108,NORMAL
lake,109,NORMAL
lake,110,NORMAL
lake,111,NORMAL
lake,112,NORMAL
lake,113,NORMAL
lake,114,NORMAL
lake,115,NORMAL
lake,116,NORMAL
lake,117,NORMAL
lake,118,NORMAL
lake,119,NORMAL
lake,120,NORMAL
lake,121,NORMAL
lake,122,NORMAL
lake,123,NORMAL
lake,124,NORMAL
lake,125,NORMAL
lake,126,NORMAL
lake,127,NORMAL
fallarbor,0,NORMAL
fallarbor,1,NORMAL
fallarbor,2,NORMAL
fallarbor,3,NORMAL
fallarbor,4,NORMAL
fallarbor,5,NORMAL
fallarbor,6,NORMAL
fallarbor,7,NORMAL
fallarbor,8,NORMAL
fallarbor,9,NORMAL
fallarbor,10,NORMAL
fallarbor,11,NORMAL
fallarbor,12,NORMAL
fallarbor,13,NORMAL
fallarbor,14,NORMAL
fallarbor,15,NORMAL
fallarbor,16,NORMAL
fallarbor,17,NORMAL
fallarbor,18,NORMAL
fallarbor,19,NORMAL
fallarbor,20,NORMAL
fallarbor,21,NORMAL
fallarbor,22,NORMAL
fallarbor,23,NORMAL
fallarbor,24,NORMAL
fallarbor,25,NORMAL
fallarbor,26,NORMAL
fallarbor,27,NORMAL
fallarbor,28,NORMAL
fallarbor,29,NORMAL
fallarbor,30,NORMAL
fallarbor,31,NORMAL
fallarbor,32,NORMAL
fallarbor,33,NORMAL
fallarbor,34,NORMAL
fallarbor,35,NORMAL
fallarbor,36,NORMAL
fallarbor,37,NORMAL
fallarbor,38,NORMAL
fallarbor,39,NORMAL
fallarbor,40,NORMAL
fallarbor,41,NORMAL
fallarbor,42,NORMAL
fallarbor,43,NORMAL
fallarbor,44,NORMAL
fallarbor,45,NORMAL
fallarbor,46,NORMAL
fallarbor,47,NORMAL
fallarbor,48,NORMAL
fallarbor,49,NORMAL
fallarbor,50,NORMAL
fallarbor,51,NORMAL
fallarbor,52,NORMAL
fallarbor,53,NORMAL
fallarbor,54,NORMAL
fallarbor,55,NORMAL
fallarbor,56,NORMAL
fallarbor,57,NORMAL
fallarbor,58,NORMAL
fallarbor,59,NORMAL
fallarbor,60,NORMAL
fallarbor,61,NORMAL
fallarbor,62,NORMAL
fallarbor,63,NORMAL
fallarbor,64,NORMAL
fallarbor,65,NORMAL
fallarbor,66,NORMAL
fallarbor,67,NORMAL
fallarbor,68,NORMAL
fallarbor,69,NORMAL
fallarbor,70,NORMAL
fallarbor,71,NORMAL
fallarbor,72,NORMAL
fallarbor,73,NORMAL
fallarbor,74,NORMAL
fallarbor,75,NORMAL
fallarbor,76,NORMAL
fallarbor,77,NORMAL
fallarbor,78,NORMAL
fallarbor,79,NORMAL
fallarbor,80,NORMAL
fallarbor,81,NORMAL
fallarbor,82,NORMAL
fallarbor,83,NORMAL
fallarbor,84,NORMAL
fallarbor,85,NORMAL
fallarbor,86,NORMAL
fallarbor,87,NORMAL
fallarbor,88,NORMAL
fallarbor,89,NORMAL
fallarbor,90,NORMAL
fallarbor,91,NORMAL
fallarbor,92,NORMAL
fallarbor,93,NORMAL
fallarbor,94,NORMAL
fallarbor,95,NORMAL
fallarbor,96,NORMAL
fallarbor,97,NORMAL
fallarbor,98,NORMAL
fallarbor,99,NORMAL
fallarbor,100,NORMAL
fallarbor,101,NORMAL
fallarbor,102,NORMAL
fallarbor,103,NORMAL
fallarbor,104,NORMAL
fallarbor,105,NORMAL
fallarbor,106,NORMAL
fallarbor,107,NORMAL
fallarbor,108,NORMAL
fallarbor,109,NORMAL
fallarbor,110,NORMAL
fallarbor,111,NORMAL
fallarbor,112,NORMAL
fallarbor,113,NORMAL
fallarbor,114,NORMAL
fallarbor,115,NORMAL
fallarbor,116,NORMAL
fallarbor,117,NORMAL
fallarbor,118,NORMAL
fallarbor,119,NORMAL
fallarbor,120,NORMAL
fallarbor,121,NORMAL
fallarbor,122,NORMAL
fallarbor,123,NORMAL
fallarbor,124,NORMAL
fallarbor,125,NORMAL
fallarbor,126,NORMAL
fallarbor,127,NORMAL
fallarbor,128,NORMAL
fallarbor,129,NORMAL
fallarbor,130,NORMAL
fallarbor,131,NORMAL
fallarbor,132,NORMAL
fallarbor,133,NORMAL
fallarbor,134,NORMAL
fallarbor,135,NORMAL
fallarbor,136,NORMAL
fallarbor,137,NORMAL
fallarbor,138,NORMAL
fallarbor,139,NORMAL
fallarbor,140,NORMAL
fallarbor,141,NORMAL
fallarbor,142,NORMAL
fallarbor,143,NORMAL
fallarbor,144,NORMAL
fallarbor,145,NORMAL
fallarbor,146,NORMAL
fallarbor,147,NORMAL
fallarbor,148,NORMAL
fallarbor,149,NORMAL
fallarbor,150,NORMAL
fallarbor,151,NORMAL
fallarbor,152,NORMAL
fallarbor,153,NORMAL
fallarbor,154,NORMAL
fallarbor,155,NORMAL
fallarbor,156,NORMAL
fallarbor,157,NORMAL
fallarbor,158,NORMAL
fallarbor,159,NORMAL
fallarbor,160,NORMAL
fallarbor,161,NORMAL
fallarbor,162,NORMAL
fallarbor,163,NORMAL
fallarbor,164,NORMAL
fallarbor,165,NORMAL
fallarbor,166,NORMAL
fallarbor,167,NORMAL
fallarbor,168,NORMAL
fallarbor,169,NORMAL
fallarbor,170,NORMAL
fallarbor,171,NORMAL
fallarbor,172,NORMAL
fallarbor,173,NORMAL
fallarbor,174,NORMAL
fallarbor,175,NORMAL
fallarbor,176,NORMAL
fallarbor,177,NORMAL
fallarbor,178,NORMAL
fallarbor,179,NORMAL
fallarbor,180,NORMAL
fallarbor,181,NORMAL
fallarbor,182,NORMAL
fallarbor,183,NORMAL
fallarbor,184,NORMAL
fallarbor,185,NORMAL
fallarbor,186,NORMAL
fallarbor,187,NORMAL
fallarbor,188,NORMAL
fallarbor,189,NORMAL
fallarbor,190,NORMAL
fallarbor,191,NORMAL
fallarbor,192,NORMAL
fallarbor,193,NORMAL
fallarbor,194,NORMAL
fallarbor,195,NORMAL
fallarbor,196,NORMAL
fallarbor,197,NORMAL
fallarbor,198,NORMAL
fallarbor,199,NORMAL
fallarbor,200,NORMAL
fallarbor,201,NORMAL
fallarbor,202,NORMAL
fallarbor,203,NORMAL
fallarbor,204,NORMAL
fallarbor,205,NORMAL
fallarbor,206,NORMAL
fallarbor,207,NORMAL
fallarbor,208,NORMAL
fallarbor,209,NORMAL
fallarbor,210,NORMAL
fallarbor,211,NORMAL
fallarbor,212,NORMAL
fallarbor,213,NORMAL
fallarbor,214,NORMAL
fallarbor,215,NORMAL
fallarbor,216,NORMAL
fallarbor,217,NORMAL
fallarbor,218,NORMAL
fallarbor,219,NORMAL
fallarbor,220,NORMAL
fallarbor,221,NORMAL
fallarbor,222,NORMAL
fallarbor,223,NORMAL
fallarbor,224,NORMAL
fallarbor,225,NORMAL
fallarbor,226,NORMAL
fallarbor,227,NORMAL
fallarbor,228,NORMAL
fallarbor,229,NORMAL
fallarbor,230,NORMAL
fallarbor,231,NORMAL
fallarbor,232,NORMAL
fallarbor,233,NORMAL
fallarbor,234,NORMAL
fallarbor,235,NORMAL
fallarbor,236,NORMAL
fallarbor,237,NORMAL
fallarbor,238,NORMAL
fallarbor,239,NORMAL
fallarbor,240,NORMAL
fallarbor,241,NORMAL
fallarbor,242,NORMAL
fallarbor,243,NORMAL
fallarbor,244,NORMAL
fallarbor,245,NORMAL
fallarbor,246,NORMAL
fallarbor,247,NORMAL
fallarbor,248,NORMAL
fallarbor,249,NORMAL
fallarbor,250,NORMAL
fallarbor,251,NORMAL
fallarbor,252,NORMAL
fallarbor,253,NORMAL
fallarbor,254,NORMAL
fallarbor,255,NORMAL
fallarbor,256,NORMAL
fallarbor,257,NORMAL
fallarbor,258,NORMAL
fallarbor,259,NORMAL
fallarbor,260,NORMAL
fallarbor,261,NORMAL
fallarbor,262,NORMAL
fallarbor,263,NORMAL
fallarbor,264,NORMAL
fallarbor,265,NORMAL
fallarbor,266,NORMAL
fallarbor,267,NORMAL
fallarbor,268,NORMAL
fallarbor,269,NORMAL
fallarbor,270,NORMAL
fallarbor,271,NORMAL
fallarbor,272,NORMAL
fallarbor,273,NORMAL
fallarbor,274,NORMAL
fallarbor,275,NORMAL
fallarbor,276,NORMAL
fallarbor,277,NORMAL
fallarbor,278,NORMAL
fallarbor,279,NORMAL
fallarbor,280,NORMAL
fallarbor,281,NORMAL
fallarbor,282,NORMAL
fallarbor,283,NORMAL
fallarbor,284,NORMAL
fallarbor,285,NORMAL
fallarbor,286,NORMAL
fallarbor,287,NORMAL
fallarbor,288,NORMAL
fallarbor,289,NORMAL
fallarbor,290,NORMAL
fallarbor,291,NORMAL
fallarbor,292,NORMAL
fallarbor,293,NORMAL
fallarbor,294,NORMAL
fallarbor,295,NORMAL
fallarbor,296,NORMAL
fallarbor,297,NORMAL
fallarbor,298,NORMAL
fallarbor,299,NORMAL
fallarbor,300,NORMAL
fallarbor,301,NORMAL
fallarbor,302,NORMAL
fallarbor,303,NORMAL
fallarbor,304,NORMAL
fallarbor,305,NORMAL
fallarbor,306,NORMAL
fallarbor,307,NORMAL
fallarbor,308,NORMAL
fallarbor,309,NORMAL
fallarbor,310,NORMAL
fallarbor,311,NORMAL
fallarbor,312,NORMAL
fallarbor,313,NORMAL
fallarbor,314,NORMAL
fallarbor,315,NORMAL
fallarbor,316,NORMAL
fallarbor,317,NORMAL
fallarbor,318,NORMAL
fallarbor,319,NORMAL
fallarbor,320,NORMAL
fallarbor,321,NORMAL
fallarbor,322,NORMAL
fallarbor,323,NORMAL
fallarbor,324,NORMAL
fallarbor,325,NORMAL
fallarbor,326,NORMAL
fallarbor,327,NORMAL
fallarbor,328,NORMAL
fallarbor,329,NORMAL
fallarbor,330,NORMAL
fallarbor,331,NORMAL
fallarbor,332,NORMAL
fallarbor,333,NORMAL
fallarbor,334,NORMAL
fallarbor,335,NORMAL
fallarbor,336,NORMAL
fallarbor,337,NORMAL
fallarbor,338,NORMAL
fallarbor,339,NORMAL
fallarbor,340,NORMAL
fallarbor,341,NORMAL
fallarbor,342,NORMAL
fallarbor,343,NORMAL
fallarbor,344,NORMAL
fallarbor,345,NORMAL
fallarbor,346,NORMAL
fallarbor,347,NORMAL
fallarbor,348,NORMAL
fallarbor,349,NORMAL
fallarbor,350,NORMAL
fallarbor,351,NORMAL
fallarbor,352,NORMAL
fallarbor,353,NORMAL
fallarbor,354,NORMAL
fallarbor,355,NORMAL
fallarbor,356,NORMAL
fallarbor,357,NORMAL
fallarbor,358,NORMAL
fallarbor,359,NORMAL
fallarbor,360,NORMAL
fallarbor,361,NORMAL
fallarbor,362,NORMAL
fallarbor,363,NORMAL
fallarbor,364,NORMAL
fallarbor,365,NORMAL
fallarbor,366,NORMAL
mossdeep_gym,0,NORMAL
mossdeep_gym,1,NORMAL
mossdeep_gym,2,NORMAL
mossdeep_gym,3,NORMAL
mossdeep_gym,4,NORMAL
mossdeep_gym,5,NORMAL
mossdeep_gym,6,NORMAL
mossdeep_gym,7,NORMAL
mossdeep_gym,8,NORMAL
mossdeep_gym,9,NORMAL
mossdeep_gym,10,NORMAL
mossdeep_gym,11,NORMAL
mossdeep_gym,12,NORMAL
mossdeep_gym,13,NORMAL
mossdeep_gym,14,NORMAL
mossdeep_gym,15,NORMAL
mossdeep_gym,16,NORMAL
mossdeep_gym,17,NORMAL
mossdeep_gym,18,NORMAL
mossdeep_gym,19,NORMAL
mossdeep_gym,20,NORMAL
mossdeep_gym,21,NORMAL
mossdeep_gym,22,NORMAL
mossdeep_gym,23,NORMAL
mossdeep_gym,24,NORMAL
mossdeep_gym,25,NORMAL
mossdeep_gym,26,NORMAL
mossdeep_gym,27,NORMAL
mossdeep_gym,28,NORMAL
mossdeep_gym,29,NORMAL
mossdeep_gym,30,NORMAL
mossdeep_gym,31,NORMAL
mossdeep_gym,32,NORMAL
mossdeep_gym,33,NORMAL
mossdeep_gym,34,NORMAL
mossdeep_gym,35,NORMAL
mossdeep_gym,36,NORMAL
mossdeep_gym,37,NORMAL
mossdeep_gym,38,NORMAL
mossdeep_gym,39,NORMAL
mossdeep_gym,40,NORMAL
mossdeep_gym,41,NORMAL
mossdeep_gym,42,NORMAL
mossdeep_gym,43,NORMAL
mossdeep_gym,44,NORMAL
mossdeep_gym,45,NORMAL
mossdeep_gym,46,NORMAL
mossdeep_gym,47,NORMAL
mossdeep_gym,48,NORMAL
mossdeep_gym,49,NORMAL
mossdeep_gym,50,NORMAL
mossdeep_gym,51,NORMAL
mossdeep_gym,52,NORMAL
mossdeep_gym,53,NORMAL
mossdeep_gym,54,NORMAL
mossdeep_gym,55,NORMAL
mossdeep_gym,56,NORMAL
mossdeep_gym,57,NORMAL
mossdeep_gym,58,NORMAL
mossdeep_gym,59,NORMAL
mossdeep_gym,60,NORMAL
mossdeep_gym,61,NORMAL
mossdeep_gym,62,NORMAL
mossdeep_gym,63,NORMAL
mossdeep_gym,64,NORMAL
mossdeep_gym,65,NORMAL
mossdeep_gym,66,NORMAL
mossdeep_gym,67,NORMAL
mossdeep_gym,68,NORMAL
mossdeep_gym,69,NORMAL
mossdeep_gym,70,NORMAL
mossdeep_gym,71,NORMAL
mossdeep_gym,72,NORMAL
mossdeep_gym,73,NORMAL
mossdeep_gym,74,NORMAL
mossdeep_gym,75,NORMAL
mossdeep_gym,76,NORMAL
mossdeep_gym,77,NORMAL
mossdeep_gym,78,NORMAL
mossdeep_gym,79,NORMAL
mossdeep_gym,80,NORMAL
mossdeep_gym,81,NORMAL
mossdeep_gym,82,NORMAL
mossdeep_gym,83,NORMAL
mossdeep_gym,84,NORMAL
mossdeep_gym,85,NORMAL
mossdeep_gym,86,NORMAL
mossdeep_gym,87,NORMAL
mossdeep_gym,88,NORMAL
mossdeep_gym,89,NORMAL
mossdeep_gym,90,NORMAL
mossdeep_gym,91,NORMAL
mossdeep_gym,92,NORMAL
mossdeep_gym,93,NORMAL
mossdeep_gym,94,NORMAL
mossdeep_gym,95,NORMAL
mossdeep_gym,96,NORMAL
mossdeep_gym,97,NORMAL
mossdeep_gym,98,NORMAL
mossdeep_gym,99,NORMAL
mossdeep_gym,100,NORMAL
mossdeep_gym,101,NORMAL
mossdeep_gym,102,NORMAL
mossdeep_gym,103,NORMAL
mossdeep_gym,104,NORMAL
mossdeep_gym,105,NORMAL
mossdeep_gym,106,NORMAL
mossdeep_gym,107,NORMAL
mossdeep_gym,108,NORMAL
mossdeep_gym,109,NORMAL
mossdeep_gym,110,NORMAL
mossdeep_gym,111,NORMAL
mossdeep_gym,112,NORMAL
mossdeep_gym,113,NORMAL
mossdeep_gym,114,NORMAL
mossdeep_gym,115,NORMAL
mossdeep_gym,116,NORMAL
battle_frontier,0,NORMAL
battle_frontier,1,NORMAL
battle_frontier,2,NORMAL
battle_frontier,3,NORMAL
battle_frontier,4,NORMAL
battle_frontier,5,NORMAL
battle_frontier,6,NORMAL
battle_frontier,7,NORMAL
battle_frontier,8,NORMAL
battle_frontier,9,NORMAL
battle_frontier,10,NORMAL
battle_frontier,11,NORMAL
battle_frontier,12,NORMAL
battle_frontier,13,NORMAL
battle_frontier,14,NORMAL
battle_frontier,15,NORMAL
battle_frontier,16,NORMAL
battle_frontier,17,NORMAL
battle_frontier,18,NORMAL
battle_frontier,19,NORMAL
battle_frontier,20,NORMAL
battle_frontier,21,NORMAL
battle_frontier,22,NORMAL
battle_frontier,23,NORMAL
battle_frontier,24,NORMAL
battle_frontier,25,NORMAL
battle_frontier,26,NORMAL
battle_frontier,27,NORMAL
battle_frontier,28,NORMAL
battle_frontier,29,NORMAL
battle_frontier,30,NORMAL
battle_frontier,31,NORMAL
battle_frontier,32,NORMAL
battle_frontier,33,NORMAL
battle_frontier,34,NORMAL
battle_frontier,35,NORMAL
battle_frontier,36,NORMAL
battle_frontier,37,NORMAL
battle_frontier,38,NORMAL
battle_frontier,39,NORMAL
battle_frontier,40,NORMAL
battle_frontier,41,NORMAL
battle_frontier,42,NORMAL
battle_frontier,43,NORMAL
battle_frontier,44,NORMAL
battle_frontier,45,NORMAL
battle_frontier,46,NORMAL
battle_frontier,47,NORMAL
battle_frontier,48,NORMAL
battle_frontier,49,NORMAL
battle_frontier,50,NORMAL
battle_frontier,51,NORMAL
battle_frontier,52,NORMAL
battle_frontier,53,NORMAL
battle_frontier,54,NORMAL
battle_frontier,55,NORMAL
battle_frontier,56,NORMAL
battle_frontier,57,NORMAL
battle_frontier,58,NORMAL
battle_frontier,59,NORMAL
battle_frontier,60,NORMAL
battle_frontier,61,NORMAL
battle_frontier,62,NORMAL
battle_frontier,63,NORMAL
battle_frontier,64,NORMAL
battle_frontier,65,NORMAL
battle_frontier,66,NORMAL
battle_frontier,67,NORMAL
battle_frontier,68,NORMAL
battle_frontier,69,NORMAL
battle_frontier,70,NORMAL
battle_frontier,71,NORMAL
battle_frontier,72,NORMAL
battle_frontier,73,NORMAL
battle_frontier,74,NORMAL
battle_frontier,75,NORMAL
battle_frontier,76,NORMAL
battle_frontier,77,NORMAL
battle_frontier,78,NORMAL
battle_frontier,79,NORMAL
battle_frontier,80,NORMAL
battle_frontier,81,NORMAL
battle_frontier,82,NORMAL
battle_frontier,83,NORMAL
battle_frontier,84,NORMAL
battle_frontier,85,NORMAL
battle_frontier,86,NORMAL
battle_frontier,87,NORMAL
battle_frontier,88,NORMAL
battle_frontier,89,NORMAL
battle_frontier,90,NORMAL
battle_frontier,91,NORMAL
battle_frontier,92,NORMAL
battle_frontier,93,NORMAL
battle_frontier,94,NORMAL
battle_frontier,95,NORMAL
battle_frontier,96,NORMAL
battle_frontier,97,NORMAL
battle_frontier,98,NORMAL
battle_frontier,99,NORMAL
battle_frontier,100,NORMAL
battle_frontier,101,NORMAL
battle_frontier,102,NORMAL
battle_frontier,103,NORMAL
battle_frontier,104,NORMAL
battle_frontier,105,NORMAL
battle_frontier,106,NORMAL
battle_frontier,107,NORMAL
battle_frontier,108,NORMAL
battle_frontier,109,NORMAL
battle_frontier,110,NORMAL
battle_frontier,111,NORMAL
battle_frontier,112,NORMAL
battle_frontier,113,NORMAL
battle_frontier,114,NORMAL
battle_frontier,115,NORMAL
battle_frontier,116,NORMAL
battle_frontier,117,NORMAL
battle_frontier,118,NORMAL
battle_frontier,119,NORMAL
battle_frontier,120,NORMAL
battle_frontier,121,NORMAL
battle_frontier,122,NORMAL
battle_frontier,123,NORMAL
battle_frontier,124,NORMAL
battle_frontier,125,NORMAL
battle_frontier,126,NORMAL
battle_frontier,127,NORMAL
battle_frontier,128,NORMAL
battle_frontier,129,NORMAL
battle_frontier,130,NORMAL
battle_frontier,131,NORMAL
battle_frontier,132,NORMAL
battle_frontier,133,NORMAL
battle_frontier,134,NORMAL
battle_frontier,135,NORMAL
battle_frontier,136,NORMAL
battle_frontier,137,NORMAL
battle_frontier,138,NORMAL
battle_frontier,139,NORMAL
battle_frontier,140,NORMAL
battle_frontier,141,NORMAL
battle_frontier,142,NORMAL
battle_frontier,143,NORMAL
battle_frontier,144,NORMAL
battle_frontier,145,NORMAL
battle_frontier,146,NORMAL
battle_frontier,147,NORMAL
battle_frontier,148,NORMAL
battle_frontier,149,NORMAL
battle_frontier,150,NORMAL
battle_frontier,151,NORMAL
battle_frontier,152,NORMAL
battle_frontier,153,NORMAL
battle_frontier,154,NORMAL
battle_frontier,155,NORMAL
battle_frontier,156,NORMAL
battle_frontier,157,NORMAL
battle_frontier,158,NORMAL
battle_frontier,159,NORMAL
battle_frontier,160,NORMAL
battle_frontier,161,NORMAL
battle_frontier,162,NORMAL
battle_frontier,163,NORMAL
battle_frontier,164,NORMAL
battle_frontier,165,NORMAL
battle_frontier,166,NORMAL
battle_frontier,167,NORMAL
battle_frontier,168,NORMAL
battle_frontier,169,NORMAL
battle_frontier,170,NORMAL
battle_frontier,171,NORMAL
battle_frontier,172,NORMAL
battle_frontier,173,NORMAL
battle_frontier,174,NORMAL
battle_frontier,175,NORMAL
battle_frontier,176,NORMAL
battle_frontier,177,NORMAL
battle_frontier,178,NORMAL
battle_frontier,179,NORMAL
battle_frontier,180,NORMAL
battle_frontier,181,NORMAL
battle_frontier,182,NORMAL
battle_frontier,183,NORMAL
battle_frontier,184,NORMAL
battle_frontier,185,NORMAL
battle_frontier,186,NORMAL
battle_frontier,187,NORMAL
battle_frontier,188,NORMAL
battle_frontier,189,NORMAL
battle_frontier,190,NORMAL
battle_frontier,191,NORMAL
battle_frontier,192,NORMAL
battle_frontier,193,NORMAL
battle_frontier,194,NORMAL
battle_frontier,195,NORMAL
battle_frontier,196,NORMAL
battle_frontier,197,NORMAL
battle_frontier,198,NORMAL
battle_frontier,199,NORMAL
battle_frontier,200,NORMAL
battle_frontier,201,NORMAL
battle_frontier,202,NORMAL
battle_frontier,203,NORMAL
battle_frontier,204,NORMAL
battle_frontier,205,NORMAL
battle_frontier,206,NORMAL
battle_frontier,207,NORMAL
battle_frontier,208,NORMAL
battle_frontier,209,NORMAL
battle_frontier,210,NORMAL
battle_frontier,211,NORMAL
battle_frontier,212,NORMAL
battle_frontier,213,NORMAL
battle_frontier,214,NORMAL
battle_frontier,215,NORMAL
battle_frontier,216,NORMAL
battle_frontier,217,NORMAL
battle_frontier,218,NORMAL
battle_frontier,219,NORMAL
battle_frontier,220,NORMAL
battle_frontier,221,NORMAL
battle_frontier,222,NORMAL
battle_frontier,223,NORMAL
battle_frontier,224,NORMAL
battle_frontier,225,NORMAL
battle_frontier,226,NORMAL
battle_frontier,227,NORMAL
battle_frontier,228,NORMAL
battle_frontier,229,NORMAL
battle_frontier,230,NORMAL
battle_frontier,231,NORMAL
battle_frontier,232,NORMAL
battle_frontier,233,NORMAL
battle_frontier,234,NORMAL
battle_frontier,235,NORMAL
battle_frontier,236,NORMAL
battle_frontier,237,NORMAL
battle_frontier,238,NORMAL
battle_frontier,239,NORMAL
battle_frontier,240,NORMAL
battle_frontier,241,NORMAL
battle_frontier,242,NORMAL
battle_frontier,243,NORMAL
battle_frontier,244,NORMAL
battle_frontier,245,NORMAL
battle_frontier,246,NORMAL
battle_frontier,247,NORMAL
battle_frontier,248,NORMAL
battle_frontier,249,NORMAL
battle_frontier,250,NORMAL
battle_frontier,251,NORMAL
battle_frontier,252,NORMAL
battle_frontier,253,NORMAL
battle_frontier,254,NORMAL
battle_frontier,255,NORMAL
battle_frontier,256,NORMAL
battle_frontier,257,NORMAL
battle_frontier,258,NORMAL
battle_frontier,259,NORMAL
battle_frontier,260,NORMAL
battle_frontier,261,NORMAL
battle_frontier,262,NORMAL
battle_frontier,263,NORMAL
battle_frontier,264,NORMAL
battle_frontier,265,NORMAL
battle_frontier,266,NORMAL
battle_frontier,267,NORMAL
battle_frontier,268,NORMAL
battle_frontier,269,NORMAL
battle_frontier,270,NORMAL
battle_frontier,271,NORMAL
battle_frontier,272,NORMAL
battle_frontier,273,NORMAL
battle_frontier,274,NORMAL
battle_frontier,275,NORMAL
battle_frontier,276,NORMAL
battle_frontier,277,NORMAL
battle_frontier,278,NORMAL
battle_frontier,279,NORMAL
battle_frontier,280,NORMAL
battle_frontier,281,NORMAL
battle_frontier,282,NORMAL
battle_frontier,283,NORMAL
battle_frontier,284,NORMAL
battle_frontier,285,NORMAL
battle_frontier,286,NORMAL
battle_frontier,287,NORMAL
battle_frontier,288,NORMAL
battle_frontier,289,NORMAL
battle_frontier,290,NORMAL
battle_frontier,291,NORMAL
battle_frontier,292,NORMAL
battle_frontier,293,NORMAL
battle_frontier,294,NORMAL
battle_frontier,295,NORMAL
battle_frontier,296,NORMAL
battle_frontier,297,NORMAL
battle_frontier,298,NORMAL
battle_frontier,299,NORMAL
battle_frontier,300,NORMAL
battle_frontier,301,NORMAL
battle_frontier,302,NORMAL
battle_frontier,303,NORMAL
battle_frontier,304,NORMAL
battle_frontier,305,NORMAL
battle_frontier,306,NORMAL
battle_frontier,307,NORMAL
battle_frontier,308,NORMAL
battle_frontier,309,NORMAL
battle_frontier,310,NORMAL
battle_frontier,311,NORMAL
battle_frontier,312,NORMAL
battle_frontier,313,NORMAL
battle_frontier,314,NORMAL
battle_frontier,315,NORMAL
battle_frontier,316,NORMAL
battle_frontier,317,NORMAL
battle_frontier,318,NORMAL
battle_frontier,319,NORMAL
battle_frontier,320,NORMAL
battle_frontier,321,NORMAL
battle_frontier,322,NORMAL
battle_frontier,323,NORMAL
battle_frontier,324,NORMAL
battle_frontier,325,NORMAL
battle_frontier,326,NORMAL
battle_frontier,327,NORMAL
battle_frontier,328,NORMAL
battle_frontier,329,NORMAL
battle_frontier,330,NORMAL
battle_frontier,331,NORMAL
battle_frontier,332,NORMAL
battle_frontier,333,NORMAL
battle_frontier,334,NORMAL
battle_frontier,335,NORMAL
battle_frontier,336,NORMAL
battle_frontier,337,NORMAL
battle_frontier,338,NORMAL
battle_frontier,339,NORMAL
battle_frontier,340,NORMAL
battle_frontier,341,NORMAL
battle_frontier,342,NORMAL
battle_frontier,343,NORMAL
battle_frontier,344,NORMAL
battle_frontier,345,NORMAL
battle_frontier,346,NORMAL
battle_frontier,347,NORMAL
battle_frontier,348,NORMAL
battle_frontier,349,NORMAL
battle_frontier,350,NORMAL
battle_frontier,351,NORMAL
battle_frontier,352,NORMAL
battle_frontier,353,NORMAL
battle_frontier,354,NORMAL
battle_frontier,355,NORMAL
battle_frontier,356,NORMAL
battle_frontier,357,NORMAL
battle_frontier,358,NORMAL
battle_frontier,359,NORMAL
battle_frontier,360,NORMAL
battle_frontier,361,NORMAL
battle_frontier,362,NORMAL
battle_frontier,363,NORMAL
battle_frontier,364,NORMAL
battle_frontier,365,NORMAL
battle_frontier,366,NORMAL
battle_frontier,367,NORMAL
battle_frontier,368,NORMAL
battle_frontier,369,NORMAL
battle_frontier,370,NORMAL
battle_frontier,371,NORMAL
battle_frontier,372,NORMAL
battle_frontier,373,NORMAL
battle_frontier,374,NORMAL
battle_frontier,375,NORMAL
battle_frontier,376,NORMAL
battle_frontier,377,NORMAL
battle_frontier,378,NORMAL
battle_frontier,379,NORMAL
battle_frontier,380,NORMAL
battle_frontier,381,NORMAL
battle_frontier,382,NORMAL
battle_frontier,383,NORMAL
battle_frontier,384,NORMAL
battle_frontier,385,NORMAL
battle_frontier,386,NORMAL
battle_frontier,387,NORMAL
battle_frontier,388,NORMAL
battle_frontier,389,NORMAL
battle_frontier,390,NORMAL
battle_frontier,391,NORMAL
battle_frontier,392,NORMAL
battle_frontier,393,NORMAL
battle_frontier,394,NORMAL
battle_frontier,395,NORMAL
battle_frontier,396,NORMAL
battle_frontier,397,NORMAL
battle_frontier,398,NORMAL
battle_frontier,399,NORMAL
battle_frontier,400,NORMAL
battle_frontier,401,NORMAL
battle_frontier,402,NORMAL
battle_frontier,403,NORMAL
battle_frontier,404,NORMAL
battle_frontier,405,NORMAL
battle_frontier,406,NORMAL
battle_frontier,407,NORMAL
battle_frontier,408,NORMAL
battle_frontier,409,NORMAL
battle_frontier,410,NORMAL
battle_frontier,411,NORMAL
battle_frontier,412,NORMAL
battle_frontier,413,NORMAL
battle_frontier,414,NORMAL
battle_frontier,415,NORMAL
battle_frontier,416,NORMAL
battle_frontier,417,NORMAL
battle_frontier,418,NORMAL
battle_frontier,419,NORMAL
battle_frontier,420,NORMAL
battle_frontier,421,NORMAL
battle_frontier,422,NORMAL
battle_frontier,423,NORMAL
battle_frontier,424,NORMAL
battle_frontier,425,NORMAL
battle_frontier,426,NORMAL
battle_frontier,427,NORMAL
battle_frontier,428,NORMAL
battle_frontier,429,NORMAL
battle_frontier,430,NORMAL
battle_frontier,431,NORMAL
battle_frontier,432,NORMAL
battle_frontier,433,NORMAL
battle_frontier,434,NORMAL
battle_frontier,435,NORMAL
battle_frontier,436,NORMAL
battle_frontier,437,NORMAL
battle_frontier,438,NORMAL
battle_frontier,439,NORMAL
battle_frontier,440,NORMAL
battle_frontier,441,NORMAL
battle_frontier,442,NORMAL
battle_frontier,443,NORMAL
battle_frontier,444,NORMAL
battle_frontier,445,NORMAL
battle_frontier,446,NORMAL
battle_frontier,447,NORMAL
battle_frontier,448,NORMAL
battle_frontier,449,NORMAL
battle_frontier,450,NORMAL
battle_frontier,451,NORMAL
battle_frontier,452,NORMAL
battle_frontier,453,NORMAL
battle_frontier,454,NORMAL
battle_frontier,455,NORMAL
battle_frontier,456,NORMAL
battle_frontier,457,NORMAL
battle_frontier,458,NORMAL
battle_frontier,459,NORMAL
battle_frontier,460,NORMAL
battle_frontier,461,NORMAL
battle_frontier,462,NORMAL
battle_frontier,463,NORMAL
battle_frontier,464,NORMAL
battle_frontier,465,NORMAL
battle_frontier,466,NORMAL
battle_frontier,467,NORMAL
battle_frontier,468,NORMAL
battle_frontier,469,NORMAL
battle_frontier,470,NORMAL
battle_frontier,471,NORMAL
battle_frontier,472,NORMAL
battle_frontier,473,NORMAL
battle_frontier,474,NORMAL
battle_frontier,475,NORMAL
battle_frontier,476,NORMAL
battle_frontier,477,NORMAL
battle_frontier,478,NORMAL
battle_frontier,479,NORMAL
battle_frontier,480,NORMAL
battle_frontier,481,NORMAL
battle_frontier,482,NORMAL
battle_frontier,483,NORMAL
battle_frontier,484,NORMAL
battle_frontier,485,NORMAL
battle_frontier,486,NORMAL
battle_frontier,487,NORMAL
battle_frontier,488,NORMAL
battle_frontier,489,NORMAL
battle_frontier,490,NORMAL
battle_frontier,491,NORMAL
battle_frontier,492,NORMAL
battle_frontier,493,NORMAL
battle_frontier,494,NORMAL
battle_frontier,495,NORMAL
battle_frontier,496,NORMAL
battle_frontier,497,NORMAL
battle_frontier,498,NORMAL
battle_frontier,499,NORMAL
battle_frontier,500,NORMAL
battle_frontier,501,NORMAL
battle_frontier,502,NORMAL
battle_frontier,503,NORMAL
battle_frontier,504,NORMAL
battle_frontier,505,NORMAL
battle_frontier,506,NORMAL
battle_frontier,507,NORMAL
battle_frontier,508,NORMAL
brendans_mays_house,0,NORMAL
brendans_mays_house,1,NORMAL
brendans_mays_house,2,NORMAL
brendans_mays_house,3,NORMAL
brendans_mays_house,4,NORMAL
brendans_mays_house,5,NORMAL
brendans_mays_house,6,NORMAL
brendans_mays_house,7,NORMAL
brendans_mays_house,8,NORMAL
brendans_mays_house,9,NORMAL
brendans_mays_house,10,NORMAL
brendans_mays_house,11,NORMAL
brendans_mays_house,12,NORMAL
brendans_mays_house,13,NORMAL
brendans_mays_house,14,NORMAL
brendans_mays_house,15,NORMAL
brendans_mays_house,16,NORMAL
brendans_mays_house,17,NORMAL
brendans_mays_house,18,NORMAL
brendans_mays_house,19,NORMAL
brendans_mays_house,20,NORMAL
brendans_mays_house,21,NORMAL
brendans_mays_house,22,NORMAL
brendans_mays_house,23,NORMAL
brendans_mays_house,24,NORMAL
brendans_mays_house,25,NORMAL
brendans_mays_house,26,NORMAL
brendans_mays_house,27,NORMAL
brendans_mays_house,28,NORMAL
brendans_mays_house,29,NORMAL
brendans_mays_house,30,NORMAL
brendans_mays_house,31,NORMAL
brendans_mays_house,32,NORMAL
brendans_mays_house,33,NORMAL
brendans_mays_house,34,NORMAL
brendans_mays_house,35,NORMAL
brendans_mays_house,36,NORMAL
brendans_mays_house,37,NORMAL
brendans_mays_house,38,NORMAL
brendans_mays_house,39,NORMAL
brendans_mays_house,40,NORMAL
brendans_mays_house,41,NORMAL
brendans_mays_house,42,NORMAL
brendans_mays_house,43,NORMAL
brendans_mays_house,44,NORMAL
brendans_mays_house,45,NORMAL
brendans_mays_house,46,NORMAL
brendans_mays_house,47,NORMAL
brendans_mays_house,48,NORMAL
brendans_mays_house,49,NORMAL
brendans_mays_house,50,NORMAL
brendans_mays_house,51,NORMAL
brendans_mays_house,52,NORMAL
brendans_mays_house,53,NORMAL
brendans_mays_house,54,NORMAL
brendans_mays_house,55,NORMAL
brendans_mays_house,56,NORMAL
brendans_mays_house,57,NORMAL
brendans_mays_house,58,NORMAL
brendans_mays_house,59,NORMAL
brendans_mays_house,60,NORMAL
brendans_mays_house,61,NORMAL
brendans_mays_house,62,NORMAL
brendans_mays_house,63,NORMAL
brendans_mays_house,64,NORMAL
brendans_mays_house,65,NORMAL
brendans_mays_house,66,NORMAL
brendans_mays_house,67,NORMAL
brendans_mays_house,68,NORMAL
brendans_mays_house,69,NORMAL
brendans_mays_house,70,NORMAL
brendans_mays_house,71,NORMAL
brendans_mays_house,72,NORMAL
brendans_mays_house,73,NORMAL
brendans_mays_house,74,NORMAL
brendans_mays_house,75,NORMAL
brendans_mays_house,76,NORMAL
brendans_mays_house,77,NORMAL
brendans_mays_house,78,NORMAL
brendans_mays_house,79,NORMAL
brendans_mays_house,80,NORMAL
brendans_mays_house,81,NORMAL
brendans_mays_house,82,NORMAL
brendans_mays_house,83,NORMAL
brendans_mays_house,84,NORMAL
brendans_mays_house,85,NORMAL
brendans_mays_house,86,NORMAL
brendans_mays_house,87,NORMAL
brendans_mays_house,88,NORMAL
brendans_mays_house,89,NORMAL
brendans_mays_house,90,NORMAL
brendans_mays_house,91,NORMAL
brendans_mays_house,92,NORMAL
brendans_mays_house,93,NORMAL
brendans_mays_house,94,NORMAL
brendans_mays_house,95,NORMAL
brendans_mays_house,96,NORMAL
brendans_mays_house,97,NORMAL
brendans_mays_house,98,NORMAL
brendans_mays_house,99,NORMAL
brendans_mays_house,100,NORMAL
brendans_mays_house,101,NORMAL
brendans_mays_house,102,NORMAL
brendans_mays_house,103,NORMAL
brendans_mays_house,104,NORMAL
brendans_mays_house,105,NORMAL
brendans_mays_house,106,NORMAL
brendans_mays_house,107,NORMAL
brendans_mays_house,108,NORMAL
brendans_mays_house,109,NORMAL
brendans_mays_house,110,NORMAL
brendans_mays_house,111,NORMAL
brendans_mays_house,112,NORMAL
brendans_mays_house,113,NORMAL
brendans_mays_house,114,NORMAL
brendans_mays_house,115,NORMAL
brendans_mays_house,116,NORMAL
brendans_mays_house,117,NORMAL
brendans_mays_house,118,NORMAL
brendans_mays_house,119,NORMAL
brendans_mays_house,120,NORMAL
brendans_mays_house,121,NORMAL
brendans_mays_house,122,NORMAL
brendans_mays_house,123,NORMAL
brendans_mays_house,124,NORMAL
brendans_mays_house,125,NORMAL
brendans_mays_house,126,NORMAL
brendans_mays_house,127,NORMAL
brendans_mays_house,128,NORMAL
brendans_mays_house,129,NORMAL
brendans_mays_house,130,NORMAL
brendans_mays_house,131,NORMAL
brendans_mays_house,132,NORMAL
brendans_mays_house,133,NORMAL
brendans_mays_house,134,NORMAL
brendans_mays_house,135,NORMAL
brendans_mays_house,136,NORMAL
brendans_mays_house,137,NORMAL
brendans_mays_house,138,NORMAL
brendans_mays_house,139,NORMAL
brendans_mays_house,140,NORMAL
brendans_mays_house,141,NORMAL
brendans_mays_house,142,NORMAL
brendans_mays_house,143,NORMAL
brendans_mays_house,144,NORMAL
brendans_mays_house,145,NORMAL
brendans_mays_house,146,NORMAL
brendans_mays_house,147,NORMAL
brendans_mays_house,148,NORMAL
brendans_mays_house,149,NORMAL
brendans_mays_house,150,NORMAL
brendans_mays_house,151,NORMAL
brendans_mays_house,152,NORMAL
brendans_mays_house,153,NORMAL
brendans_mays_house,154,NORMAL
brendans_mays_house,155,NORMAL
brendans_mays_house,156,NORMAL
brendans_mays_house,157,NORMAL
brendans_mays_house,158,NORMAL
brendans_mays_house,159,NORMAL
brendans_mays_house,160,NORMAL
brendans_mays_house,161,NORMAL
brendans_mays_house,162,NORMAL
brendans_mays_house,163,NORMAL
brendans_mays_house,164,NORMAL
brendans_mays_house,165,NORMAL
brendans_mays_house,166,NORMAL
brendans_mays_house,167,NORMAL
brendans_mays_house,168,NORMAL
brendans_mays_house,169,NORMAL
brendans_mays_house,170,NORMAL
brendans_mays_house,171,NORMAL
brendans_mays_house,172,NORMAL
brendans_mays_house,173,NORMAL
brendans_mays_house,174,NORMAL
brendans_mays_house,175,NORMAL
brendans_mays_house,176,NORMAL
brendans_mays_house,177,NORMAL
brendans_mays_house,178,NORMAL
brendans_mays_house,179,NORMAL
brendans_mays_house,180,NORMAL
brendans_mays_house,181,NORMAL
brendans_mays_house,182,NORMAL
brendans_mays_house,183,NORMAL
brendans_mays_house,184,NORMAL
brendans_mays_house,185,NORMAL
brendans_mays_house,186,NORMAL
brendans_mays_house,187,NORMAL
brendans_mays_house,188,NORMAL
brendans_mays_house,189,NORMAL
brendans_mays_house,190,NORMAL
brendans_mays_house,191,NORMAL
brendans_mays_house,192,NORMAL
brendans_mays_house,193,NORMAL
brendans_mays_house,194,NORMAL
brendans_mays_house,195,NORMAL
oreburgh_south,0,NORMAL
oreburgh_south,1,NORMAL
oreburgh_south,2,NORMAL
oreburgh_south,3,NORMAL
oreburgh_south,4,NORMAL
oreburgh_south,5,NORMAL
oreburgh_south,6,NORMAL
oreburgh_south,7,NORMAL
oreburgh_south,8,NORMAL
oreburgh_south,9,NORMAL
oreburgh_south,10,NORMAL
oreburgh_south,11,NORMAL
oreburgh_south,12,NORMAL
oreburgh_south,13,NORMAL
oreburgh_south,14,NORMAL
oreburgh_south,15,NORMAL
oreburgh_south,16,NORMAL
oreburgh_south,17,NORMAL
oreburgh_south,18,NORMAL
oreburgh_south,19,NORMAL
oreburgh_south,20,NORMAL
oreburgh_south,21,NORMAL
oreburgh_south,22,NORMAL
oreburgh_south,23,NORMAL
oreburgh_south,24,NORMAL
oreburgh_south,25,NORMAL
oreburgh_south,26,NORMAL
oreburgh_south,27,NORMAL
oreburgh_south,28,NORMAL
oreburgh_south,29,NORMAL
oreburgh_south,30,NORMAL
oreburgh_south,31,NORMAL
oreburgh_south,32,NORMAL
oreburgh_south,33,NORMAL
oreburgh_south,34,NORMAL
oreburgh_south,35,NORMAL
oreburgh_south,36,NORMAL
oreburgh_south,37,NORMAL
oreburgh_south,38,NORMAL
oreburgh_south,39,NORMAL
oreburgh_south,40,NORMAL
oreburgh_south,41,NORMAL
oreburgh_south,42,NORMAL
oreburgh_south,43,NORMAL
oreburgh_south,44,NORMAL
oreburgh_south,45,NORMAL
oreburgh_south,46,NORMAL
oreburgh_south,47,NORMAL
oreburgh_south,48,NORMAL
oreburgh_south,49,NORMAL
oreburgh_south,50,NORMAL
oreburgh_south,51,NORMAL
oreburgh_south,52,NORMAL
oreburgh_south,53,NORMAL
oreburgh_south,54,NORMAL
oreburgh_south,55,NORMAL
oreburgh_south,56,NORMAL
oreburgh_south,57,NORMAL
oreburgh_south,58,NORMAL
oreburgh_south,59,NORMAL
oreburgh_south,60,NORMAL
oreburgh_south,61,NORMAL
oreburgh_south,62,NORMAL
oreburgh_south,63,NORMAL
oreburgh_south,64,NORMAL
oreburgh_south,65,NORMAL
oreburgh_south,66,NORMAL
oreburgh_south,67,NORMAL
oreburgh_south,68,NORMAL
oreburgh_south,69,NORMAL
oreburgh_south,70,NORMAL
oreburgh_south,71,NORMAL
oreburgh_south,72,NORMAL
oreburgh_south,73,NORMAL
oreburgh_south,74,NORMAL
oreburgh_south,75,NORMAL
oreburgh_south,76,NORMAL
oreburgh_south,77,NORMAL
oreburgh_south,78,NORMAL
oreburgh_south,79,NORMAL
oreburgh_south,80,NORMAL
oreburgh_south,81,NORMAL
oreburgh_south,82,NORMAL
oreburgh_south,83,NORMAL
oreburgh_south,84,NORMAL
oreburgh_south,85,NORMAL
oreburgh_south,86,NORMAL
oreburgh_south,87,NORMAL
oreburgh_south,88,NORMAL
oreburgh_south,89,NORMAL
oreburgh_south,90,NORMAL
oreburgh_south,91,NORMAL
oreburgh_south,92,NORMAL
oreburgh_south,93,NORMAL
oreburgh_south,94,NORMAL
oreburgh_south,95,NORMAL
oreburgh_south,96,NORMAL
oreburgh_south,97,NORMAL
oreburgh_south,98,NORMAL
oreburgh_south,99,NORMAL
oreburgh_south,100,NORMAL
oreburgh_south,101,NORMAL
oreburgh_south,102,NORMAL
oreburgh_south,103,NORMAL
oreburgh_south,104,NORMAL
oreburgh_south,105,NORMAL
oreburgh_south,106,NORMAL
oreburgh_south,107,NORMAL
oreburgh_south,108,NORMAL
oreburgh_south,109,NORMAL
oreburgh_south,110,NORMAL
oreburgh_south,111,NORMAL
oreburgh_south,112,NORMAL
oreburgh_south,113,NORMAL
oreburgh_south,114,NORMAL
oreburgh_south,115,NORMAL
oreburgh_south,116,NORMAL
oreburgh_south,117,NORMAL
oreburgh_south,118,NORMAL
oreburgh_south,119,NORMAL
oreburgh_south,120,NORMAL
oreburgh_south,121,NORMAL
oreburgh_south,122,NORMAL
oreburgh_south,123,NORMAL
oreburgh_south,124,NORMAL
oreburgh_south,125,NORMAL
oreburgh_south,126,NORMAL
oreburgh_south,127,NORMAL
oreburgh_south,128,NORMAL
oreburgh_south,129,NORMAL
oreburgh_south,130,NORMAL
oreburgh_south,131,NORMAL
oreburgh_south,132,NORMAL
oreburgh_south,133,NORMAL
oreburgh_south,134,NORMAL
oreburgh_south,135,NORMAL
oreburgh_south,136,NORMAL
oreburgh_south,137,NORMAL
oreburgh_south,138,NORMAL
oreburgh_south,139,NORMAL
oreburgh_south,140,NORMAL
oreburgh_south,141,NORMAL
oreburgh_south,142,NORMAL
oreburgh_south,143,NORMAL
oreburgh_south,144,NORMAL
oreburgh_south,145,NORMAL
oreburgh_south,146,NORMAL
oreburgh_south,147,NORMAL
oreburgh_south,148,NORMAL
oreburgh_south,149,NORMAL
oreburgh_south,150,NORMAL
oreburgh_south,151,NORMAL
oreburgh_south,152,NORMAL
oreburgh_south,153,NORMAL
oreburgh_south,154,NORMAL
oreburgh_south,155,NORMAL
oreburgh_south,156,NORMAL
oreburgh_south,157,NORMAL
oreburgh_south,158,NORMAL
oreburgh_south,159,NORMAL
oreburgh_south,160,NORMAL
oreburgh_south,161,NORMAL
oreburgh_south,162,NORMAL
oreburgh_south,163,NORMAL
oreburgh_south,164,NORMAL
oreburgh_south,165,NORMAL
oreburgh_south,166,NORMAL
oreburgh_south,167,NORMAL
oreburgh_south,168,NORMAL
oreburgh_south,169,NORMAL
oreburgh_south,170,NORMAL
oreburgh_south,171,NORMAL
oreburgh_south,172,NORMAL
oreburgh_south,173,NORMAL
oreburgh_south,174,NORMAL
oreburgh_south,175,NORMAL
oreburgh_south,176,NORMAL
oreburgh_south,177,NORMAL
oreburgh_south,178,NORMAL
oreburgh_south,179,NORMAL
oreburgh_south,180,NORMAL
oreburgh_south,181,NORMAL
oreburgh_south,182,NORMAL
oreburgh_south,183,NORMAL
oreburgh_south,184,NORMAL
oreburgh_south,185,NORMAL
oreburgh_south,186,NORMAL
oreburgh_south,187,NORMAL
oreburgh_south,188,NORMAL
oreburgh_south,189,NORMAL
oreburgh_south,190,NORMAL
oreburgh_south,191,NORMAL
oreburgh_south,192,NORMAL
oreburgh_south,193,NORMAL
oreburgh_south,194,NORMAL
oreburgh_south,195,NORMAL
oreburgh_south,196,NORMAL
oreburgh_south,197,NORMAL
oreburgh_south,198,NORMAL
oreburgh_south,199,NORMAL
oreburgh_south,200,NORMAL
oreburgh_south,201,NORMAL
oreburgh_south,202,NORMAL
oreburgh_south,203,NORMAL
oreburgh_south,204,NORMAL
oreburgh_south,205,NORMAL
oreburgh_south,206,NORMAL
oreburgh_south,207,NORMAL
oreburgh_south,208,NORMAL
oreburgh_south,209,NORMAL
oreburgh_south,210,NORMAL
oreburgh_south,211,NORMAL
oreburgh_south,212,NORMAL
oreburgh_south,213,NORMAL
oreburgh_south,214,NORMAL
oreburgh_south,215,NORMAL
oreburgh_south,216,NORMAL
oreburgh_south,217,NORMAL
oreburgh_south,218,NORMAL
oreburgh_south,219,NORMAL
oreburgh_south,220,NORMAL
oreburgh_south,221,NORMAL
oreburgh_south,222,NORMAL
oreburgh_south,223,NORMAL
oreburgh_south,224,NORMAL
oreburgh_south,225,NORMAL
oreburgh_south,226,NORMAL
oreburgh_south,227,NORMAL
oreburgh_south,228,NORMAL
oreburgh_south,229,NORMAL
oreburgh_south,230,NORMAL
oreburgh_south,231,NORMAL
oreburgh_south,232,NORMAL
oreburgh_south,233,NORMAL
oreburgh_south,234,NORMAL
oreburgh_south,235,NORMAL
oreburgh_south,236,NORMAL
oreburgh_south,237,NORMAL
oreburgh_south,238,NORMAL
oreburgh_south,239,NORMAL
oreburgh_south,240,NORMAL
oreburgh_south,241,NORMAL
oreburgh_south,242,NORMAL
oreburgh_south,243,NORMAL
oreburgh_south,244,NORMAL
oreburgh_south,245,NORMAL
oreburgh_south,246,NORMAL
oreburgh_south,247,NORMAL
oreburgh_south,248,NORMAL
oreburgh_south,249,NORMAL
oreburgh_south,250,NORMAL
oreburgh_south,251,NORMAL
oreburgh_south,252,NORMAL
oreburgh_south,253,NORMAL
oreburgh_south,254,NORMAL
oreburgh_south,255,NORMAL
navel_rock,0,NORMAL
navel_rock,1,NORMAL
navel_rock,2,NORMAL
navel_rock,3,NORMAL
navel_rock,4,NORMAL
navel_rock,5,NORMAL
navel_rock,6,NORMAL
navel_rock,7,NORMAL
navel_rock,8,NORMAL
navel_rock,9,NORMAL
navel_rock,10,NORMAL
navel_rock,11,NORMAL
navel_rock,12,NORMAL
navel_rock,13,NORMAL
navel_rock,14,NORMAL
navel_rock,15,NORMAL
navel_rock,16,NORMAL
navel_rock,17,NORMAL
navel_rock,18,NORMAL
navel_rock,19,NORMAL
navel_rock,20,NORMAL
navel_rock,21,NORMAL
navel_rock,22,NORMAL
navel_rock,23,NORMAL
navel_rock,24,NORMAL
navel_rock,25,NORMAL
navel_rock,26,NORMAL
navel_rock,27,NORMAL
navel_rock,28,NORMAL
navel_rock,29,NORMAL
navel_rock,30,NORMAL
navel_rock,31,NORMAL
navel_rock,32,NORMAL
navel_rock,33,NORMAL
navel_rock,34,NORMAL
navel_rock,35,NORMAL
navel_rock,36,NORMAL
navel_rock,37,NORMAL
navel_rock,38,NORMAL
navel_rock,39,NORMAL
navel_rock,40,NORMAL
navel_rock,41,NORMAL
navel_rock,42,NORMAL
navel_rock,43,NORMAL
navel_rock,44,NORMAL
navel_rock,45,NORMAL
navel_rock,46,NORMAL
navel_rock,47,NORMAL
navel_rock,48,NORMAL
navel_rock,49,NORMAL
navel_rock,50,NORMAL
navel_rock,51,NORMAL
navel_rock,52,NORMAL
navel_rock,53,NORMAL
navel_rock,54,NORMAL
navel_rock,55,NORMAL
navel_rock,56,NORMAL
navel_rock,57,NORMAL
navel_rock,58,NORMAL
navel_rock,59,NORMAL
navel_rock,60,NORMAL
navel_rock,61,NORMAL
navel_rock,62,NORMAL
navel_rock,63,NORMAL
navel_rock,64,NORMAL
navel_rock,65,NORMAL
navel_rock,66,NORMAL
navel_rock,67,NORMAL
navel_rock,68,NORMAL
navel_rock,69,NORMAL
navel_rock,70,NORMAL
navel_rock,71,NORMAL
navel_rock,72,NORMAL
navel_rock,73,NORMAL
navel_rock,74,NORMAL
navel_rock,75,NORMAL
navel_rock,76,NORMAL
navel_rock,77,NORMAL
navel_rock,78,NORMAL
navel_rock,79,NORMAL
navel_rock,80,NORMAL
navel_rock,81,NORMAL
navel_rock,82,NORMAL
navel_rock,83,NORMAL
navel_rock,84,NORMAL
navel_rock,85,NORMAL
navel_rock,86,NORMAL
navel_rock,87,NORMAL
navel_rock,88,NORMAL
navel_rock,89,NORMAL
navel_rock,90,NORMAL
navel_rock,91,NORMAL
navel_rock,92,NORMAL
navel_rock,93,NORMAL
navel_rock,94,NORMAL
navel_rock,95,NORMAL
navel_rock,96,NORMAL
navel_rock,97,NORMAL
navel_rock,98,NORMAL
navel_rock,99,NORMAL
navel_rock,100,NORMAL
navel_rock,101,NORMAL
navel_rock,102,NORMAL
navel_rock,103,NORMAL
navel_rock,104,NORMAL
navel_rock,105,NORMAL
navel_rock,106,NORMAL
navel_rock,107,NORMAL
navel_rock,108,NORMAL
navel_rock,109,NORMAL
navel_rock,110,NORMAL
navel_rock,111,NORMAL
navel_rock,112,NORMAL
navel_rock,113,NORMAL
navel_rock,114,NORMAL
navel_rock,115,NORMAL
navel_rock,116,NORMAL
navel_rock,117,NORMAL
navel_rock,118,NORMAL
navel_rock,119,NORMAL
navel_rock,120,NORMAL
navel_rock,121,NORMAL
navel_rock,122,NORMAL
navel_rock,123,NORMAL
navel_rock,124,NORMAL
navel_rock,125,NORMAL
navel_rock,126,NORMAL
navel_rock,127,NORMAL
navel_rock,128,NORMAL
navel_rock,129,NORMAL
navel_rock,130,NORMAL
navel_rock,131,NORMAL
navel_rock,132,NORMAL
navel_rock,133,NORMAL
navel_rock,134,NORMAL
navel_rock,135,NORMAL
navel_rock,136,NORMAL
navel_rock,137,NORMAL
navel_rock,138,NORMAL
navel_rock,139,NORMAL
navel_rock,140,NORMAL
navel_rock,141,NORMAL
navel_rock,142,NORMAL
navel_rock,143,NORMAL
navel_rock,144,NORMAL
navel_rock,145,NORMAL
navel_rock,146,NORMAL
navel_rock,147,NORMAL
navel_rock,148,NORMAL
navel_rock,149,NORMAL
navel_rock,150,NORMAL
navel_rock,151,NORMAL
navel_rock,152,NORMAL
navel_rock,153,NORMAL
navel_rock,154,NORMAL
navel_rock,155,NORMAL
navel_rock,156,NORMAL
navel_rock,157,NORMAL
navel_rock,158,NORMAL
navel_rock,159,NORMAL
navel_rock,160,NORMAL
navel_rock,161,NORMAL
navel_rock,162,NORMAL
navel_rock,163,NORMAL
navel_rock,164,NORMAL
navel_rock,165,NORMAL
navel_rock,166,NORMAL
navel_rock,167,NORMAL
navel_rock,168,NORMAL
navel_rock,169,NORMAL
navel_rock,170,NORMAL
navel_rock,171,NORMAL
navel_rock,172,NORMAL
navel_rock,173,NORMAL
navel_rock,174,NORMAL
navel_rock,175,NORMAL
navel_rock,176,NORMAL
navel_rock,177,NORMAL
navel_rock,178,NORMAL
navel_rock,179,NORMAL
navel_rock,180,NORMAL
navel_rock,181,NORMAL
navel_rock,182,NORMAL
navel_rock,183,NORMAL
navel_rock,184,NORMAL
navel_rock,185,NORMAL
navel_rock,186,NORMAL
navel_rock,187,NORMAL
navel_rock,188,NORMAL
navel_rock,189,NORMAL
navel_rock,190,NORMAL
navel_rock,191,NORMAL
navel_rock,192,NORMAL
navel_rock,193,NORMAL
navel_rock,194,NORMAL
navel_rock,195,NORMAL
navel_rock,196,NORMAL
navel_rock,197,NORMAL
navel_rock,198,NORMAL
navel_rock,199,NORMAL
navel_rock,200,NORMAL
navel_rock,201,NORMAL
navel_rock,202,NORMAL
navel_rock,203,NORMAL
navel_rock,204,NORMAL
navel_rock,205,NORMAL
navel_rock,206,NORMAL
navel_rock,207,NORMAL
navel_rock,208,NORMAL
navel_rock,209,NORMAL
navel_rock,210,NORMAL
navel_rock,211,NORMAL
navel_rock,212,NORMAL
navel_rock,213,NORMAL
navel_rock,214,NORMAL
navel_rock,215,NORMAL
navel_rock,216,NORMAL
navel_rock,217,NORMAL
navel_rock,218,NORMAL
navel_rock,219,NORMAL
navel_rock,220,NORMAL
navel_rock,221,NORMAL
navel_rock,222,NORMAL
navel_rock,223,NORMAL
navel_rock,224,NORMAL
navel_rock,225,NORMAL
navel_rock,226,NORMAL
navel_rock,227,NORMAL
navel_rock,228,NORMAL
navel_rock,229,NORMAL
navel_rock,230,NORMAL
navel_rock,231,NORMAL
navel_rock,232,NORMAL
navel_rock,233,NORMAL
navel_rock,234,NORMAL
navel_rock,235,NORMAL
navel_rock,236,NORMAL
navel_rock,237,NORMAL
navel_rock,238,NORMAL
navel_rock,239,NORMAL
navel_rock,240,NORMAL
navel_rock,241,NORMAL
navel_rock,242,NORMAL
navel_rock,243,NORMAL
navel_rock,244,NORMAL
navel_rock,245,NORMAL
navel_rock,246,NORMAL
navel_rock,247,NORMAL
navel_rock,248,NORMAL
navel_rock,249,NORMAL
navel_rock,250,NORMAL
navel_rock,251,NORMAL
navel_rock,252,NORMAL
navel_rock,253,NORMAL
navel_rock,254,NORMAL
navel_rock,255,NORMAL
navel_rock,256,NORMAL
navel_rock,257,NORMAL
navel_rock,258,NORMAL
navel_rock,259,NORMAL
navel_rock,260,NORMAL
navel_rock,261,NORMAL
navel_rock,262,NORMAL
navel_rock,263,NORMAL
navel_rock,264,NORMAL
navel_rock,265,NORMAL
navel_rock,266,NORMAL
navel_rock,267,NORMAL
navel_rock,268,NORMAL
navel_rock,269,NORMAL
navel_rock,270,NORMAL
navel_rock,271,NORMAL
navel_rock,272,NORMAL
navel_rock,273,NORMAL
navel_rock,274,NORMAL
navel_rock,275,NORMAL
navel_rock,276,NORMAL
navel_rock,277,NORMAL
navel_rock,278,NORMAL
navel_rock,279,NORMAL
navel_rock,280,NORMAL
navel_rock,281,NORMAL
navel_rock,282,NORMAL
navel_rock,283,NORMAL
navel_rock,284,NORMAL
navel_rock,285,NORMAL
navel_rock,286,NORMAL
navel_rock,287,NORMAL
navel_rock,288,NORMAL
navel_rock,289,NORMAL
navel_rock,290,NORMAL
navel_rock,291,NORMAL
navel_rock,292,NORMAL
navel_rock,293,NORMAL
navel_rock,294,NORMAL
navel_rock,295,NORMAL
navel_rock,296,NORMAL
navel_rock,297,NORMAL
navel_rock,298,NORMAL
navel_rock,299,NORMAL
navel_rock,300,NORMAL
navel_rock,301,NORMAL
navel_rock,302,NORMAL
navel_rock,303,NORMAL
navel_rock,304,NORMAL
navel_rock,305,NORMAL
navel_rock,306,NORMAL
navel_rock,307,NORMAL
navel_rock,308,NORMAL
navel_rock,309,NORMAL
navel_rock,310,NORMAL
navel_rock,311,NORMAL
navel_rock,312,NORMAL
navel_rock,313,NORMAL
navel_rock,314,NORMAL
navel_rock,315,NORMAL
navel_rock,316,NORMAL
navel_rock,317,NORMAL
navel_rock,318,NORMAL
navel_rock,319,NORMAL
navel_rock,320,NORMAL
navel_rock,321,NORMAL
navel_rock,322,NORMAL
navel_rock,323,NORMAL
navel_rock,324,NORMAL
navel_rock,325,NORMAL
navel_rock,326,NORMAL
navel_rock,327,NORMAL
navel_rock,328,NORMAL
navel_rock,329,NORMAL
navel_rock,330,NORMAL
navel_rock,331,NORMAL
navel_rock,332,NORMAL
navel_rock,333,NORMAL
navel_rock,334,NORMAL
navel_rock,335,NORMAL
navel_rock,336,NORMAL
navel_rock,337,NORMAL
navel_rock,338,NORMAL
navel_rock,339,NORMAL
navel_rock,340,NORMAL
navel_rock,341,NORMAL
navel_rock,342,NORMAL
navel_rock,343,NORMAL
navel_rock,344,NORMAL
navel_rock,345,NORMAL
navel_rock,346,NORMAL
navel_rock,347,NORMAL
navel_rock,348,NORMAL
navel_rock,349,NORMAL
navel_rock,350,NORMAL
navel_rock,351,NORMAL
navel_rock,352,NORMAL
navel_rock,353,NORMAL
navel_rock,354,NORMAL
navel_rock,355,NORMAL
navel_rock,356,NORMAL
navel_rock,357,NORMAL
navel_rock,358,NORMAL
navel_rock,359,NORMAL
navel_rock,360,NORMAL
navel_rock,361,NORMAL
navel_rock,362,NORMAL
navel_rock,363,NORMAL
navel_rock,364,NORMAL
navel_rock,365,NORMAL
navel_rock,366,NORMAL
navel_rock,367,NORMAL
navel_rock,368,NORMAL
navel_rock,369,NORMAL
navel_rock,370,NORMAL
navel_rock,371,NORMAL
navel_rock,372,NORMAL
navel_rock,373,NORMAL
navel_rock,374,NORMAL
navel_rock,375,NORMAL
navel_rock,376,NORMAL
navel_rock,377,NORMAL
navel_rock,378,NORMAL
navel_rock,379,NORMAL
navel_rock,380,NORMAL
navel_rock,381,NORMAL
navel_rock,382,NORMAL
navel_rock,383,NORMAL
navel_rock,384,NORMAL
navel_rock,385,NORMAL
navel_rock,386,NORMAL
navel_rock,387,NORMAL
navel_rock,388,NORMAL
navel_rock,389,NORMAL
navel_rock,390,NORMAL
navel_rock,391,NORMAL
navel_rock,392,NORMAL
navel_rock,393,NORMAL
navel_rock,394,NORMAL
navel_rock,395,NORMAL
navel_rock,396,NORMAL
navel_rock,397,NORMAL
navel_rock,398,NORMAL
navel_rock,399,NORMAL
navel_rock,400,NORMAL
navel_rock,401,NORMAL
navel_rock,402,NORMAL
navel_rock,403,NORMAL
navel_rock,404,NORMAL
navel_rock,405,NORMAL
navel_rock,406,NORMAL
navel_rock,407,NORMAL
navel_rock,408,NORMAL
navel_rock,409,NORMAL
navel_rock,410,NORMAL
navel_rock,411,NORMAL
navel_rock,412,NORMAL
navel_rock,413,NORMAL
navel_rock,414,NORMAL
navel_rock,415,NORMAL
navel_rock,416,NORMAL
navel_rock,417,NORMAL
navel_rock,418,NORMAL
navel_rock,419,NORMAL
navel_rock,420,NORMAL
navel_rock,421,NORMAL
navel_rock,422,NORMAL
navel_rock,423,NORMAL
navel_rock,424,NORMAL
navel_rock,425,NORMAL
navel_rock,426,NORMAL
navel_rock,427,NORMAL
navel_rock,428,NORMAL
navel_rock,429,NORMAL
navel_rock,430,NORMAL
navel_rock,431,NORMAL
navel_rock,432,NORMAL
navel_rock,433,NORMAL
navel_rock,434,NORMAL
navel_rock,435,NORMAL
navel_rock,436,NORMAL
navel_rock,437,NORMAL
navel_rock,438,NORMAL
navel_rock,439,NORMAL
navel_rock,440,NORMAL
navel_rock,441,NORMAL
navel_rock,442,NORMAL
navel_rock,443,NORMAL
navel_rock,444,NORMAL
navel_rock,445,NORMAL
navel_rock,446,NORMAL
navel_rock,447,NORMAL
navel_rock,448,NORMAL
navel_rock,449,NORMAL
navel_rock,450,NORMAL
meteor_falls,0,NORMAL
meteor_falls,1,NORMAL
meteor_falls,2,NORMAL
meteor_falls,3,NORMAL
meteor_falls,4,NORMAL
meteor_falls,5,NORMAL
meteor_falls,6,NORMAL
meteor_falls,7,NORMAL
meteor_falls,8,NORMAL
meteor_falls,9,NORMAL
meteor_falls,10,NORMAL
meteor_falls,11,NORMAL
meteor_falls,12,NORMAL
meteor_falls,13,NORMAL
meteor_falls,14,NORMAL
meteor_falls,15,NORMAL
meteor_falls,16,NORMAL
meteor_falls,17,NORMAL
meteor_falls,18,NORMAL
meteor_falls,19,NORMAL
meteor_falls,20,NORMAL
meteor_falls,21,NORMAL
meteor_falls,22,NORMAL
meteor_falls,23,NORMAL
meteor_falls,24,NORMAL
meteor_falls,25,NORMAL
meteor_falls,26,NORMAL
meteor_falls,27,NORMAL
meteor_falls,28,NORMAL
meteor_falls,29,NORMAL
meteor_falls,30,NORMAL
meteor_falls,31,NORMAL
meteor_falls,32,NORMAL
meteor_falls,33,NORMAL
meteor_falls,34,NORMAL
meteor_falls,35,NORMAL
meteor_falls,36,NORMAL
meteor_falls,37,NORMAL
meteor_falls,38,NORMAL
meteor_falls,39,NORMAL
meteor_falls,40,NORMAL
meteor_falls,41,NORMAL
meteor_falls,42,NORMAL
meteor_falls,43,NORMAL
meteor_falls,44,NORMAL
meteor_falls,45,NORMAL
meteor_falls,46,NORMAL
meteor_falls,47,NORMAL
meteor_falls,48,NORMAL
meteor_falls,49,NORMAL
meteor_falls,50,NORMAL
meteor_falls,51,NORMAL
meteor_falls,52,NORMAL
meteor_falls,53,NORMAL
meteor_falls,54,NORMAL
meteor_falls,55,NORMAL
meteor_falls,56,NORMAL
meteor_falls,57,NORMAL
meteor_falls,58,NORMAL
meteor_falls,59,NORMAL
meteor_falls,60,NORMAL
meteor_falls,61,NORMAL
meteor_falls,62,NORMAL
meteor_falls,63,NORMAL
meteor_falls,64,NORMAL
meteor_falls,65,NORMAL
meteor_falls,66,NORMAL
meteor_falls,67,NORMAL
meteor_falls,68,NORMAL
meteor_falls,69,NORMAL
meteor_falls,70,NORMAL
meteor_falls,71,NORMAL
meteor_falls,72,NORMAL
meteor_falls,73,NORMAL
meteor_falls,74,NORMAL
meteor_falls,75,NORMAL
meteor_falls,76,NORMAL
meteor_falls,77,NORMAL
meteor_falls,78,NORMAL
meteor_falls,79,NORMAL
meteor_falls,80,NORMAL
meteor_falls,81,NORMAL
meteor_falls,82,NORMAL
meteor_falls,83,NORMAL
meteor_falls,84,NORMAL
meteor_falls,85,NORMAL
meteor_falls,86,NORMAL
meteor_falls,87,NORMAL
meteor_falls,88,NORMAL
meteor_falls,89,NORMAL
meteor_falls,90,NORMAL
meteor_falls,91,NORMAL
meteor_falls,92,NORMAL
meteor_falls,93,NORMAL
meteor_falls,94,NORMAL
meteor_falls,95,NORMAL
meteor_falls,96,NORMAL
meteor_falls,97,NORMAL
meteor_falls,98,NORMAL
meteor_falls,99,NORMAL
meteor_falls,100,NORMAL
meteor_falls,101,NORMAL
meteor_falls,102,NORMAL
meteor_falls,103,NORMAL
meteor_falls,104,NORMAL
meteor_falls,105,NORMAL
meteor_falls,106,NORMAL
meteor_falls,107,NORMAL
meteor_falls,108,NORMAL
meteor_falls,109,NORMAL
meteor_falls,110,NORMAL
meteor_falls,111,NORMAL
meteor_falls,112,NORMAL
meteor_falls,113,NORMAL
meteor_falls,114,NORMAL
meteor_falls,115,NORMAL
meteor_falls,116,NORMAL
meteor_falls,117,NORMAL
meteor_falls,118,NORMAL
meteor_falls,119,NORMAL
meteor_falls,120,NORMAL
meteor_falls,121,NORMAL
meteor_falls,122,NORMAL
meteor_falls,123,NORMAL
meteor_falls,124,NORMAL
meteor_falls,125,NORMAL
meteor_falls,126,NORMAL
meteor_falls,127,NORMAL
meteor_falls,128,NORMAL
meteor_falls,129,NORMAL
meteor_falls,130,NORMAL
meteor_falls,131,NORMAL
meteor_falls,132,NORMAL
meteor_falls,133,NORMAL
meteor_falls,134,NORMAL
meteor_falls,135,NORMAL
meteor_falls,136,NORMAL
meteor_falls,137,NORMAL
meteor_falls,138,NORMAL
meteor_falls,139,NORMAL
meteor_falls,140,NORMAL
meteor_falls,141,NORMAL
meteor_falls,142,NORMAL
meteor_falls,143,NORMAL
meteor_falls,144,NORMAL
meteor_falls,145,NORMAL
meteor_falls,146,NORMAL
meteor_falls,147,NORMAL
meteor_falls,148,NORMAL
meteor_falls,149,NORMAL
meteor_falls,150,NORMAL
meteor_falls,151,NORMAL
meteor_falls,152,NORMAL
meteor_falls,153,NORMAL
meteor_falls,154,NORMAL
meteor_falls,155,NORMAL
meteor_falls,156,NORMAL
meteor_falls,157,NORMAL
meteor_falls,158,NORMAL
route_204_north,0,NORMAL
route_204_north,1,NORMAL
route_204_north,2,NORMAL
route_204_north,3,NORMAL
route_204_north,4,NORMAL
route_204_north,5,NORMAL
route_204_north,6,NORMAL
route_204_north,7,NORMAL
route_204_north,8,NORMAL
route_204_north,9,NORMAL
route_204_north,10,NORMAL
route_204_north,11,NORMAL
route_204_north,12,NORMAL
route_204_north,13,NORMAL
route_204_north,14,NORMAL
route_204_north,15,NORMAL
route_204_north,16,NORMAL
route_204_north,17,NORMAL
route_204_north,18,NORMAL
route_204_north,19,NORMAL
route_204_north,20,NORMAL
route_204_north,21,NORMAL
route_204_north,22,NORMAL
route_204_north,23,NORMAL
route_204_north,24,NORMAL
route_204_north,25,NORMAL
route_204_north,26,NORMAL
route_204_north,27,NORMAL
route_204_north,28,NORMAL
route_204_north,29,NORMAL
route_204_north,30,NORMAL
route_204_north,31,NORMAL
route_204_north,32,NORMAL
route_204_north,33,NORMAL
route_204_north,34,NORMAL
route_204_north,35,NORMAL
route_204_north,36,NORMAL
route_204_north,37,NORMAL
route_204_north,38,NORMAL
route_204_north,39,NORMAL
route_204_north,40,NORMAL
route_204_north,41,NORMAL
route_204_north,42,NORMAL
route_204_north,43,NORMAL
route_204_north,44,NORMAL
route_204_north,45,NORMAL
route_204_north,46,NORMAL
route_204_north,47,NORMAL
route_204_north,48,NORMAL
route_204_north,49,NORMAL
route_204_north,50,NORMAL
route_204_north,51,NORMAL
route_204_north,52,NORMAL
route_204_north,53,NORMAL
route_204_north,54,NORMAL
route_204_north,55,NORMAL
route_204_north,56,NORMAL
route_204_north,57,NORMAL
route_204_north,58,NORMAL
route_204_north,59,NORMAL
route_204_north,60,NORMAL
route_204_north,61,NORMAL
route_204_north,62,NORMAL
route_204_north,63,NORMAL
route_204_north,64,NORMAL
route_204_north,65,NORMAL
route_204_north,66,NORMAL
route_204_north,67,NORMAL
route_204_north,68,NORMAL
route_204_north,69,NORMAL
route_204_north,70,NORMAL
route_204_north,71,NORMAL
route_204_north,72,NORMAL
route_204_north,73,NORMAL
route_204_north,74,NORMAL
route_204_north,75,NORMAL
route_204_north,76,NORMAL
route_204_north,77,NORMAL
route_204_north,78,NORMAL
route_204_north,79,NORMAL
route_204_north,80,NORMAL
route_204_north,81,NORMAL
route_204_north,82,NORMAL
route_204_north,83,NORMAL
route_204_north,84,NORMAL
route_204_north,85,NORMAL
route_204_north,86,NORMAL
route_204_north,87,NORMAL
route_204_north,88,NORMAL
route_204_north,89,NORMAL
route_204_north,90,NORMAL
route_204_north,91,NORMAL
route_204_north,92,NORMAL
route_204_north,93,NORMAL
route_204_north,94,NORMAL
route_204_north,95,NORMAL
route_204_north,96,NORMAL
route_204_north,97,NORMAL
route_204_north,98,NORMAL
route_204_north,99,NORMAL
route_204_north,100,NORMAL
route_204_north,101,NORMAL
route_204_north,102,NORMAL
route_204_north,103,NORMAL
route_204_north,104,NORMAL
route_204_north,105,NORMAL
route_204_north,106,NORMAL
route_204_north,107,NORMAL
route_204_north,108,NORMAL
route_204_north,109,NORMAL
route_204_north,110,NORMAL
route_204_north,111,NORMAL
route_204_north,112,NORMAL
route_204_north,113,NORMAL
route_204_north,114,NORMAL
route_204_north,115,NORMAL
route_204_north,116,NORMAL
route_204_north,117,NORMAL
route_204_north,118,NORMAL
route_204_north,119,NORMAL
route_204_north,120,NORMAL
route_204_north,121,NORMAL
route_204_north,122,NORMAL
route_204_north,123,NORMAL
route_204_north,124,NORMAL
route_204_north,125,NORMAL
route_204_north,126,NORMAL
route_204_north,127,NORMAL
pokemon_center,0,NORMAL
pokemon_center,1,NORMAL
pokemon_center,2,NORMAL
pokemon_center,3,NORMAL
pokemon_center,4,NORMAL
pokemon_center,5,NORMAL
pokemon_center,6,NORMAL
pokemon_center,7,NORMAL
pokemon_center,8,NORMAL
pokemon_center,9,NORMAL
pokemon_center,10,NORMAL
pokemon_center,11,NORMAL
pokemon_center,12,NORMAL
pokemon_center,13,NORMAL
pokemon_center,14,NORMAL
pokemon_center,15,NORMAL
pokemon_center,16,NORMAL
pokemon_center,17,NORMAL
pokemon_center,18,NORMAL
pokemon_center,19,NORMAL
pokemon_center,20,NORMAL
pokemon_center,21,NORMAL
pokemon_center,22,NORMAL
pokemon_center,23,NORMAL
pokemon_center,24,NORMAL
pokemon_center,25,NORMAL
pokemon_center,26,NORMAL
pokemon_center,27,NORMAL
pokemon_center,28,NORMAL
pokemon_center,29,NORMAL
pokemon_center,30,NORMAL
pokemon_center,31,NORMAL
pokemon_center,32,NORMAL
pokemon_center,33,NORMAL
pokemon_center,34,NORMAL
pokemon_center,35,NORMAL
pokemon_center,36,NORMAL
pokemon_center,37,NORMAL
pokemon_center,38,NORMAL
pokemon_center,39,NORMAL
pokemon_center,40,NORMAL
pokemon_center,41,NORMAL
pokemon_center,42,NORMAL
pokemon_center,43,NORMAL
pokemon_center,44,NORMAL
pokemon_center,45,NORMAL
pokemon_center,46,NORMAL
pokemon_center,47,NORMAL
pokemon_center,48,NORMAL
pokemon_center,49,NORMAL
pokemon_center,50,NORMAL
pokemon_center,51,NORMAL
pokemon_center,52,NORMAL
pokemon_center,53,NORMAL
pokemon_center,54,NORMAL
pokemon_center,55,NORMAL
pokemon_center,56,NORMAL
pokemon_center,57,NORMAL
pokemon_center,58,NORMAL
pokemon_center,59,NORMAL
pokemon_center,60,NORMAL
pokemon_center,61,NORMAL
pokemon_center,62,NORMAL
pokemon_center,63,NORMAL
pokemon_center,64,NORMAL
pokemon_center,65,NORMAL
pokemon_center,66,NORMAL
pokemon_center,67,NORMAL
pokemon_center,68,NORMAL
pokemon_center,69,NORMAL
pokemon_center,70,NORMAL
pokemon_center,71,NORMAL
pokemon_center,72,NORMAL
pokemon_center,73,NORMAL
pokemon_center,74,NORMAL
pokemon_center,75,NORMAL
pokemon_center,76,NORMAL
pokemon_center,77,NORMAL
pokemon_center,78,NORMAL
pokemon_center,79,NORMAL
pokemon_center,80,NORMAL
pokemon_center,81,NORMAL
pokemon_center,82,NORMAL
pokemon_center,83,NORMAL
pokemon_center,84,NORMAL
pokemon_center,85,NORMAL
pokemon_center,86,NORMAL
pokemon_center,87,NORMAL
pokemon_center,88,NORMAL
pokemon_center,89,NORMAL
pokemon_center,90,NORMAL
pokemon_center,91,NORMAL
pokemon_center,92,NORMAL
pokemon_center,93,NORMAL
pokemon_center,94,NORMAL
pokemon_center,95,NORMAL
pokemon_center,96,NORMAL
pokemon_center,97,NORMAL
pokemon_center,98,NORMAL
pokemon_center,99,NORMAL
pokemon_center,100,NORMAL
pokemon_center,101,NORMAL
pokemon_center,102,NORMAL
pokemon_center,103,NORMAL
pokemon_center,104,NORMAL
pokemon_center,105,NORMAL
pokemon_center,106,NORMAL
pokemon_center,107,NORMAL
pokemon_center,108,NORMAL
pokemon_center,109,NORMAL
pokemon_center,110,NORMAL
pokemon_center,111,NORMAL
pokemon_center,112,NORMAL
pokemon_center,113,NORMAL
pokemon_center,114,NORMAL
pokemon_center,115,NORMAL
pokemon_center,116,NORMAL
pokemon_center,117,NORMAL
pokemon_center,118,NORMAL
pokemon_center,119,NORMAL
pokemon_center,120,NORMAL
pokemon_center,121,NORMAL
pokemon_center,122,NORMAL
pokemon_center,123,NORMAL
pokemon_center,124,NORMAL
pokemon_center,125,NORMAL
pokemon_center,126,NORMAL
pokemon_center,127,NORMAL
pokemon_center,128,NORMAL
pokemon_center,129,NORMAL
pokemon_center,130,NORMAL
pokemon_center,131,NORMAL
pokemon_center,132,NORMAL
pokemon_center,133,NORMAL
pokemon_center,134,NORMAL
pokemon_center,135,NORMAL
pokemon_center,136,NORMAL
pokemon_center,137,NORMAL
pokemon_center,138,NORMAL
pokemon_center,139,NORMAL
pokemon_center,140,NORMAL
pokemon_center,141,NORMAL
pokemon_center,142,NORMAL
pokemon_center,143,NORMAL
pokemon_center,144,NORMAL
pokemon_center,145,NORMAL
pokemon_center,146,NORMAL
pokemon_center,147,NORMAL
pokemon_center,148,NORMAL
pokemon_center,149,NORMAL
pokemon_center,150,NORMAL
pokemon_center,151,NORMAL
pokemon_center,152,NORMAL
pokemon_center,153,NORMAL
pokemon_center,154,NORMAL
pokemon_center,155,NORMAL
pokemon_center,156,NORMAL
pokemon_center,157,NORMAL
pokemon_center,158,NORMAL
pokemon_center,159,NORMAL
pokemon_center,160,NORMAL
pokemon_center,161,NORMAL
pokemon_center,162,NORMAL
pokemon_center,163,NORMAL
pokemon_center,164,NORMAL
pokemon_center,165,NORMAL
pokemon_center,166,NORMAL
pokemon_center,167,NORMAL
pokemon_center,168,NORMAL
pokemon_center,169,NORMAL
pokemon_center,170,NORMAL
pokemon_center,171,NORMAL
pokemon_center,172,NORMAL
pokemon_center,173,NORMAL
pokemon_center,174,NORMAL
pokemon_center,175,NORMAL
pokemon_center,176,NORMAL
pokemon_center,177,NORMAL
pokemon_center,178,NORMAL
pokemon_center,179,NORMAL
pokemon_center,180,NORMAL
pokemon_center,181,NORMAL
pokemon_center,182,NORMAL
pokemon_center,183,NORMAL
pokemon_center,184,NORMAL
pokemon_center,185,NORMAL
pokemon_center,186,NORMAL
pokemon_center,187,NORMAL
pokemon_center,188,NORMAL
pokemon_center,189,NORMAL
pokemon_center,190,NORMAL
pokemon_center,191,NORMAL
pokemon_center,192,NORMAL
pokemon_center,193,NORMAL
pokemon_center,194,NORMAL
pokemon_center,195,NORMAL
pokemon_center,196,NORMAL
pokemon_center,197,NORMAL
pokemon_center,198,NORMAL
pokemon_center,199,NORMAL
pokemon_center,200,NORMAL
pokemon_center,201,NORMAL
pokemon_center,202,NORMAL
pokemon_center,203,NORMAL
pokemon_center,204,NORMAL
pokemon_center,205,NORMAL
pokemon_center,206,NORMAL
pokemon_center,207,NORMAL
pokemon_center,208,NORMAL
pokemon_center,209,NORMAL
pokemon_center,210,NORMAL
pokemon_center,211,NORMAL
pokemon_center,212,NORMAL
pokemon_center,213,NORMAL
pokemon_center,214,NORMAL
pokemon_center,215,NORMAL
pokemon_center,216,NORMAL
pokemon_center,217,NORMAL
pokemon_center,218,NORMAL
pokemon_center,219,NORMAL
pokemon_center,220,NORMAL
pokemon_center,221,NORMAL
pokemon_center,222,NORMAL
pokemon_center,223,NORMAL
pokemon_center,224,NORMAL
pokemon_center,225,NORMAL
pokemon_center,226,NORMAL
pokemon_center,227,NORMAL
pokemon_center,228,NORMAL
pokemon_center,229,NORMAL
pokemon_center,230,NORMAL
pokemon_center,231,NORMAL
battle_frontier_outside_west,0,NORMAL
battle_frontier_outside_west,1,NORMAL
battle_frontier_outside_west,2,NORMAL
battle_frontier_outside_west,3,NORMAL
battle_frontier_outside_west,4,NORMAL
battle_frontier_outside_west,5,NORMAL
battle_frontier_outside_west,6,NORMAL
battle_frontier_outside_west,7,NORMAL
battle_frontier_outside_west,8,NORMAL
battle_frontier_outside_west,9,NORMAL
battle_frontier_outside_west,10,NORMAL
battle_frontier_outside_west,11,NORMAL
battle_frontier_outside_west,12,NORMAL
battle_frontier_outside_west,13,NORMAL
battle_frontier_outside_west,14,NORMAL
battle_frontier_outside_west,15,NORMAL
battle_frontier_outside_west,16,NORMAL
battle_frontier_outside_west,17,NORMAL
battle_frontier_outside_west,18,NORMAL
battle_frontier_outside_west,19,NORMAL
battle_frontier_outside_west,20,NORMAL
battle_frontier_outside_west,21,NORMAL
battle_frontier_outside_west,22,NORMAL
battle_frontier_outside_west,23,NORMAL
battle_frontier_outside_west,24,NORMAL
battle_frontier_outside_west,25,NORMAL
battle_frontier_outside_west,26,NORMAL
battle_frontier_outside_west,27,NORMAL
battle_frontier_outside_west,28,NORMAL
battle_frontier_outside_west,29,NORMAL
battle_frontier_outside_west,30,NORMAL
battle_frontier_outside_west,31,NORMAL
battle_frontier_outside_west,32,NORMAL
battle_frontier_outside_west,33,NORMAL
battle_frontier_outside_west,34,NORMAL
battle_frontier_outside_west,35,NORMAL
battle_frontier_outside_west,36,NORMAL
battle_frontier_outside_west,37,NORMAL
battle_frontier_outside_west,38,NORMAL
battle_frontier_outside_west,39,NORMAL
battle_frontier_outside_west,40,NORMAL
battle_frontier_outside_west,41,NORMAL
battle_frontier_outside_west,42,NORMAL
battle_frontier_outside_west,43,NORMAL
battle_frontier_outside_west,44,NORMAL
battle_frontier_outside_west,45,NORMAL
battle_frontier_outside_west,46,NORMAL
battle_frontier_outside_west,47,NORMAL
battle_frontier_outside_west,48,NORMAL
battle_frontier_outside_west,49,NORMAL
battle_frontier_outside_west,50,NORMAL
battle_frontier_outside_west,51,NORMAL
battle_frontier_outside_west,52,NORMAL
battle_frontier_outside_west,53,NORMAL
battle_frontier_outside_west,54,NORMAL
battle_frontier_outside_west,55,NORMAL
battle_frontier_outside_west,56,NORMAL
battle_frontier_outside_west,57,NORMAL
battle_frontier_outside_west,58,NORMAL
battle_frontier_outside_west,59,NORMAL
battle_frontier_outside_west,60,NORMAL
battle_frontier_outside_west,61,NORMAL
battle_frontier_outside_west,62,NORMAL
battle_frontier_outside_west,63,NORMAL
battle_frontier_outside_west,64,NORMAL
battle_frontier_outside_west,65,NORMAL
battle_frontier_outside_west,66,NORMAL
battle_frontier_outside_west,67,NORMAL
battle_frontier_outside_west,68,NORMAL
battle_frontier_outside_west,69,NORMAL
battle_frontier_outside_west,70,NORMAL
battle_frontier_outside_west,71,NORMAL
battle_frontier_outside_west,72,NORMAL
battle_frontier_outside_west,73,NORMAL
battle_frontier_outside_west,74,NORMAL
battle_frontier_outside_west,75,NORMAL
battle_frontier_outside_west,76,NORMAL
battle_frontier_outside_west,77,NORMAL
battle_frontier_outside_west,78,NORMAL
battle_frontier_outside_west,79,NORMAL
battle_frontier_outside_west,80,NORMAL
battle_frontier_outside_west,81,NORMAL
battle_frontier_outside_west,82,NORMAL
battle_frontier_outside_west,83,NORMAL
battle_frontier_outside_west,84,NORMAL
battle_frontier_outside_west,85,NORMAL
battle_frontier_outside_west,86,NORMAL
battle_frontier_outside_west,87,NORMAL
battle_frontier_outside_west,88,NORMAL
battle_frontier_outside_west,89,NORMAL
battle_frontier_outside_west,90,NORMAL
battle_frontier_outside_west,91,NORMAL
battle_frontier_outside_west,92,NORMAL
battle_frontier_outside_west,93,NORMAL
battle_frontier_outside_west,94,NORMAL
battle_frontier_outside_west,95,NORMAL
battle_frontier_outside_west,96,NORMAL
battle_frontier_outside_west,97,NORMAL
battle_frontier_outside_west,98,NORMAL
battle_frontier_outside_west,99,NORMAL
battle_frontier_outside_west,100,NORMAL
battle_frontier_outside_west,101,NORMAL
battle_frontier_outside_west,102,NORMAL
battle_frontier_outside_west,103,NORMAL
battle_frontier_outside_west,104,NORMAL
battle_frontier_outside_west,105,NORMAL
battle_frontier_outside_west,106,NORMAL
battle_frontier_outside_west,107,NORMAL
battle_frontier_outside_west,108,NORMAL
battle_frontier_outside_west,109,NORMAL
battle_frontier_outside_west,110,NORMAL
battle_frontier_outside_west,111,NORMAL
battle_frontier_outside_west,112,NORMAL
battle_frontier_outside_west,113,NORMAL
battle_frontier_outside_west,114,NORMAL
battle_frontier_outside_west,115,NORMAL
battle_frontier_outside_west,116,NORMAL
battle_frontier_outside_west,117,NORMAL
battle_frontier_outside_west,118,NORMAL
battle_frontier_outside_west,119,NORMAL
battle_frontier_outside_west,120,NORMAL
battle_frontier_outside_west,121,NORMAL
battle_frontier_outside_west,122,NORMAL
battle_frontier_outside_west,123,NORMAL
battle_frontier_outside_west,124,NORMAL
battle_frontier_outside_west,125,NORMAL
battle_frontier_outside_west,126,NORMAL
battle_frontier_outside_west,127,NORMAL
battle_frontier_outside_west,128,NORMAL
battle_frontier_outside_west,129,NORMAL
battle_frontier_outside_west,130,NORMAL
battle_frontier_outside_west,131,NORMAL
battle_frontier_outside_west,132,NORMAL
battle_frontier_outside_west,133,NORMAL
battle_frontier_outside_west,134,NORMAL
battle_frontier_outside_west,135,NORMAL
battle_frontier_outside_west,136,NORMAL
battle_frontier_outside_west,137,NORMAL
battle_frontier_outside_west,138,NORMAL
battle_frontier_outside_west,139,NORMAL
battle_frontier_outside_west,140,NORMAL
battle_frontier_outside_west,141,NORMAL
battle_frontier_outside_west,142,NORMAL
battle_frontier_outside_west,143,NORMAL
battle_frontier_outside_west,144,NORMAL
battle_frontier_outside_west,145,NORMAL
battle_frontier_outside_west,146,NORMAL
battle_frontier_outside_west,147,NORMAL
battle_frontier_outside_west,148,NORMAL
battle_frontier_outside_west,149,NORMAL
battle_frontier_outside_west,150,NORMAL
battle_frontier_outside_west,151,NORMAL
battle_frontier_outside_west,152,NORMAL
battle_frontier_outside_west,153,NORMAL
battle_frontier_outside_west,154,NORMAL
battle_frontier_outside_west,155,NORMAL
battle_frontier_outside_west,156,NORMAL
battle_frontier_outside_west,157,NORMAL
battle_frontier_outside_west,158,NORMAL
battle_frontier_outside_west,159,NORMAL
battle_frontier_outside_west,160,NORMAL
battle_frontier_outside_west,161,NORMAL
battle_frontier_outside_west,162,NORMAL
battle_frontier_outside_west,163,NORMAL
battle_frontier_outside_west,164,NORMAL
battle_frontier_outside_west,165,NORMAL
battle_frontier_outside_west,166,NORMAL
battle_frontier_outside_west,167,NORMAL
battle_frontier_outside_west,168,NORMAL
battle_frontier_outside_west,169,NORMAL
battle_frontier_outside_west,170,NORMAL
battle_frontier_outside_west,171,NORMAL
battle_frontier_outside_west,172,NORMAL
battle_frontier_outside_west,173,NORMAL
battle_frontier_outside_west,174,NORMAL
battle_frontier_outside_west,175,NORMAL
battle_frontier_outside_west,176,NORMAL
battle_frontier_outside_west,177,NORMAL
battle_frontier_outside_west,178,NORMAL
battle_frontier_outside_west,179,NORMAL
battle_frontier_outside_west,180,NORMAL
battle_frontier_outside_west,181,NORMAL
battle_frontier_outside_west,182,NORMAL
battle_frontier_outside_west,183,NORMAL
battle_frontier_outside_west,184,NORMAL
battle_frontier_outside_west,185,NORMAL
battle_frontier_outside_west,186,NORMAL
battle_frontier_outside_west,187,NORMAL
battle_frontier_outside_west,188,NORMAL
battle_frontier_outside_west,189,NORMAL
battle_frontier_outside_west,190,NORMAL
battle_frontier_outside_west,191,NORMAL
battle_frontier_outside_west,192,NORMAL
battle_frontier_outside_west,193,NORMAL
battle_frontier_outside_west,194,NORMAL
battle_frontier_outside_west,195,NORMAL
battle_frontier_outside_west,196,NORMAL
battle_frontier_outside_west,197,NORMAL
battle_frontier_outside_west,198,NORMAL
battle_frontier_outside_west,199,NORMAL
battle_frontier_outside_west,200,NORMAL
battle_frontier_outside_west,201,NORMAL
battle_frontier_outside_west,202,NORMAL
battle_frontier_outside_west,203,NORMAL
battle_frontier_outside_west,204,NORMAL
battle_frontier_outside_west,205,NORMAL
battle_frontier_outside_west,206,NORMAL
battle_frontier_outside_west,207,NORMAL
battle_frontier_outside_west,208,NORMAL
battle_frontier_outside_west,209,NORMAL
battle_frontier_outside_west,210,NORMAL
battle_frontier_outside_west,211,NORMAL
battle_frontier_outside_west,212,NORMAL
battle_frontier_outside_west,213,NORMAL
battle_frontier_outside_west,214,NORMAL
battle_frontier_outside_west,215,NORMAL
battle_frontier_outside_west,216,NORMAL
battle_frontier_outside_west,217,NORMAL
battle_frontier_outside_west,218,NORMAL
battle_frontier_outside_west,219,NORMAL
battle_frontier_outside_west,220,NORMAL
battle_frontier_outside_west,221,NORMAL
battle_frontier_outside_west,222,NORMAL
battle_frontier_outside_west,223,NORMAL
battle_frontier_outside_west,224,NORMAL
battle_frontier_outside_west,225,NORMAL
battle_frontier_outside_west,226,NORMAL
battle_frontier_outside_west,227,NORMAL
battle_frontier_outside_west,228,NORMAL
battle_frontier_outside_west,229,NORMAL
battle_frontier_outside_west,230,NORMAL
battle_frontier_outside_west,231,NORMAL
battle_frontier_outside_west,232,NORMAL
battle_frontier_outside_west,233,NORMAL
battle_frontier_outside_west,234,NORMAL
battle_frontier_outside_west,235,NORMAL
battle_frontier_outside_west,236,NORMAL
battle_frontier_outside_west,237,NORMAL
battle_frontier_outside_west,238,NORMAL
battle_frontier_outside_west,239,NORMAL
battle_frontier_outside_west,240,NORMAL
battle_frontier_outside_west,241,NORMAL
battle_frontier_outside_west,242,NORMAL
battle_frontier_outside_west,243,NORMAL
battle_frontier_outside_west,244,NORMAL
battle_frontier_outside_west,245,NORMAL
battle_frontier_outside_west,246,NORMAL
battle_frontier_outside_west,247,NORMAL
battle_frontier_outside_west,248,NORMAL
battle_frontier_outside_west,249,NORMAL
battle_frontier_outside_west,250,NORMAL
battle_frontier_outside_west,251,NORMAL
battle_frontier_outside_west,252,NORMAL
battle_frontier_outside_west,253,NORMAL
battle_frontier_outside_west,254,NORMAL
battle_frontier_outside_west,255,NORMAL
battle_frontier_outside_west,256,NORMAL
battle_frontier_outside_west,257,NORMAL
battle_frontier_outside_west,258,NORMAL
battle_frontier_outside_west,259,NORMAL
battle_frontier_outside_west,260,NORMAL
battle_frontier_outside_west,261,NORMAL
battle_frontier_outside_west,262,NORMAL
battle_frontier_outside_west,263,NORMAL
battle_frontier_outside_west,264,NORMAL
battle_frontier_outside_west,265,NORMAL
battle_frontier_outside_west,266,NORMAL
battle_frontier_outside_west,267,NORMAL
battle_frontier_outside_west,268,NORMAL
battle_frontier_outside_west,269,NORMAL
battle_frontier_outside_west,270,NORMAL
battle_frontier_outside_west,271,NORMAL
battle_frontier_outside_west,272,NORMAL
battle_frontier_outside_west,273,NORMAL
battle_frontier_outside_west,274,NORMAL
battle_frontier_outside_west,275,NORMAL
battle_frontier_outside_west,276,NORMAL
battle_frontier_outside_west,277,NORMAL
battle_frontier_outside_west,278,NORMAL
battle_frontier_outside_west,279,NORMAL
battle_frontier_outside_west,280,NORMAL
battle_frontier_outside_west,281,NORMAL
battle_frontier_outside_west,282,NORMAL
battle_frontier_outside_west,283,NORMAL
battle_frontier_outside_west,284,NORMAL
battle_frontier_outside_west,285,NORMAL
battle_frontier_outside_west,286,NORMAL
battle_frontier_outside_west,287,NORMAL
battle_frontier_outside_west,288,NORMAL
battle_frontier_outside_west,289,NORMAL
battle_frontier_outside_west,290,NORMAL
battle_frontier_outside_west,291,NORMAL
battle_frontier_outside_west,292,NORMAL
battle_frontier_outside_west,293,NORMAL
battle_frontier_outside_west,294,NORMAL
battle_frontier_outside_west,295,NORMAL
battle_frontier_outside_west,296,NORMAL
battle_frontier_outside_west,297,NORMAL
battle_frontier_outside_west,298,NORMAL
battle_frontier_outside_west,299,NORMAL
battle_frontier_outside_west,300,NORMAL
battle_frontier_outside_west,301,NORMAL
battle_frontier_outside_west,302,NORMAL
battle_frontier_outside_west,303,NORMAL
battle_frontier_outside_west,304,NORMAL
battle_frontier_outside_west,305,NORMAL
battle_frontier_outside_west,306,NORMAL
battle_frontier_outside_west,307,NORMAL
battle_frontier_outside_west,308,NORMAL
battle_frontier_outside_west,309,NORMAL
battle_frontier_outside_west,310,NORMAL
battle_frontier_outside_west,311,NORMAL
battle_frontier_outside_west,312,NORMAL
battle_frontier_outside_west,313,NORMAL
battle_frontier_outside_west,314,NORMAL
battle_frontier_outside_west,315,NORMAL
battle_frontier_outside_west,316,NORMAL
battle_frontier_outside_west,317,NORMAL
battle_frontier_outside_west,318,NORMAL
battle_frontier_outside_west,319,NORMAL
battle_frontier_outside_west,320,NORMAL
battle_frontier_outside_west,321,NORMAL
battle_frontier_outside_west,322,NORMAL
battle_frontier_outside_west,323,NORMAL
battle_frontier_outside_west,324,NORMAL
battle_frontier_outside_west,325,NORMAL
battle_frontier_outside_west,326,NORMAL
battle_frontier_outside_west,327,NORMAL
battle_frontier_outside_west,328,NORMAL
battle_frontier_outside_west,329,NORMAL
battle_frontier_outside_west,330,NORMAL
battle_frontier_outside_west,331,NORMAL
battle_frontier_outside_west,332,NORMAL
battle_frontier_outside_west,333,NORMAL
battle_frontier_outside_west,334,NORMAL
battle_frontier_outside_west,335,NORMAL
battle_frontier_outside_west,336,NORMAL
battle_frontier_outside_west,337,NORMAL
battle_frontier_outside_west,338,NORMAL
battle_frontier_outside_west,339,NORMAL
battle_frontier_outside_west,340,NORMAL
battle_frontier_outside_west,341,NORMAL
battle_frontier_outside_west,342,NORMAL
battle_frontier_outside_west,343,NORMAL
battle_frontier_outside_west,344,NORMAL
battle_frontier_outside_west,345,NORMAL
battle_frontier_outside_west,346,NORMAL
battle_frontier_outside_west,347,NORMAL
battle_frontier_outside_west,348,NORMAL
battle_frontier_outside_west,349,NORMAL
battle_frontier_outside_west,350,NORMAL
battle_frontier_outside_west,351,NORMAL
battle_frontier_outside_west,352,NORMAL
battle_frontier_outside_west,353,NORMAL
battle_frontier_outside_west,354,NORMAL
battle_frontier_outside_west,355,NORMAL
battle_frontier_outside_west,356,NORMAL
battle_frontier_outside_west,357,NORMAL
battle_frontier_outside_west,358,NORMAL
battle_frontier_outside_west,359,NORMAL
battle_frontier_outside_west,360,NORMAL
battle_frontier_outside_west,361,NORMAL
battle_frontier_outside_west,362,NORMAL
battle_frontier_outside_west,363,NORMAL
battle_frontier_outside_west,364,NORMAL
battle_frontier_outside_west,365,NORMAL
battle_frontier_outside_west,366,NORMAL
battle_frontier_outside_west,367,NORMAL
battle_frontier_outside_west,368,NORMAL
battle_frontier_outside_west,369,NORMAL
battle_frontier_outside_west,370,NORMAL
battle_frontier_outside_west,371,NORMAL
battle_frontier_outside_west,372,NORMAL
battle_frontier_outside_west,373,NORMAL
battle_frontier_outside_west,374,NORMAL
battle_frontier_outside_west,375,NORMAL
battle_frontier_outside_west,376,NORMAL
battle_frontier_outside_west,377,NORMAL
battle_frontier_outside_west,378,NORMAL
battle_frontier_outside_west,379,NORMAL
battle_frontier_outside_west,380,NORMAL
battle_frontier_outside_west,381,NORMAL
battle_frontier_outside_west,382,NORMAL
battle_frontier_outside_west,383,NORMAL
battle_frontier_outside_west,384,NORMAL
battle_frontier_outside_west,385,NORMAL
battle_frontier_outside_west,386,NORMAL
battle_frontier_outside_west,387,NORMAL
battle_frontier_outside_west,388,NORMAL
battle_frontier_outside_west,389,NORMAL
battle_frontier_outside_west,390,NORMAL
battle_frontier_outside_west,391,NORMAL
battle_frontier_outside_west,392,NORMAL
battle_frontier_outside_west,393,NORMAL
battle_frontier_outside_west,394,NORMAL
battle_frontier_outside_west,395,NORMAL
battle_frontier_outside_west,396,NORMAL
battle_frontier_outside_west,397,NORMAL
battle_frontier_outside_west,398,NORMAL
battle_frontier_outside_west,399,NORMAL
battle_frontier_outside_west,400,NORMAL
battle_frontier_outside_west,401,NORMAL
battle_frontier_outside_west,402,NORMAL
battle_frontier_outside_west,403,NORMAL
battle_frontier_outside_west,404,NORMAL
battle_frontier_outside_west,405,NORMAL
battle_frontier_outside_west,406,NORMAL
battle_frontier_outside_west,407,NORMAL
battle_frontier_outside_west,408,NORMAL
battle_frontier_outside_west,409,NORMAL
battle_frontier_outside_west,410,NORMAL
battle_frontier_outside_west,411,NORMAL
battle_frontier_outside_west,412,NORMAL
battle_frontier_outside_west,413,NORMAL
battle_frontier_outside_west,414,NORMAL
battle_frontier_outside_west,415,NORMAL
battle_frontier_outside_west,416,NORMAL
battle_frontier_outside_west,417,NORMAL
battle_frontier_outside_west,418,NORMAL
battle_frontier_outside_west,419,NORMAL
battle_frontier_outside_west,420,NORMAL
battle_frontier_outside_west,421,NORMAL
battle_frontier_outside_west,422,NORMAL
battle_frontier_outside_west,423,NORMAL
battle_frontier_outside_west,424,NORMAL
battle_frontier_outside_west,425,NORMAL
battle_frontier_outside_west,426,NORMAL
battle_frontier_outside_west,427,NORMAL
battle_frontier_outside_west,428,NORMAL
battle_frontier_outside_west,429,NORMAL
battle_frontier_outside_west,430,NORMAL
battle_frontier_outside_west,431,NORMAL
battle_frontier_outside_west,432,NORMAL
battle_frontier_outside_west,433,NORMAL
battle_frontier_outside_west,434,NORMAL
battle_frontier_outside_west,435,NORMAL
battle_frontier_outside_west,436,NORMAL
battle_frontier_outside_west,437,NORMAL
battle_frontier_outside_west,438,NORMAL
battle_frontier_outside_west,439,NORMAL
battle_frontier_outside_west,440,NORMAL
battle_frontier_outside_west,441,NORMAL
battle_frontier_outside_west,442,NORMAL
battle_frontier_outside_west,443,NORMAL
battle_frontier_outside_west,444,NORMAL
battle_frontier_outside_west,445,NORMAL
battle_frontier_outside_west,446,NORMAL
battle_frontier_outside_west,447,NORMAL
battle_frontier_outside_west,448,NORMAL
battle_frontier_outside_west,449,NORMAL
battle_frontier_outside_west,450,NORMAL
battle_frontier_outside_west,451,NORMAL
battle_frontier_outside_west,452,NORMAL
battle_frontier_outside_west,453,NORMAL
battle_frontier_outside_west,454,NORMAL
battle_frontier_outside_west,455,NORMAL
battle_frontier_outside_west,456,NORMAL
battle_frontier_outside_west,457,NORMAL
battle_frontier_outside_west,458,NORMAL
battle_frontier_outside_west,459,NORMAL
battle_frontier_outside_west,460,NORMAL
battle_frontier_outside_west,461,NORMAL
battle_frontier_outside_west,462,NORMAL
battle_frontier_outside_west,463,NORMAL
battle_frontier_outside_west,464,NORMAL
battle_frontier_outside_west,465,NORMAL
battle_frontier_outside_west,466,NORMAL
battle_frontier_outside_west,467,NORMAL
battle_frontier_outside_west,468,NORMAL
battle_frontier_outside_west,469,NORMAL
battle_frontier_outside_west,470,NORMAL
battle_frontier_outside_west,471,NORMAL
battle_frontier_outside_west,472,NORMAL
battle_frontier_outside_west,473,NORMAL
battle_frontier_outside_west,474,NORMAL
battle_frontier_outside_west,475,NORMAL
battle_frontier_outside_west,476,NORMAL
battle_frontier_outside_west,477,NORMAL
battle_frontier_outside_west,478,NORMAL
battle_frontier_outside_west,479,NORMAL
battle_frontier_outside_west,480,NORMAL
battle_frontier_outside_west,481,NORMAL
battle_frontier_outside_west,482,NORMAL
battle_frontier_outside_west,483,NORMAL
battle_frontier_outside_west,484,NORMAL
battle_frontier_outside_west,485,NORMAL
battle_frontier_outside_west,486,NORMAL
battle_frontier_outside_west,487,NORMAL
battle_frontier_outside_west,488,NORMAL
battle_frontier_outside_west,489,NORMAL
battle_frontier_outside_west,490,NORMAL
battle_frontier_outside_west,491,NORMAL
battle_frontier_outside_west,492,NORMAL
battle_frontier_outside_west,493,NORMAL
battle_frontier_outside_west,494,NORMAL
battle_frontier_outside_west,495,NORMAL
battle_frontier_outside_west,496,NORMAL
battle_frontier_outside_west,497,NORMAL
battle_frontier_outside_west,498,NORMAL
battle_frontier_outside_west,499,NORMAL
battle_frontier_outside_west,500,NORMAL
battle_frontier_outside_west,501,NORMAL
battle_frontier_outside_west,502,NORMAL
battle_frontier_outside_west,503,NORMAL
battle_frontier_outside_west,504,NORMAL
battle_frontier_outside_west,505,NORMAL
battle_frontier_outside_west,506,NORMAL
battle_frontier_outside_west,507,NORMAL
battle_frontier_outside_west,508,NORMAL
battle_frontier_outside_west,509,NORMAL
mossdeep,0,NORMAL
mossdeep,1,NORMAL
mossdeep,2,NORMAL
mossdeep,3,NORMAL
mossdeep,4,NORMAL
mossdeep,5,NORMAL
mossdeep,6,NORMAL
mossdeep,7,NORMAL
mossdeep,8,NORMAL
mossdeep,9,NORMAL
mossdeep,10,NORMAL
mossdeep,11,NORMAL
mossdeep,12,NORMAL
mossdeep,13,NORMAL
mossdeep,14,NORMAL
mossdeep,15,NORMAL
mossdeep,16,NORMAL
mossdeep,17,NORMAL
mossdeep,18,NORMAL
mossdeep,19,NORMAL
mossdeep,20,NORMAL
mossdeep,21,NORMAL
mossdeep,22,NORMAL
mossdeep,23,NORMAL
mossdeep,24,NORMAL
mossdeep,25,NORMAL
mossdeep,26,NORMAL
mossdeep,27,NORMAL
mossdeep,28,NORMAL
mossdeep,29,NORMAL
mossdeep,30,NORMAL
mossdeep,31,NORMAL
mossdeep,32,NORMAL
mossdeep,33,NORMAL
mossdeep,34,NORMAL
mossdeep,35,NORMAL
mossdeep,36,NORMAL
mossdeep,37,NORMAL
mossdeep,38,NORMAL
mossdeep,39,NORMAL
mossdeep,40,NORMAL
mossdeep,41,NORMAL
mossdeep,42,NORMAL
mossdeep,43,NORMAL
mossdeep,44,NORMAL
mossdeep,45,NORMAL
mossdeep,46,NORMAL
mossdeep,47,NORMAL
mossdeep,48,NORMAL
mossdeep,49,NORMAL
mossdeep,50,NORMAL
mossdeep,51,NORMAL
mossdeep,52,NORMAL
mossdeep,53,NORMAL
mossdeep,54,NORMAL
mossdeep,55,NORMAL
mossdeep,56,NORMAL
mossdeep,57,NORMAL
mossdeep,58,NORMAL
mossdeep,59,NORMAL
mossdeep,60,NORMAL
mossdeep,61,NORMAL
mossdeep,62,NORMAL
mossdeep,63,NORMAL
mossdeep,64,NORMAL
mossdeep,65,NORMAL
mossdeep,66,NORMAL
mossdeep,67,NORMAL
mossdeep,68,NORMAL
mossdeep,69,NORMAL
mossdeep,70,NORMAL
mossdeep,71,NORMAL
mossdeep,72,NORMAL
mossdeep,73,NORMAL
mossdeep,74,NORMAL
mossdeep,75,NORMAL
mossdeep,76,NORMAL
mossdeep,77,NORMAL
mossdeep,78,NORMAL
mossdeep,79,NORMAL
mossdeep,80,NORMAL
mossdeep,81,NORMAL
mossdeep,82,NORMAL
mossdeep,83,NORMAL
mossdeep,84,NORMAL
mossdeep,85,NORMAL
mossdeep,86,NORMAL
mossdeep,87,NORMAL
mossdeep,88,NORMAL
mossdeep,89,NORMAL
mossdeep,90,NORMAL
mossdeep,91,NORMAL
mossdeep,92,NORMAL
mossdeep,93,NORMAL
mossdeep,94,NORMAL
mossdeep,95,NORMAL
mossdeep,96,NORMAL
mossdeep,97,NORMAL
mossdeep,98,NORMAL
mossdeep,99,NORMAL
mossdeep,100,NORMAL
mossdeep,101,NORMAL
mossdeep,102,NORMAL
mossdeep,103,NORMAL
mossdeep,104,NORMAL
mossdeep,105,NORMAL
mossdeep,106,NORMAL
mossdeep,107,NORMAL
mossdeep,108,NORMAL
mossdeep,109,NORMAL
mossdeep,110,NORMAL
mossdeep,111,NORMAL
mossdeep,112,NORMAL
mossdeep,113,NORMAL
mossdeep,114,NORMAL
mossdeep,115,NORMAL
mossdeep,116,NORMAL
mossdeep,117,NORMAL
mossdeep,118,NORMAL
mossdeep,119,NORMAL
mossdeep,120,NORMAL
mossdeep,121,NORMAL
mossdeep,122,NORMAL
mossdeep,123,NORMAL
mossdeep,124,NORMAL
mossdeep,125,NORMAL
mossdeep,126,NORMAL
mossdeep,127,NORMAL
mossdeep,128,NORMAL
mossdeep,129,NORMAL
mossdeep,130,NORMAL
mossdeep,131,NORMAL
mossdeep,132,NORMAL
mossdeep,133,NORMAL
mossdeep,134,NORMAL
mossdeep,135,NORMAL
mossdeep,136,NORMAL
mossdeep,137,NORMAL
mossdeep,138,NORMAL
mossdeep,139,NORMAL
mossdeep,140,NORMAL
mossdeep,141,NORMAL
mossdeep,142,NORMAL
mossdeep,143,NORMAL
mossdeep,144,NORMAL
mossdeep,145,NORMAL
mossdeep,146,NORMAL
mossdeep,147,NORMAL
mossdeep,148,NORMAL
mossdeep,149,NORMAL
mossdeep,150,NORMAL
mossdeep,151,NORMAL
mossdeep,152,NORMAL
mossdeep,153,NORMAL
mossdeep,154,NORMAL
mossdeep,155,NORMAL
mossdeep,156,NORMAL
mossdeep,157,NORMAL
mossdeep,158,NORMAL
mossdeep,159,NORMAL
mossdeep,160,NORMAL
mossdeep,161,NORMAL
mossdeep,162,NORMAL
mossdeep,163,NORMAL
mossdeep,164,NORMAL
mossdeep,165,NORMAL
mossdeep,166,NORMAL
mossdeep,167,NORMAL
mossdeep,168,NORMAL
mossdeep,169,NORMAL
mossdeep,170,NORMAL
mossdeep,171,NORMAL
mossdeep,172,NORMAL
mossdeep,173,NORMAL
mossdeep,174,NORMAL
mossdeep,175,NORMAL
mossdeep,176,NORMAL
mossdeep,177,NORMAL
mossdeep,178,NORMAL
mossdeep,179,NORMAL
mossdeep,180,NORMAL
mossdeep,181,NORMAL
mossdeep,182,NORMAL
mossdeep,183,NORMAL
mossdeep,184,NORMAL
mossdeep,185,NORMAL
mossdeep,186,NORMAL
mossdeep,187,NORMAL
mossdeep,188,NORMAL
mossdeep,189,NORMAL
mossdeep,190,NORMAL
mossdeep,191,NORMAL
mossdeep,192,NORMAL
mossdeep,193,NORMAL
mossdeep,194,NORMAL
mossdeep,195,NORMAL
mossdeep,196,NORMAL
mossdeep,197,NORMAL
mossdeep,198,NORMAL
mossdeep,199,NORMAL
mossdeep,200,NORMAL
mossdeep,201,NORMAL
mossdeep,202,NORMAL
mossdeep,203,NORMAL
mossdeep,204,NORMAL
mossdeep,205,NORMAL
mossdeep,206,NORMAL
mossdeep,207,NORMAL
mossdeep,208,NORMAL
mossdeep,209,NORMAL
mossdeep,210,NORMAL
mossdeep,211,NORMAL
mossdeep,212,NORMAL
mossdeep,213,NORMAL
mossdeep,214,NORMAL
mossdeep,215,NORMAL
mossdeep,216,NORMAL
mossdeep,217,NORMAL
mossdeep,218,NORMAL
mossdeep,219,NORMAL
mossdeep,220,NORMAL
mossdeep,221,NORMAL
mossdeep,222,NORMAL
mossdeep,223,NORMAL
mossdeep,224,NORMAL
mossdeep,225,NORMAL
mossdeep,226,NORMAL
mossdeep,227,NORMAL
mossdeep,228,NORMAL
mossdeep,229,NORMAL
mossdeep,230,NORMAL
mossdeep,231,NORMAL
mossdeep,232,NORMAL
mossdeep,233,NORMAL
mossdeep,234,NORMAL
mossdeep,235,NORMAL
mossdeep,236,NORMAL
mossdeep,237,NORMAL
mossdeep,238,NORMAL
mossdeep,239,NORMAL
mossdeep,240,NORMAL
mossdeep,241,NORMAL
mossdeep,242,NORMAL
mossdeep,243,NORMAL
mossdeep,244,NORMAL
mossdeep,245,NORMAL
mossdeep,246,NORMAL
mossdeep,247,NORMAL
mossdeep,248,NORMAL
mossdeep,249,NORMAL
mossdeep,250,NORMAL
mossdeep,251,NORMAL
mossdeep,252,NORMAL
mossdeep,253,NORMAL
mossdeep,254,NORMAL
mossdeep,255,NORMAL
mossdeep,256,NORMAL
mossdeep,257,NORMAL
mossdeep,258,NORMAL
mossdeep,259,NORMAL
mossdeep,260,NORMAL
mossdeep,261,NORMAL
mossdeep,262,NORMAL
mossdeep,263,NORMAL
mossdeep,264,NORMAL
mossdeep,265,NORMAL
mossdeep,266,NORMAL
mossdeep,267,NORMAL
mossdeep,268,NORMAL
mossdeep,269,NORMAL
mossdeep,270,NORMAL
mossdeep,271,NORMAL
mossdeep,272,NORMAL
mossdeep,273,NORMAL
mossdeep,274,NORMAL
mossdeep,275,NORMAL
mossdeep,276,NORMAL
mossdeep,277,NORMAL
mossdeep,278,NORMAL
mossdeep,279,NORMAL
mossdeep,280,NORMAL
mossdeep,281,NORMAL
mossdeep,282,NORMAL
mossdeep,283,NORMAL
mossdeep,284,NORMAL
mossdeep,285,NORMAL
mossdeep,286,NORMAL
mossdeep,287,NORMAL
mossdeep,288,NORMAL
mossdeep,289,NORMAL
mossdeep,290,NORMAL
mossdeep,291,NORMAL
mossdeep,292,NORMAL
mossdeep,293,NORMAL
mossdeep,294,NORMAL
mossdeep,295,NORMAL
mossdeep,296,NORMAL
mossdeep,297,NORMAL
mossdeep,298,NORMAL
mossdeep,299,NORMAL
mossdeep,300,NORMAL
mossdeep,301,NORMAL
mossdeep,302,NORMAL
mossdeep,303,NORMAL
mossdeep,304,NORMAL
mossdeep,305,NORMAL
mossdeep,306,NORMAL
mossdeep,307,NORMAL
mossdeep,308,NORMAL
mossdeep,309,NORMAL
mossdeep,310,NORMAL
mossdeep,311,NORMAL
mossdeep,312,NORMAL
mossdeep,313,NORMAL
mossdeep,314,NORMAL
mossdeep,315,NORMAL
mossdeep,316,NORMAL
mossdeep,317,NORMAL
mossdeep,318,NORMAL
mossdeep,319,NORMAL
mossdeep,320,NORMAL
mossdeep,321,NORMAL
mossdeep,322,NORMAL
mossdeep,323,NORMAL
mossdeep,324,NORMAL
mossdeep,325,NORMAL
mossdeep,326,NORMAL
mossdeep,327,NORMAL
mossdeep,328,NORMAL
mossdeep,329,NORMAL
mossdeep,330,NORMAL
mossdeep,331,NORMAL
mossdeep,332,NORMAL
mossdeep,333,NORMAL
mossdeep,334,NORMAL
mossdeep,335,NORMAL
mossdeep,336,NORMAL
mossdeep,337,NORMAL
mossdeep,338,NORMAL
mossdeep,339,NORMAL
mossdeep,340,NORMAL
mossdeep,341,NORMAL
mossdeep,342,NORMAL
mossdeep,343,NORMAL
mossdeep,344,NORMAL
mossdeep,345,NORMAL
mossdeep,346,NORMAL
mossdeep,347,NORMAL
mossdeep,348,NORMAL
mossdeep,349,NORMAL
mossdeep,350,NORMAL
mossdeep,351,NORMAL
mossdeep,352,NORMAL
mossdeep,353,NORMAL
mossdeep,354,NORMAL
mossdeep,355,NORMAL
mossdeep,356,NORMAL
mossdeep,357,NORMAL
mossdeep,358,NORMAL
mossdeep,359,NORMAL
mossdeep,360,NORMAL
mossdeep,361,NORMAL
mossdeep,362,NORMAL
mossdeep,363,NORMAL
mossdeep,364,NORMAL
mossdeep,365,NORMAL
mossdeep,366,NORMAL
mossdeep,367,NORMAL
mossdeep,368,NORMAL
mossdeep,369,NORMAL
mossdeep,370,NORMAL
mossdeep,371,NORMAL
mossdeep,372,NORMAL
mossdeep,373,NORMAL
mossdeep,374,NORMAL
mossdeep,375,NORMAL
mossdeep,376,NORMAL
mossdeep,377,NORMAL
mossdeep,378,NORMAL
mossdeep,379,NORMAL
mossdeep,380,NORMAL
mossdeep,381,NORMAL
mossdeep,382,NORMAL
mossdeep,383,NORMAL
mossdeep,384,NORMAL
mossdeep,385,NORMAL
mossdeep,386,NORMAL
mossdeep,387,NORMAL
mossdeep,388,NORMAL
mossdeep,389,NORMAL
mossdeep,390,NORMAL
mossdeep,391,NORMAL
mossdeep,392,NORMAL
mossdeep,393,NORMAL
mossdeep,394,NORMAL
mossdeep,395,NORMAL
mossdeep,396,NORMAL
mossdeep,397,NORMAL
mossdeep,398,NORMAL
mossdeep,399,NORMAL
mossdeep,400,NORMAL
mossdeep,401,NORMAL
mossdeep,402,NORMAL
mossdeep,403,NORMAL
mossdeep,404,NORMAL
mossdeep,405,NORMAL
mossdeep,406,NORMAL
mossdeep,407,NORMAL
mossdeep,408,NORMAL
mossdeep,409,NORMAL
mossdeep,410,NORMAL
mossdeep,411,NORMAL
mossdeep,412,NORMAL
mossdeep,413,NORMAL
mossdeep,414,NORMAL
mossdeep,415,NORMAL
mossdeep,416,NORMAL
mossdeep,417,NORMAL
mossdeep,418,NORMAL
mossdeep,419,NORMAL
mossdeep,420,NORMAL
mossdeep,421,NORMAL
mossdeep,422,NORMAL
mossdeep,423,NORMAL
mossdeep,424,NORMAL
mossdeep,425,NORMAL
mossdeep,426,NORMAL
mossdeep,427,NORMAL
mossdeep,428,NORMAL
mossdeep,429,NORMAL
mossdeep,430,NORMAL
mossdeep,431,NORMAL
mossdeep,432,NORMAL
mossdeep,433,NORMAL
mossdeep,434,NORMAL
mossdeep,435,NORMAL
mossdeep,436,NORMAL
mossdeep,437,NORMAL
mossdeep,438,NORMAL
mossdeep,439,NORMAL
mossdeep,440,NORMAL
mossdeep,441,NORMAL
mossdeep,442,NORMAL
mossdeep,443,NORMAL
mossdeep,444,NORMAL
mossdeep,445,NORMAL
mossdeep,446,NORMAL
mossdeep,447,NORMAL
mossdeep,448,NORMAL
mossdeep,449,NORMAL
mossdeep,450,NORMAL
mossdeep,451,NORMAL
mossdeep,452,NORMAL
mossdeep,453,NORMAL
distortion_world,0,NORMAL
distortion_world,1,NORMAL
distortion_world,2,NORMAL
distortion_world,3,NORMAL
distortion_world,4,NORMAL
distortion_world,5,NORMAL
distortion_world,6,NORMAL
distortion_world,7,NORMAL
distortion_world,8,NORMAL
distortion_world,9,NORMAL
distortion_world,10,NORMAL
distortion_world,11,NORMAL
distortion_world,12,NORMAL
distortion_world,13,NORMAL
distortion_world,14,NORMAL
distortion_world,15,NORMAL
distortion_world,16,NORMAL
distortion_world,17,NORMAL
distortion_world,18,NORMAL
distortion_world,19,NORMAL
distortion_world,20,NORMAL
distortion_world,21,NORMAL
distortion_world,22,NORMAL
distortion_world,23,NORMAL
distortion_world,24,NORMAL
distortion_world,25,NORMAL
distortion_world,26,NORMAL
distortion_world,27,NORMAL
distortion_world,28,NORMAL
distortion_world,29,NORMAL
distortion_world,30,NORMAL
distortion_world,31,NORMAL
distortion_world,32,NORMAL
distortion_world,33,NORMAL
distortion_world,34,NORMAL
distortion_world,35,NORMAL
distortion_world,36,NORMAL
distortion_world,37,NORMAL
distortion_world,38,NORMAL
distortion_world,39,NORMAL
distortion_world,40,NORMAL
distortion_world,41,NORMAL
distortion_world,42,NORMAL
distortion_world,43,NORMAL
distortion_world,44,NORMAL
distortion_world,45,NORMAL
distortion_world,46,NORMAL
distortion_world,47,NORMAL
distortion_world,48,NORMAL
distortion_world,49,NORMAL
distortion_world,50,NORMAL
distortion_world,51,NORMAL
distortion_world,52,NORMAL
distortion_world,53,NORMAL
distortion_world,54,NORMAL
distortion_world,55,NORMAL
distortion_world,56,NORMAL
distortion_world,57,NORMAL
distortion_world,58,NORMAL
distortion_world,59,NORMAL
distortion_world,60,NORMAL
distortion_world,61,NORMAL
distortion_world,62,NORMAL
distortion_world,63,NORMAL
distortion_world,64,NORMAL
distortion_world,65,NORMAL
distortion_world,66,NORMAL
distortion_world,67,NORMAL
distortion_world,68,NORMAL
distortion_world,69,NORMAL
distortion_world,70,NORMAL
distortion_world,71,NORMAL
distortion_world,72,NORMAL
distortion_world,73,NORMAL
distortion_world,74,NORMAL
distortion_world,75,NORMAL
distortion_world,76,NORMAL
distortion_world,77,NORMAL
distortion_world,78,NORMAL
distortion_world,79,NORMAL
distortion_world,80,NORMAL
distortion_world,81,NORMAL
distortion_world,82,NORMAL
distortion_world,83,NORMAL
distortion_world,84,NORMAL
distortion_world,85,NORMAL
distortion_world,86,NORMAL
distortion_world,87,NORMAL
distortion_world,88,NORMAL
distortion_world,89,NORMAL
distortion_world,90,NORMAL
distortion_world,91,NORMAL
distortion_world,92,NORMAL
distortion_world,93,NORMAL
distortion_world,94,NORMAL
distortion_world,95,NORMAL
distortion_world,96,NORMAL
distortion_world,97,NORMAL
distortion_world,98,NORMAL
distortion_world,99,NORMAL
distortion_world,100,NORMAL
distortion_world,101,NORMAL
distortion_world,102,NORMAL
distortion_world,103,NORMAL
distortion_world,104,NORMAL
distortion_world,105,NORMAL
distortion_world,106,NORMAL
distortion_world,107,NORMAL
distortion_world,108,NORMAL
distortion_world,109,NORMAL
distortion_world,110,NORMAL
distortion_world,111,NORMAL
distortion_world,112,NORMAL
distortion_world,113,NORMAL
distortion_world,114,NORMAL
distortion_world,115,NORMAL
distortion_world,116,NORMAL
distortion_world,117,NORMAL
distortion_world,118,NORMAL
distortion_world,119,NORMAL
distortion_world,120,NORMAL
distortion_world,121,NORMAL
distortion_world,122,NORMAL
distortion_world,123,NORMAL
distortion_world,124,NORMAL
distortion_world,125,NORMAL
distortion_world,126,NORMAL
distortion_world,127,NORMAL
distortion_world,128,NORMAL
distortion_world,129,NORMAL
distortion_world,130,NORMAL
distortion_world,131,NORMAL
distortion_world,132,NORMAL
distortion_world,133,NORMAL
distortion_world,134,NORMAL
distortion_world,135,NORMAL
distortion_world,136,NORMAL
distortion_world,137,NORMAL
distortion_world,138,NORMAL
distortion_world,139,NORMAL
distortion_world,140,NORMAL
distortion_world,141,NORMAL
distortion_world,142,NORMAL
distortion_world,143,NORMAL
distortion_world,144,NORMAL
distortion_world,145,NORMAL
distortion_world,146,NORMAL
distortion_world,147,NORMAL
distortion_world,148,NORMAL
distortion_world,149,NORMAL
distortion_world,150,NORMAL
distortion_world,151,NORMAL
distortion_world,152,NORMAL
distortion_world,153,NORMAL
distortion_world,154,NORMAL
distortion_world,155,NORMAL
distortion_world,156,NORMAL
distortion_world,157,NORMAL
distortion_world,158,NORMAL
distortion_world,159,NORMAL
distortion_world,160,NORMAL
distortion_world,161,NORMAL
distortion_world,162,NORMAL
distortion_world,163,NORMAL
distortion_world,164,NORMAL
distortion_world,165,NORMAL
distortion_world,166,NORMAL
distortion_world,167,NORMAL
distortion_world,168,NORMAL
distortion_world,169,NORMAL
distortion_world,170,NORMAL
distortion_world,171,NORMAL
distortion_world,172,NORMAL
distortion_world,173,NORMAL
distortion_world,174,NORMAL
distortion_world,175,NORMAL
distortion_world,176,NORMAL
distortion_world,177,NORMAL
distortion_world,178,NORMAL
distortion_world,179,NORMAL
distortion_world,180,NORMAL
distortion_world,181,NORMAL
distortion_world,182,NORMAL
distortion_world,183,NORMAL
distortion_world,184,NORMAL
distortion_world,185,NORMAL
distortion_world,186,NORMAL
distortion_world,187,NORMAL
distortion_world,188,NORMAL
distortion_world,189,NORMAL
distortion_world,190,NORMAL
distortion_world,191,NORMAL
distortion_world,192,NORMAL
distortion_world,193,NORMAL
distortion_world,194,NORMAL
distortion_world,195,NORMAL
distortion_world,196,NORMAL
distortion_world,197,NORMAL
distortion_world,198,NORMAL
distortion_world,199,NORMAL
distortion_world,200,NORMAL
distortion_world,201,NORMAL
distortion_world,202,NORMAL
distortion_world,203,NORMAL
distortion_world,204,NORMAL
distortion_world,205,NORMAL
distortion_world,206,NORMAL
distortion_world,207,NORMAL
distortion_world,208,NORMAL
distortion_world,209,NORMAL
distortion_world,210,NORMAL
distortion_world,211,NORMAL
distortion_world,212,NORMAL
distortion_world,213,NORMAL
distortion_world,214,NORMAL
distortion_world,215,NORMAL
distortion_world,216,NORMAL
distortion_world,217,NORMAL
distortion_world,218,NORMAL
distortion_world,219,NORMAL
distortion_world,220,NORMAL
distortion_world,221,NORMAL
distortion_world,222,NORMAL
distortion_world,223,NORMAL
distortion_world,224,NORMAL
distortion_world,225,NORMAL
distortion_world,226,NORMAL
distortion_world,227,NORMAL
distortion_world,228,NORMAL
distortion_world,229,NORMAL
distortion_world,230,NORMAL
distortion_world,231,NORMAL
distortion_world,232,NORMAL
distortion_world,233,NORMAL
distortion_world,234,NORMAL
distortion_world,235,NORMAL
distortion_world,236,NORMAL
distortion_world,237,NORMAL
distortion_world,238,NORMAL
distortion_world,239,NORMAL
distortion_world,240,NORMAL
distortion_world,241,NORMAL
distortion_world,242,NORMAL
distortion_world,243,NORMAL
distortion_world,244,NORMAL
distortion_world,245,NORMAL
distortion_world,246,NORMAL
distortion_world,247,NORMAL
distortion_world,248,NORMAL
distortion_world,249,NORMAL
distortion_world,250,NORMAL
distortion_world,251,NORMAL
distortion_world,252,NORMAL
distortion_world,253,NORMAL
distortion_world,254,NORMAL
distortion_world,255,NORMAL
distortion_world,256,NORMAL
distortion_world,257,NORMAL
distortion_world,258,NORMAL
distortion_world,259,NORMAL
distortion_world,260,NORMAL
distortion_world,261,NORMAL
distortion_world,262,NORMAL
distortion_world,263,NORMAL
distortion_world,264,NORMAL
distortion_world,265,NORMAL
distortion_world,266,NORMAL
distortion_world,267,NORMAL
distortion_world,268,NORMAL
distortion_world,269,NORMAL
distortion_world,270,NORMAL
distortion_world,271,NORMAL
distortion_world,272,NORMAL
distortion_world,273,NORMAL
distortion_world,274,NORMAL
distortion_world,275,NORMAL
distortion_world,276,NORMAL
distortion_world,277,NORMAL
distortion_world,278,NORMAL
distortion_world,279,NORMAL
distortion_world,280,NORMAL
distortion_world,281,NORMAL
distortion_world,282,NORMAL
distortion_world,283,NORMAL
distortion_world,284,NORMAL
distortion_world,285,NORMAL
distortion_world,286,NORMAL
distortion_world,287,NORMAL
distortion_world,288,NORMAL
distortion_world,289,NORMAL
distortion_world,290,NORMAL
distortion_world,291,NORMAL
distortion_world,292,NORMAL
distortion_world,293,NORMAL
distortion_world,294,NORMAL
distortion_world,295,NORMAL
distortion_world,296,NORMAL
distortion_world,297,NORMAL
distortion_world,298,NORMAL
distortion_world,299,NORMAL
distortion_world,300,NORMAL
distortion_world,301,NORMAL
distortion_world,302,NORMAL
distortion_world,303,NORMAL
distortion_world,304,NORMAL
distortion_world,305,NORMAL
distortion_world,306,NORMAL
distortion_world,307,NORMAL
distortion_world,308,NORMAL
distortion_world,309,NORMAL
distortion_world,310,NORMAL
distortion_world,311,NORMAL
distortion_world,312,NORMAL
distortion_world,313,NORMAL
distortion_world,314,NORMAL
distortion_world,315,NORMAL
distortion_world,316,NORMAL
distortion_world,317,NORMAL
distortion_world,318,NORMAL
distortion_world,319,NORMAL
distortion_world,320,NORMAL
distortion_world,321,NORMAL
distortion_world,322,NORMAL
distortion_world,323,NORMAL
distortion_world,324,NORMAL
distortion_world,325,NORMAL
distortion_world,326,NORMAL
distortion_world,327,NORMAL
distortion_world,328,NORMAL
distortion_world,329,NORMAL
distortion_world,330,NORMAL
distortion_world,331,NORMAL
distortion_world,332,NORMAL
distortion_world,333,NORMAL
distortion_world,334,NORMAL
distortion_world,335,NORMAL
distortion_world,336,NORMAL
distortion_world,337,NORMAL
distortion_world,338,NORMAL
distortion_world,339,NORMAL
distortion_world,340,NORMAL
distortion_world,341,NORMAL
distortion_world,342,NORMAL
distortion_world,343,NORMAL
distortion_world,344,NORMAL
distortion_world,345,NORMAL
distortion_world,346,NORMAL
distortion_world,347,NORMAL
distortion_world,348,NORMAL
distortion_world,349,NORMAL
distortion_world,350,NORMAL
distortion_world,351,NORMAL
distortion_world,352,NORMAL
distortion_world,353,NORMAL
distortion_world,354,NORMAL
distortion_world,355,NORMAL
distortion_world,356,NORMAL
distortion_world,357,NORMAL
distortion_world,358,NORMAL
distortion_world,359,NORMAL
distortion_world,360,NORMAL
distortion_world,361,NORMAL
distortion_world,362,NORMAL
distortion_world,363,NORMAL
distortion_world,364,NORMAL
distortion_world,365,NORMAL
distortion_world,366,NORMAL
distortion_world,367,NORMAL
distortion_world,368,NORMAL
distortion_world,369,NORMAL
distortion_world,370,NORMAL
distortion_world,371,NORMAL
distortion_world,372,NORMAL
distortion_world,373,NORMAL
distortion_world,374,NORMAL
distortion_world,375,NORMAL
distortion_world,376,NORMAL
distortion_world,377,NORMAL
distortion_world,378,NORMAL
distortion_world,379,NORMAL
distortion_world,380,NORMAL
distortion_world,381,NORMAL
distortion_world,382,NORMAL
distortion_world,383,NORMAL
distortion_world,384,NORMAL
distortion_world,385,NORMAL
distortion_world,386,NORMAL
distortion_world,387,NORMAL
distortion_world,388,NORMAL
distortion_world,389,NORMAL
distortion_world,390,NORMAL
distortion_world,391,NORMAL
distortion_world,392,NORMAL
distortion_world,393,NORMAL
distortion_world,394,NORMAL
distortion_world,395,NORMAL
distortion_world,396,NORMAL
distortion_world,397,NORMAL
distortion_world,398,NORMAL
distortion_world,399,NORMAL
distortion_world,400,NORMAL
distortion_world,401,NORMAL
distortion_world,402,NORMAL
distortion_world,403,NORMAL
distortion_world,404,NORMAL
distortion_world,405,NORMAL
distortion_world,406,NORMAL
distortion_world,407,NORMAL
distortion_world,408,NORMAL
distortion_world,409,NORMAL
distortion_world,410,NORMAL
distortion_world,411,NORMAL
distortion_world,412,NORMAL
distortion_world,413,NORMAL
distortion_world,414,NORMAL
distortion_world,415,NORMAL
distortion_world,416,NORMAL
distortion_world,417,NORMAL
distortion_world,418,NORMAL
distortion_world,419,NORMAL
distortion_world,420,NORMAL
distortion_world,421,NORMAL
distortion_world,422,NORMAL
distortion_world,423,NORMAL
distortion_world,424,NORMAL
distortion_world,425,NORMAL
distortion_world,426,NORMAL
distortion_world,427,NORMAL
distortion_world,428,NORMAL
distortion_world,429,NORMAL
distortion_world,430,NORMAL
distortion_world,431,NORMAL
distortion_world,432,NORMAL
distortion_world,433,NORMAL
distortion_world,434,NORMAL
distortion_world,435,NORMAL
distortion_world,436,NORMAL
distortion_world,437,NORMAL
distortion_world,438,NORMAL
distortion_world,439,NORMAL
distortion_world,440,NORMAL
distortion_world,441,NORMAL
distortion_world,442,NORMAL
distortion_world,443,NORMAL
distortion_world,444,NORMAL
distortion_world,445,NORMAL
distortion_world,446,NORMAL
distortion_world,447,NORMAL
distortion_world,448,NORMAL
distortion_world,449,NORMAL
distortion_world,450,NORMAL
distortion_world,451,NORMAL
distortion_world,452,NORMAL
distortion_world,453,NORMAL
distortion_world,454,NORMAL
distortion_world,455,NORMAL
distortion_world,456,NORMAL
distortion_world,457,NORMAL
distortion_world,458,NORMAL
distortion_world,459,NORMAL
distortion_world,460,NORMAL
distortion_world,461,NORMAL
distortion_world,462,NORMAL
distortion_world,463,NORMAL
distortion_world,464,NORMAL
distortion_world,465,NORMAL
distortion_world,466,NORMAL
distortion_world,467,NORMAL
distortion_world,468,NORMAL
distortion_world,469,NORMAL
distortion_world,470,NORMAL
distortion_world,471,NORMAL
distortion_world,472,NORMAL
distortion_world,473,NORMAL
distortion_world,474,NORMAL
distortion_world,475,NORMAL
distortion_world,476,NORMAL
distortion_world,477,NORMAL
distortion_world,478,NORMAL
distortion_world,479,NORMAL
distortion_world,480,NORMAL
distortion_world,481,NORMAL
distortion_world,482,NORMAL
distortion_world,483,NORMAL
distortion_world,484,NORMAL
distortion_world,485,NORMAL
distortion_world,486,NORMAL
distortion_world,487,NORMAL
distortion_world,488,NORMAL
distortion_world,489,NORMAL
distortion_world,490,NORMAL
distortion_world,491,NORMAL
distortion_world,492,NORMAL
distortion_world,493,NORMAL
distortion_world,494,NORMAL
distortion_world,495,NORMAL
distortion_world,496,NORMAL
distortion_world,497,NORMAL
distortion_world,498,NORMAL
distortion_world,499,NORMAL
distortion_world,500,NORMAL
distortion_world,501,NORMAL
distortion_world,502,NORMAL
distortion_world,503,NORMAL
distortion_world,504,NORMAL
distortion_world,505,NORMAL
distortion_world,506,NORMAL
distortion_world,507,NORMAL
distortion_world,508,NORMAL
distortion_world,509,NORMAL
distortion_world,510,NORMAL
distortion_world,511,NORMAL
valley_windworks_indoor,0,NORMAL
valley_windworks_indoor,1,NORMAL
valley_windworks_indoor,2,NORMAL
valley_windworks_indoor,3,NORMAL
valley_windworks_indoor,4,NORMAL
valley_windworks_indoor,5,NORMAL
valley_windworks_indoor,6,NORMAL
valley_windworks_indoor,7,NORMAL
valley_windworks_indoor,8,NORMAL
valley_windworks_indoor,9,NORMAL
valley_windworks_indoor,10,NORMAL
valley_windworks_indoor,11,NORMAL
valley_windworks_indoor,12,NORMAL
valley_windworks_indoor,13,NORMAL
valley_windworks_indoor,14,NORMAL
valley_windworks_indoor,15,NORMAL
valley_windworks_indoor,16,NORMAL
valley_windworks_indoor,17,NORMAL
valley_windworks_indoor,18,NORMAL
valley_windworks_indoor,19,NORMAL
valley_windworks_indoor,20,NORMAL
valley_windworks_indoor,21,NORMAL
valley_windworks_indoor,22,NORMAL
valley_windworks_indoor,23,NORMAL
valley_windworks_indoor,24,NORMAL
valley_windworks_indoor,25,NORMAL
valley_windworks_indoor,26,NORMAL
valley_windworks_indoor,27,NORMAL
valley_windworks_indoor,28,NORMAL
valley_windworks_indoor,29,NORMAL
valley_windworks_indoor,30,NORMAL
valley_windworks_indoor,31,NORMAL
valley_windworks_indoor,32,NORMAL
valley_windworks_indoor,33,NORMAL
valley_windworks_indoor,34,NORMAL
valley_windworks_indoor,35,NORMAL
valley_windworks_indoor,36,NORMAL
valley_windworks_indoor,37,NORMAL
valley_windworks_indoor,38,NORMAL
valley_windworks_indoor,39,NORMAL
valley_windworks_indoor,40,NORMAL
valley_windworks_indoor,41,NORMAL
valley_windworks_indoor,42,NORMAL
valley_windworks_indoor,43,NORMAL
valley_windworks_indoor,44,NORMAL
valley_windworks_indoor,45,NORMAL
valley_windworks_indoor,46,NORMAL
valley_windworks_indoor,47,NORMAL
valley_windworks_indoor,48,NORMAL
valley_windworks_indoor,49,NORMAL
valley_windworks_indoor,50,NORMAL
valley_windworks_indoor,51,NORMAL
valley_windworks_indoor,52,NORMAL
valley_windworks_indoor,53,NORMAL
valley_windworks_indoor,54,NORMAL
valley_windworks_indoor,55,NORMAL
valley_windworks_indoor,56,NORMAL
valley_windworks_indoor,57,NORMAL
valley_windworks_indoor,58,NORMAL
valley_windworks_indoor,59,NORMAL
valley_windworks_indoor,60,NORMAL
valley_windworks_indoor,61,NORMAL
valley_windworks_indoor,62,NORMAL
valley_windworks_indoor,63,NORMAL
valley_windworks_indoor,64,NORMAL
valley_windworks_indoor,65,NORMAL
valley_windworks_indoor,66,NORMAL
valley_windworks_indoor,67,NORMAL
valley_windworks_indoor,68,NORMAL
valley_windworks_indoor,69,NORMAL
valley_windworks_indoor,70,NORMAL
valley_windworks_indoor,71,NORMAL
valley_windworks_indoor,72,NORMAL
valley_windworks_indoor,73,NORMAL
valley_windworks_indoor,74,NORMAL
valley_windworks_indoor,75,NORMAL
valley_windworks_indoor,76,NORMAL
valley_windworks_indoor,77,NORMAL
valley_windworks_indoor,78,NORMAL
valley_windworks_indoor,79,NORMAL
valley_windworks_indoor,80,NORMAL
valley_windworks_indoor,81,NORMAL
valley_windworks_indoor,82,NORMAL
valley_windworks_indoor,83,NORMAL
valley_windworks_indoor,84,NORMAL
valley_windworks_indoor,85,NORMAL
valley_windworks_indoor,86,NORMAL
valley_windworks_indoor,87,NORMAL
valley_windworks_indoor,88,NORMAL
valley_windworks_indoor,89,NORMAL
valley_windworks_indoor,90,NORMAL
valley_windworks_indoor,91,NORMAL
valley_windworks_indoor,92,NORMAL
valley_windworks_indoor,93,NORMAL
valley_windworks_indoor,94,NORMAL
valley_windworks_indoor,95,NORMAL
valley_windworks_indoor,96,NORMAL
valley_windworks_indoor,97,NORMAL
valley_windworks_indoor,98,NORMAL
valley_windworks_indoor,99,NORMAL
valley_windworks_indoor,100,NORMAL
valley_windworks_indoor,101,NORMAL
valley_windworks_indoor,102,NORMAL
valley_windworks_indoor,103,NORMAL
valley_windworks_indoor,104,NORMAL
valley_windworks_indoor,105,NORMAL
valley_windworks_indoor,106,NORMAL
valley_windworks_indoor,107,NORMAL
valley_windworks_indoor,108,NORMAL
valley_windworks_indoor,109,NORMAL
valley_windworks_indoor,110,NORMAL
valley_windworks_indoor,111,NORMAL
valley_windworks_indoor,112,NORMAL
valley_windworks_indoor,113,NORMAL
valley_windworks_indoor,114,NORMAL
valley_windworks_indoor,115,NORMAL
valley_windworks_indoor,116,NORMAL
valley_windworks_indoor,117,NORMAL
valley_windworks_indoor,118,NORMAL
valley_windworks_indoor,119,NORMAL
valley_windworks_indoor,120,NORMAL
valley_windworks_indoor,121,NORMAL
valley_windworks_indoor,122,NORMAL
valley_windworks_indoor,123,NORMAL
valley_windworks_indoor,124,NORMAL
valley_windworks_indoor,125,NORMAL
valley_windworks_indoor,126,NORMAL
valley_windworks_indoor,127,NORMAL
sandgem_helper,0,NORMAL
sandgem_helper,1,NORMAL
sandgem_helper,2,NORMAL
sandgem_helper,3,NORMAL
sandgem_helper,4,NORMAL
sandgem_helper,5,NORMAL
sandgem_helper,6,NORMAL
sandgem_helper,7,NORMAL
sandgem_helper,8,NORMAL
sandgem_helper,9,NORMAL
sandgem_helper,10,NORMAL
sandgem_helper,11,NORMAL
sandgem_helper,12,NORMAL
sandgem_helper,13,NORMAL
sandgem_helper,14,NORMAL
sandgem_helper,15,NORMAL
sandgem_helper,16,NORMAL
sandgem_helper,17,NORMAL
sandgem_helper,18,NORMAL
sandgem_helper,19,NORMAL
sandgem_helper,20,NORMAL
sandgem_helper,21,NORMAL
sandgem_helper,22,NORMAL
sandgem_helper,23,NORMAL
sandgem_helper,24,NORMAL
sandgem_helper,25,NORMAL
sandgem_helper,26,NORMAL
sandgem_helper,27,NORMAL
sandgem_helper,28,NORMAL
sandgem_helper,29,NORMAL
sandgem_helper,30,NORMAL
sandgem_helper,31,NORMAL
sandgem_helper,32,NORMAL
sandgem_helper,33,NORMAL
sandgem_helper,34,NORMAL
sandgem_helper,35,NORMAL
sandgem_helper,36,NORMAL
sandgem_helper,37,NORMAL
sandgem_helper,38,NORMAL
sandgem_helper,39,NORMAL
sandgem_helper,40,NORMAL
sandgem_helper,41,NORMAL
sandgem_helper,42,NORMAL
sandgem_helper,43,NORMAL
sandgem_helper,44,NORMAL
sandgem_helper,45,NORMAL
sandgem_helper,46,NORMAL
sandgem_helper,47,NORMAL
sandgem_helper,48,NORMAL
sandgem_helper,49,NORMAL
sandgem_helper,50,NORMAL
sandgem_helper,51,NORMAL
sandgem_helper,52,NORMAL
sandgem_helper,53,NORMAL
sandgem_helper,54,NORMAL
sandgem_helper,55,NORMAL
sandgem_helper,56,NORMAL
sandgem_helper,57,NORMAL
sandgem_helper,58,NORMAL
sandgem_helper,59,NORMAL
sandgem_helper,60,NORMAL
sandgem_helper,61,NORMAL
sandgem_helper,62,NORMAL
sandgem_helper,63,NORMAL
sandgem_helper,64,NORMAL
sandgem_helper,65,NORMAL
sandgem_helper,66,NORMAL
sandgem_helper,67,NORMAL
sandgem_helper,68,NORMAL
sandgem_helper,69,NORMAL
sandgem_helper,70,NORMAL
sandgem_helper,71,NORMAL
sandgem_helper,72,NORMAL
sandgem_helper,73,NORMAL
sandgem_helper,74,NORMAL
sandgem_helper,75,NORMAL
sandgem_helper,76,NORMAL
sandgem_helper,77,NORMAL
sandgem_helper,78,NORMAL
sandgem_helper,79,NORMAL
sandgem_helper,80,NORMAL
sandgem_helper,81,NORMAL
sandgem_helper,82,NORMAL
sandgem_helper,83,NORMAL
sandgem_helper,84,NORMAL
sandgem_helper,85,NORMAL
sandgem_helper,86,NORMAL
sandgem_helper,87,NORMAL
sandgem_helper,88,NORMAL
sandgem_helper,89,NORMAL
sandgem_helper,90,NORMAL
sandgem_helper,91,NORMAL
sandgem_helper,92,NORMAL
sandgem_helper,93,NORMAL
sandgem_helper,94,NORMAL
sandgem_helper,95,NORMAL
sandgem_helper,96,NORMAL
sandgem_helper,97,NORMAL
sandgem_helper,98,NORMAL
sandgem_helper,99,NORMAL
sandgem_helper,100,NORMAL
sandgem_helper,101,NORMAL
sandgem_helper,102,NORMAL
sandgem_helper,103,NORMAL
sandgem_helper,104,NORMAL
sandgem_helper,105,NORMAL
sandgem_helper,106,NORMAL
sandgem_helper,107,NORMAL
sandgem_helper,108,NORMAL
sandgem_helper,109,NORMAL
sandgem_helper,110,NORMAL
sandgem_helper,111,NORMAL
sandgem_helper,112,NORMAL
sandgem_helper,113,NORMAL
sandgem_helper,114,NORMAL
sandgem_helper,115,NORMAL
sandgem_helper,116,NORMAL
sandgem_helper,117,NORMAL
sandgem_helper,118,NORMAL
sandgem_helper,119,NORMAL
sandgem_helper,120,NORMAL
sandgem_helper,121,NORMAL
sandgem_helper,122,NORMAL
sandgem_helper,123,NORMAL
sandgem_helper,124,NORMAL
sandgem_helper,125,NORMAL
sandgem_helper,126,NORMAL
sandgem_helper,127,NORMAL
trainer_hill,0,NORMAL
trainer_hill,1,NORMAL
trainer_hill,2,NORMAL
trainer_hill,3,NORMAL
trainer_hill,4,NORMAL
trainer_hill,5,NORMAL
trainer_hill,6,NORMAL
trainer_hill,7,NORMAL
trainer_hill,8,NORMAL
trainer_hill,9,NORMAL
trainer_hill,10,NORMAL
trainer_hill,11,NORMAL
trainer_hill,12,NORMAL
trainer_hill,13,NORMAL
trainer_hill,14,NORMAL
trainer_hill,15,NORMAL
trainer_hill,16,NORMAL
trainer_hill,17,NORMAL
trainer_hill,18,NORMAL
trainer_hill,19,NORMAL
trainer_hill,20,NORMAL
trainer_hill,21,NORMAL
trainer_hill,22,NORMAL
trainer_hill,23,NORMAL
trainer_hill,24,NORMAL
trainer_hill,25,NORMAL
trainer_hill,26,NORMAL
trainer_hill,27,NORMAL
trainer_hill,28,NORMAL
trainer_hill,29,NORMAL
trainer_hill,30,NORMAL
trainer_hill,31,NORMAL
trainer_hill,32,NORMAL
trainer_hill,33,NORMAL
trainer_hill,34,NORMAL
trainer_hill,35,NORMAL
trainer_hill,36,NORMAL
trainer_hill,37,NORMAL
trainer_hill,38,NORMAL
trainer_hill,39,NORMAL
trainer_hill,40,NORMAL
trainer_hill,41,NORMAL
trainer_hill,42,NORMAL
trainer_hill,43,NORMAL
trainer_hill,44,NORMAL
trainer_hill,45,NORMAL
trainer_hill,46,NORMAL
trainer_hill,47,NORMAL
trainer_hill,48,NORMAL
trainer_hill,49,NORMAL
trainer_hill,50,NORMAL
trainer_hill,51,NORMAL
trainer_hill,52,NORMAL
trainer_hill,53,NORMAL
trainer_hill,54,NORMAL
trainer_hill,55,NORMAL
trainer_hill,56,NORMAL
trainer_hill,57,NORMAL
trainer_hill,58,NORMAL
trainer_hill,59,NORMAL
trainer_hill,60,NORMAL
trainer_hill,61,NORMAL
trainer_hill,62,NORMAL
trainer_hill,63,NORMAL
trainer_hill,64,NORMAL
trainer_hill,65,NORMAL
trainer_hill,66,NORMAL
trainer_hill,67,NORMAL
trainer_hill,68,NORMAL
trainer_hill,69,NORMAL
trainer_hill,70,NORMAL
trainer_hill,71,NORMAL
trainer_hill,72,NORMAL
trainer_hill,73,NORMAL
trainer_hill,74,NORMAL
trainer_hill,75,NORMAL
trainer_hill,76,NORMAL
trainer_hill,77,NORMAL
trainer_hill,78,NORMAL
trainer_hill,79,NORMAL
trainer_hill,80,NORMAL
trainer_hill,81,NORMAL
trainer_hill,82,NORMAL
trainer_hill,83,NORMAL
trainer_hill,84,NORMAL
trainer_hill,85,NORMAL
trainer_hill,86,NORMAL
trainer_hill,87,NORMAL
trainer_hill,88,NORMAL
trainer_hill,89,NORMAL
trainer_hill,90,NORMAL
trainer_hill,91,NORMAL
trainer_hill,92,NORMAL
trainer_hill,93,NORMAL
trainer_hill,94,NORMAL
trainer_hill,95,NORMAL
trainer_hill,96,NORMAL
trainer_hill,97,NORMAL
trainer_hill,98,NORMAL
trainer_hill,99,NORMAL
trainer_hill,100,NORMAL
trainer_hill,101,NORMAL
trainer_hill,102,NORMAL
trainer_hill,103,NORMAL
trainer_hill,104,NORMAL
trainer_hill,105,NORMAL
trainer_hill,106,NORMAL
trainer_hill,107,NORMAL
trainer_hill,108,NORMAL
trainer_hill,109,NORMAL
trainer_hill,110,NORMAL
trainer_hill,111,NORMAL
trainer_hill,112,NORMAL
trainer_hill,113,NORMAL
trainer_hill,114,NORMAL
trainer_hill,115,NORMAL
trainer_hill,116,NORMAL
trainer_hill,117,NORMAL
trainer_hill,118,NORMAL
trainer_hill,119,NORMAL
trainer_hill,120,NORMAL
trainer_hill,121,NORMAL
trainer_hill,122,NORMAL
trainer_hill,123,NORMAL
trainer_hill,124,NORMAL
trainer_hill,125,NORMAL
trainer_hill,126,NORMAL
trainer_hill,127,NORMAL
trainer_hill,128,NORMAL
trainer_hill,129,NORMAL
trainer_hill,130,NORMAL
trainer_hill,131,NORMAL
trainer_hill,132,NORMAL
trainer_hill,133,NORMAL
trainer_hill,134,NORMAL
trainer_hill,135,NORMAL
trainer_hill,136,NORMAL
trainer_hill,137,NORMAL
trainer_hill,138,NORMAL
trainer_hill,139,NORMAL
trainer_hill,140,NORMAL
trainer_hill,141,NORMAL
trainer_hill,142,NORMAL
trainer_hill,143,NORMAL
trainer_hill,144,NORMAL
trainer_hill,145,NORMAL
trainer_hill,146,NORMAL
trainer_hill,147,NORMAL
trainer_hill,148,NORMAL
trainer_hill,149,NORMAL
trainer_hill,150,NORMAL
trainer_hill,151,NORMAL
trainer_hill,152,NORMAL
trainer_hill,153,NORMAL
trainer_hill,154,NORMAL
trainer_hill,155,NORMAL
trainer_hill,156,NORMAL
trainer_hill,157,NORMAL
trainer_hill,158,NORMAL
trainer_hill,159,NORMAL
trainer_hill,160,NORMAL
trainer_hill,161,NORMAL
trainer_hill,162,NORMAL
trainer_hill,163,NORMAL
trainer_hill,164,NORMAL
trainer_hill,165,NORMAL
trainer_hill,166,NORMAL
trainer_hill,167,NORMAL
trainer_hill,168,NORMAL
trainer_hill,169,NORMAL
trainer_hill,170,NORMAL
trainer_hill,171,NORMAL
trainer_hill,172,NORMAL
trainer_hill,173,NORMAL
trainer_hill,174,NORMAL
trainer_hill,175,NORMAL
trainer_hill,176,NORMAL
trainer_hill,177,NORMAL
trainer_hill,178,NORMAL
trainer_hill,179,NORMAL
trainer_hill,180,NORMAL
trainer_hill,181,NORMAL
trainer_hill,182,NORMAL
trainer_hill,183,NORMAL
trainer_hill,184,NORMAL
trainer_hill,185,NORMAL
trainer_hill,186,NORMAL
trainer_hill,187,NORMAL
trainer_hill,188,NORMAL
trainer_hill,189,NORMAL
trainer_hill,190,NORMAL
trainer_hill,191,NORMAL
trainer_hill,192,NORMAL
trainer_hill,193,NORMAL
trainer_hill,194,NORMAL
trainer_hill,195,NORMAL
trainer_hill,196,NORMAL
trainer_hill,197,NORMAL
trainer_hill,198,NORMAL
trainer_hill,199,NORMAL
trainer_hill,200,NORMAL
trainer_hill,201,NORMAL
trainer_hill,202,NORMAL
trainer_hill,203,NORMAL
trainer_hill,204,NORMAL
trainer_hill,205,NORMAL
trainer_hill,206,NORMAL
trainer_hill,207,NORMAL
trainer_hill,208,NORMAL
trainer_hill,209,NORMAL
trainer_hill,210,NORMAL
trainer_hill,211,NORMAL
trainer_hill,212,NORMAL
trainer_hill,213,NORMAL
trainer_hill,214,NORMAL
trainer_hill,215,NORMAL
trainer_hill,216,NORMAL
trainer_hill,217,NORMAL
trainer_hill,218,NORMAL
trainer_hill,219,NORMAL
trainer_hill,220,NORMAL
trainer_hill,221,NORMAL
trainer_hill,222,NORMAL
trainer_hill,223,NORMAL
trainer_hill,224,NORMAL
trainer_hill,225,NORMAL
trainer_hill,226,NORMAL
trainer_hill,227,NORMAL
trainer_hill,228,NORMAL
trainer_hill,229,NORMAL
trainer_hill,230,NORMAL
trainer_hill,231,NORMAL
trainer_hill,232,NORMAL
trainer_hill,233,NORMAL
trainer_hill,234,NORMAL
trainer_hill,235,NORMAL
trainer_hill,236,NORMAL
trainer_hill,237,NORMAL
trainer_hill,238,NORMAL
trainer_hill,239,NORMAL
trainer_hill,240,NORMAL
trainer_hill,241,NORMAL
trainer_hill,242,NORMAL
trainer_hill,243,NORMAL
trainer_hill,244,NORMAL
trainer_hill,245,NORMAL
trainer_hill,246,NORMAL
trainer_hill,247,NORMAL
trainer_hill,248,NORMAL
trainer_hill,249,NORMAL
trainer_hill,250,NORMAL
trainer_hill,251,NORMAL
trainer_hill,252,NORMAL
trainer_hill,253,NORMAL
trainer_hill,254,NORMAL
trainer_hill,255,NORMAL
trainer_hill,256,NORMAL
trainer_hill,257,NORMAL
trainer_hill,258,NORMAL
trainer_hill,259,NORMAL
trainer_hill,260,NORMAL
trainer_hill,261,NORMAL
trainer_hill,262,NORMAL
trainer_hill,263,NORMAL
trainer_hill,264,NORMAL
trainer_hill,265,NORMAL
trainer_hill,266,NORMAL
trainer_hill,267,NORMAL
trainer_hill,268,NORMAL
trainer_hill,269,NORMAL
trainer_hill,270,NORMAL
trainer_hill,271,NORMAL
trainer_hill,272,NORMAL
trainer_hill,273,NORMAL
trainer_hill,274,NORMAL
trainer_hill,275,NORMAL
trainer_hill,276,NORMAL
trainer_hill,277,NORMAL
trainer_hill,278,NORMAL
trainer_hill,279,NORMAL
trainer_hill,280,NORMAL
trainer_hill,281,NORMAL
trainer_hill,282,NORMAL
trainer_hill,283,NORMAL
trainer_hill,284,NORMAL
trainer_hill,285,NORMAL
trainer_hill,286,NORMAL
trainer_hill,287,NORMAL
trainer_hill,288,NORMAL
trainer_hill,289,NORMAL
trainer_hill,290,NORMAL
trainer_hill,291,NORMAL
trainer_hill,292,NORMAL
trainer_hill,293,NORMAL
trainer_hill,294,NORMAL
trainer_hill,295,NORMAL
trainer_hill,296,NORMAL
trainer_hill,297,NORMAL
trainer_hill,298,NORMAL
trainer_hill,299,NORMAL
trainer_hill,300,NORMAL
trainer_hill,301,NORMAL
trainer_hill,302,NORMAL
trainer_hill,303,NORMAL
trainer_hill,304,NORMAL
trainer_hill,305,NORMAL
trainer_hill,306,NORMAL
trainer_hill,307,NORMAL
trainer_hill,308,NORMAL
trainer_hill,309,NORMAL
trainer_hill,310,NORMAL
trainer_hill,311,NORMAL
trainer_hill,312,NORMAL
trainer_hill,313,NORMAL
trainer_hill,314,NORMAL
trainer_hill,315,NORMAL
trainer_hill,316,NORMAL
trainer_hill,317,NORMAL
trainer_hill,318,NORMAL
trainer_hill,319,NORMAL
trainer_hill,320,NORMAL
trainer_hill,321,NORMAL
trainer_hill,322,NORMAL
trainer_hill,323,NORMAL
trainer_hill,324,NORMAL
trainer_hill,325,NORMAL
trainer_hill,326,NORMAL
trainer_hill,327,NORMAL
trainer_hill,328,NORMAL
trainer_hill,329,NORMAL
trainer_hill,330,NORMAL
trainer_hill,331,NORMAL
trainer_hill,332,NORMAL
trainer_hill,333,NORMAL
trainer_hill,334,NORMAL
trainer_hill,335,NORMAL
trainer_hill,336,NORMAL
trainer_hill,337,NORMAL
trainer_hill,338,NORMAL
trainer_hill,339,NORMAL
trainer_hill,340,NORMAL
trainer_hill,341,NORMAL
trainer_hill,342,NORMAL
trainer_hill,343,NORMAL
trainer_hill,344,NORMAL
trainer_hill,345,NORMAL
trainer_hill,346,NORMAL
trainer_hill,347,NORMAL
trainer_hill,348,NORMAL
trainer_hill,349,NORMAL
trainer_hill,350,NORMAL
trainer_hill,351,NORMAL
trainer_hill,352,NORMAL
trainer_hill,353,NORMAL
trainer_hill,354,NORMAL
trainer_hill,355,NORMAL
trainer_hill,356,NORMAL
trainer_hill,357,NORMAL
trainer_hill,358,NORMAL
trainer_hill,359,NORMAL
trainer_hill,360,NORMAL
trainer_hill,361,NORMAL
trainer_hill,362,NORMAL
trainer_hill,363,NORMAL
trainer_hill,364,NORMAL
trainer_hill,365,NORMAL
trainer_hill,366,NORMAL
trainer_hill,367,NORMAL
trainer_hill,368,NORMAL
trainer_hill,369,NORMAL
trainer_hill,370,NORMAL
trainer_hill,371,NORMAL
trainer_hill,372,NORMAL
trainer_hill,373,NORMAL
trainer_hill,374,NORMAL
trainer_hill,375,NORMAL
trainer_hill,376,NORMAL
trainer_hill,377,NORMAL
trainer_hill,378,NORMAL
trainer_hill,379,NORMAL
trainer_hill,380,NORMAL
trainer_hill,381,NORMAL
trainer_hill,382,NORMAL
trainer_hill,383,NORMAL
trainer_hill,384,NORMAL
trainer_hill,385,NORMAL
trainer_hill,386,NORMAL
trainer_hill,387,NORMAL
trainer_hill,388,NORMAL
trainer_hill,389,NORMAL
trainer_hill,390,NORMAL
trainer_hill,391,NORMAL
trainer_hill,392,NORMAL
trainer_hill,393,NORMAL
trainer_hill,394,NORMAL
trainer_hill,395,NORMAL
trainer_hill,396,NORMAL
trainer_hill,397,NORMAL
trainer_hill,398,NORMAL
trainer_hill,399,NORMAL
trainer_hill,400,NORMAL
trainer_hill,401,NORMAL
trainer_hill,402,NORMAL
trainer_hill,403,NORMAL
trainer_hill,404,NORMAL
trainer_hill,405,NORMAL
trainer_hill,406,NORMAL
trainer_hill,407,NORMAL
trainer_hill,408,NORMAL
trainer_hill,409,NORMAL
trainer_hill,410,NORMAL
trainer_hill,411,NORMAL
trainer_hill,412,NORMAL
trainer_hill,413,NORMAL
trainer_hill,414,NORMAL
trainer_hill,415,NORMAL
trainer_hill,416,NORMAL
trainer_hill,417,NORMAL
trainer_hill,418,NORMAL
trainer_hill,419,NORMAL
trainer_hill,420,NORMAL
trainer_hill,421,NORMAL
trainer_hill,422,NORMAL
trainer_hill,423,NORMAL
trainer_hill,424,NORMAL
trainer_hill,425,NORMAL
trainer_hill,426,NORMAL
trainer_hill,427,NORMAL
trainer_hill,428,NORMAL
trainer_hill,429,NORMAL
trainer_hill,430,NORMAL
trainer_hill,431,NORMAL
trainer_hill,432,NORMAL
trainer_hill,433,NORMAL
trainer_hill,434,NORMAL
trainer_hill,435,NORMAL
trainer_hill,436,NORMAL
trainer_hill,437,NORMAL
trainer_hill,438,NORMAL
trainer_hill,439,NORMAL
trainer_hill,440,NORMAL
trainer_hill,441,NORMAL
trainer_hill,442,NORMAL
trainer_hill,443,NORMAL
trainer_hill,444,NORMAL
trainer_hill,445,NORMAL
trainer_hill,446,NORMAL
trainer_hill,447,NORMAL
trainer_hill,448,NORMAL
trainer_hill,449,NORMAL
trainer_hill,450,NORMAL
trainer_hill,451,NORMAL
trainer_hill,452,NORMAL
trainer_hill,453,NORMAL
trainer_hill,454,NORMAL
trainer_hill,455,NORMAL
trainer_hill,456,NORMAL
trainer_hill,457,NORMAL
trainer_hill,458,NORMAL
trainer_hill,459,NORMAL
trainer_hill,460,NORMAL
trainer_hill,461,NORMAL
trainer_hill,462,NORMAL
trainer_hill,463,NORMAL
trainer_hill,464,NORMAL
trainer_hill,465,NORMAL
trainer_hill,466,NORMAL
trainer_hill,467,NORMAL
trainer_hill,468,NORMAL
trainer_hill,469,NORMAL
trainer_hill,470,NORMAL
trainer_hill,471,NORMAL
trainer_hill,472,NORMAL
trainer_hill,473,NORMAL
trainer_hill,474,NORMAL
trainer_hill,475,NORMAL
trainer_hill,476,NORMAL
trainer_hill,477,NORMAL
trainer_hill,478,NORMAL
trainer_hill,479,NORMAL
trainer_hill,480,NORMAL
trainer_hill,481,NORMAL
trainer_hill,482,NORMAL
trainer_hill,483,NORMAL
trainer_hill,484,NORMAL
trainer_hill,485,NORMAL
fortree,0,NORMAL
fortree,1,NORMAL
fortree,2,NORMAL
fortree,3,NORMAL
fortree,4,NORMAL
fortree,5,NORMAL
fortree,6,NORMAL
fortree,7,NORMAL
fortree,8,NORMAL
fortree,9,NORMAL
fortree,10,NORMAL
fortree,11,NORMAL
fortree,12,NORMAL
fortree,13,NORMAL
fortree,14,NORMAL
fortree,15,NORMAL
fortree,16,NORMAL
fortree,17,NORMAL
fortree,18,NORMAL
fortree,19,NORMAL
fortree,20,NORMAL
fortree,21,NORMAL
fortree,22,NORMAL
fortree,23,NORMAL
fortree,24,NORMAL
fortree,25,NORMAL
fortree,26,NORMAL
fortree,27,NORMAL
fortree,28,NORMAL
fortree,29,NORMAL
fortree,30,NORMAL
fortree,31,NORMAL
fortree,32,NORMAL
fortree,33,NORMAL
fortree,34,NORMAL
fortree,35,NORMAL
fortree,36,NORMAL
fortree,37,NORMAL
fortree,38,NORMAL
fortree,39,NORMAL
fortree,40,NORMAL
fortree,41,NORMAL
fortree,42,NORMAL
fortree,43,NORMAL
fortree,44,NORMAL
fortree,45,NORMAL
fortree,46,NORMAL
fortree,47,NORMAL
fortree,48,NORMAL
fortree,49,NORMAL
fortree,50,NORMAL
fortree,51,NORMAL
fortree,52,NORMAL
fortree,53,NORMAL
fortree,54,NORMAL
fortree,55,NORMAL
fortree,56,NORMAL
fortree,57,NORMAL
fortree,58,NORMAL
fortree,59,NORMAL
fortree,60,NORMAL
fortree,61,NORMAL
fortree,62,NORMAL
fortree,63,NORMAL
fortree,64,NORMAL
fortree,65,NORMAL
fortree,66,NORMAL
fortree,67,NORMAL
fortree,68,NORMAL
fortree,69,NORMAL
fortree,70,NORMAL
fortree,71,NORMAL
fortree,72,NORMAL
fortree,73,NORMAL
fortree,74,NORMAL
fortree,75,NORMAL
fortree,76,NORMAL
fortree,77,NORMAL
fortree,78,NORMAL
fortree,79,NORMAL
fortree,80,NORMAL
fortree,81,NORMAL
fortree,82,NORMAL
fortree,83,NORMAL
fortree,84,NORMAL
fortree,85,NORMAL
fortree,86,NORMAL
fortree,87,NORMAL
fortree,88,NORMAL
fortree,89,NORMAL
fortree,90,NORMAL
fortree,91,NORMAL
fortree,92,NORMAL
fortree,93,NORMAL
fortree,94,NORMAL
fortree,95,NORMAL
fortree,96,NORMAL
fortree,97,NORMAL
fortree,98,NORMAL
fortree,99,NORMAL
fortree,100,NORMAL
fortree,101,NORMAL
fortree,102,NORMAL
fortree,103,NORMAL
fortree,104,NORMAL
fortree,105,NORMAL
fortree,106,NORMAL
fortree,107,NORMAL
fortree,108,NORMAL
fortree,109,NORMAL
fortree,110,NORMAL
fortree,111,NORMAL
fortree,112,NORMAL
fortree,113,NORMAL
fortree,114,NORMAL
fortree,115,NORMAL
fortree,116,NORMAL
fortree,117,NORMAL
fortree,118,NORMAL
fortree,119,NORMAL
fortree,120,NORMAL
fortree,121,NORMAL
fortree,122,NORMAL
fortree,123,NORMAL
fortree,124,NORMAL
fortree,125,NORMAL
fortree,126,NORMAL
fortree,127,NORMAL
fortree,128,NORMAL
fortree,129,NORMAL
fortree,130,NORMAL
fortree,131,NORMAL
fortree,132,NORMAL
fortree,133,NORMAL
fortree,134,NORMAL
fortree,135,NORMAL
fortree,136,NORMAL
fortree,137,NORMAL
fortree,138,NORMAL
fortree,139,NORMAL
fortree,140,NORMAL
fortree,141,NORMAL
fortree,142,NORMAL
fortree,143,NORMAL
fortree,144,NORMAL
fortree,145,NORMAL
fortree,146,NORMAL
fortree,147,NORMAL
fortree,148,NORMAL
fortree,149,NORMAL
fortree,150,NORMAL
fortree,151,NORMAL
fortree,152,NORMAL
fortree,153,NORMAL
fortree,154,NORMAL
fortree,155,NORMAL
fortree,156,NORMAL
fortree,157,NORMAL
fortree,158,NORMAL
fortree,159,NORMAL
fortree,160,NORMAL
fortree,161,NORMAL
fortree,162,NORMAL
fortree,163,NORMAL
fortree,164,NORMAL
fortree,165,NORMAL
fortree,166,NORMAL
fortree,167,NORMAL
fortree,168,NORMAL
fortree,169,NORMAL
fortree,170,NORMAL
fortree,171,NORMAL
fortree,172,NORMAL
fortree,173,NORMAL
fortree,174,NORMAL
fortree,175,NORMAL
fortree,176,NORMAL
fortree,177,NORMAL
fortree,178,NORMAL
fortree,179,NORMAL
fortree,180,NORMAL
fortree,181,NORMAL
fortree,182,NORMAL
fortree,183,NORMAL
fortree,184,NORMAL
fortree,185,NORMAL
fortree,186,NORMAL
fortree,187,NORMAL
fortree,188,NORMAL
fortree,189,NORMAL
fortree,190,NORMAL
fortree,191,NORMAL
fortree,192,NORMAL
fortree,193,NORMAL
fortree,194,NORMAL
fortree,195,NORMAL
fortree,196,NORMAL
fortree,197,NORMAL
fortree,198,NORMAL
fortree,199,NORMAL
fortree,200,NORMAL
fortree,201,NORMAL
fortree,202,NORMAL
fortree,203,NORMAL
fortree,204,NORMAL
fortree,205,NORMAL
fortree,206,NORMAL
fortree,207,NORMAL
fortree,208,NORMAL
fortree,209,NORMAL
fortree,210,NORMAL
fortree,211,NORMAL
fortree,212,NORMAL
fortree,213,NORMAL
fortree,214,NORMAL
fortree,215,NORMAL
fortree,216,NORMAL
fortree,217,NORMAL
fortree,218,NORMAL
fortree,219,NORMAL
fortree,220,NORMAL
fortree,221,NORMAL
fortree,222,NORMAL
fortree,223,NORMAL
fortree,224,NORMAL
fortree,225,NORMAL
fortree,226,NORMAL
fortree,227,NORMAL
fortree,228,NORMAL
fortree,229,NORMAL
fortree,230,NORMAL
fortree,231,NORMAL
fortree,232,NORMAL
fortree,233,NORMAL
fortree,234,NORMAL
fortree,235,NORMAL
fortree,236,NORMAL
fortree,237,NORMAL
fortree,238,NORMAL
fortree,239,NORMAL
fortree,240,NORMAL
fortree,241,NORMAL
fortree,242,NORMAL
fortree,243,NORMAL
fortree,244,NORMAL
fortree,245,NORMAL
fortree,246,NORMAL
fortree,247,NORMAL
fortree,248,NORMAL
fortree,249,NORMAL
fortree,250,NORMAL
fortree,251,NORMAL
fortree,252,NORMAL
fortree,253,NORMAL
fortree,254,NORMAL
fortree,255,NORMAL
fortree,256,NORMAL
fortree,257,NORMAL
fortree,258,NORMAL
fortree,259,NORMAL
fortree,260,NORMAL
fortree,261,NORMAL
fortree,262,NORMAL
fortree,263,NORMAL
fortree,264,NORMAL
fortree,265,NORMAL
fortree,266,NORMAL
fortree,267,NORMAL
fortree,268,NORMAL
fortree,269,NORMAL
fortree,270,NORMAL
fortree,271,NORMAL
fortree,272,NORMAL
fortree,273,NORMAL
fortree,274,NORMAL
fortree,275,NORMAL
fortree,276,NORMAL
fortree,277,NORMAL
fortree,278,NORMAL
fortree,279,NORMAL
battle_arena,0,NORMAL
battle_arena,1,NORMAL
battle_arena,2,NORMAL
battle_arena,3,NORMAL
battle_arena,4,NORMAL
battle_arena,5,NORMAL
battle_arena,6,NORMAL
battle_arena,7,NORMAL
battle_arena,8,NORMAL
battle_arena,9,NORMAL
battle_arena,10,NORMAL
battle_arena,11,NORMAL
battle_arena,12,NORMAL
battle_arena,13,NORMAL
battle_arena,14,NORMAL
battle_arena,15,NORMAL
battle_arena,16,NORMAL
battle_arena,17,NORMAL
battle_arena,18,NORMAL
battle_arena,19,NORMAL
battle_arena,20,NORMAL
battle_arena,21,NORMAL
battle_arena,22,NORMAL
battle_arena,23,NORMAL
battle_arena,24,NORMAL
battle_arena,25,NORMAL
battle_arena,26,NORMAL
battle_arena,27,NORMAL
battle_arena,28,NORMAL
battle_arena,29,NORMAL
battle_arena,30,NORMAL
battle_arena,31,NORMAL
battle_arena,32,NORMAL
battle_arena,33,NORMAL
battle_arena,34,NORMAL
battle_arena,35,NORMAL
battle_arena,36,NORMAL
battle_arena,37,NORMAL
battle_arena,38,NORMAL
battle_arena,39,NORMAL
battle_arena,40,NORMAL
battle_arena,41,NORMAL
battle_arena,42,NORMAL
battle_arena,43,NORMAL
battle_arena,44,NORMAL
battle_arena,45,NORMAL
battle_arena,46,NORMAL
battle_arena,47,NORMAL
battle_arena,48,NORMAL
battle_arena,49,NORMAL
battle_arena,50,NORMAL
battle_arena,51,NORMAL
battle_arena,52,NORMAL
battle_arena,53,NORMAL
battle_arena,54,NORMAL
battle_arena,55,NORMAL
battle_arena,56,NORMAL
battle_arena,57,NORMAL
battle_arena,58,NORMAL
battle_arena,59,NORMAL
battle_arena,60,NORMAL
battle_arena,61,NORMAL
battle_arena,62,NORMAL
battle_arena,63,NORMAL
battle_arena,64,NORMAL
battle_arena,65,NORMAL
battle_arena,66,NORMAL
battle_arena,67,NORMAL
battle_arena,68,NORMAL
battle_arena,69,NORMAL
battle_arena,70,NORMAL
battle_arena,71,NORMAL
battle_arena,72,NORMAL
battle_arena,73,NORMAL
battle_arena,74,NORMAL
battle_arena,75,NORMAL
battle_arena,76,NORMAL
battle_arena,77,NORMAL
battle_arena,78,NORMAL
battle_arena,79,NORMAL
battle_arena,80,NORMAL
battle_arena,81,NORMAL
battle_arena,82,NORMAL
battle_arena,83,NORMAL
battle_arena,84,NORMAL
battle_arena,85,NORMAL
battle_arena,86,NORMAL
battle_arena,87,NORMAL
battle_arena,88,NORMAL
battle_arena,89,NORMAL
battle_arena,90,NORMAL
battle_arena,91,NORMAL
battle_arena,92,NORMAL
battle_arena,93,NORMAL
battle_arena,94,NORMAL
battle_arena,95,NORMAL
battle_arena,96,NORMAL
battle_arena,97,NORMAL
battle_arena,98,NORMAL
battle_arena,99,NORMAL
battle_arena,100,NORMAL
battle_arena,101,NORMAL
battle_arena,102,NORMAL
battle_arena,103,NORMAL
battle_arena,104,NORMAL
battle_arena,105,NORMAL
battle_arena,106,NORMAL
battle_arena,107,NORMAL
battle_arena,108,NORMAL
battle_arena,109,NORMAL
battle_arena,110,NORMAL
battle_arena,111,NORMAL
battle_arena,112,NORMAL
battle_arena,113,NORMAL
battle_arena,114,NORMAL
battle_arena,115,NORMAL
battle_arena,116,NORMAL
battle_arena,117,NORMAL
battle_arena,118,NORMAL
battle_arena,119,NORMAL
battle_arena,120,NORMAL
battle_arena,121,NORMAL
battle_arena,122,NORMAL
battle_arena,123,NORMAL
battle_arena,124,NORMAL
battle_arena,125,NORMAL
battle_arena,126,NORMAL
battle_arena,127,NORMAL
battle_arena,128,NORMAL
battle_arena,129,NORMAL
battle_arena,130,NORMAL
battle_arena,131,NORMAL
battle_arena,132,NORMAL
battle_arena,133,NORMAL
battle_arena,134,NORMAL
battle_arena,135,NORMAL
battle_arena,136,NORMAL
battle_arena,137,NORMAL
battle_arena,138,NORMAL
battle_arena,139,NORMAL
battle_arena,140,NORMAL
battle_arena,141,NORMAL
battle_arena,142,NORMAL
battle_arena,143,NORMAL
battle_arena,144,NORMAL
battle_arena,145,NORMAL
battle_arena,146,NORMAL
battle_arena,147,NORMAL
battle_arena,148,NORMAL
battle_arena,149,NORMAL
battle_arena,150,NORMAL
battle_arena,151,NORMAL
battle_arena,152,NORMAL
battle_arena,153,NORMAL
battle_arena,154,NORMAL
battle_arena,155,NORMAL
battle_arena,156,NORMAL
battle_arena,157,NORMAL
battle_arena,158,NORMAL
battle_arena,159,NORMAL
battle_arena,160,NORMAL
battle_arena,161,NORMAL
battle_arena,162,NORMAL
battle_arena,163,NORMAL
battle_arena,164,NORMAL
battle_arena,165,NORMAL
battle_arena,166,NORMAL
battle_arena,167,NORMAL
battle_arena,168,NORMAL
battle_arena,169,NORMAL
battle_arena,170,NORMAL
battle_arena,171,NORMAL
battle_arena,172,NORMAL
battle_arena,173,NORMAL
battle_arena,174,NORMAL
battle_arena,175,NORMAL
battle_arena,176,NORMAL
lavaridge_gym,0,NORMAL
lavaridge_gym,1,NORMAL
lavaridge_gym,2,NORMAL
lavaridge_gym,3,NORMAL
lavaridge_gym,4,NORMAL
lavaridge_gym,5,NORMAL
lavaridge_gym,6,NORMAL
lavaridge_gym,7,NORMAL
lavaridge_gym,8,NORMAL
lavaridge_gym,9,NORMAL
lavaridge_gym,10,NORMAL
lavaridge_gym,11,NORMAL
lavaridge_gym,12,NORMAL
lavaridge_gym,13,NORMAL
lavaridge_gym,14,NORMAL
lavaridge_gym,15,NORMAL
lavaridge_gym,16,NORMAL
lavaridge_gym,17,NORMAL
lavaridge_gym,18,NORMAL
lavaridge_gym,19,NORMAL
lavaridge_gym,20,NORMAL
lavaridge_gym,21,NORMAL
lavaridge_gym,22,NORMAL
lavaridge_gym,23,NORMAL
lavaridge_gym,24,NORMAL
lavaridge_gym,25,NORMAL
lavaridge_gym,26,NORMAL
lavaridge_gym,27,NORMAL
lavaridge_gym,28,NORMAL
lavaridge_gym,29,NORMAL
lavaridge_gym,30,NORMAL
lavaridge_gym,31,NORMAL
lavaridge_gym,32,NORMAL
lavaridge_gym,33,NORMAL
lavaridge_gym,34,NORMAL
lavaridge_gym,35,NORMAL
lavaridge_gym,36,NORMAL
lavaridge_gym,37,NORMAL
lavaridge_gym,38,NORMAL
lavaridge_gym,39,NORMAL
lavaridge_gym,40,NORMAL
lavaridge_gym,41,NORMAL
lavaridge_gym,42,NORMAL
lavaridge_gym,43,NORMAL
lavaridge_gym,44,NORMAL
lavaridge_gym,45,NORMAL
lavaridge_gym,46,NORMAL
lavaridge_gym,47,NORMAL
lavaridge_gym,48,NORMAL
lavaridge_gym,49,NORMAL
lavaridge_gym,50,NORMAL
lavaridge_gym,51,NORMAL
lavaridge_gym,52,NORMAL
lavaridge_gym,53,NORMAL
lavaridge_gym,54,NORMAL
lavaridge_gym,55,NORMAL
lavaridge_gym,56,NORMAL
lavaridge_gym,57,NORMAL
lavaridge_gym,58,NORMAL
lavaridge_gym,59,NORMAL
lavaridge_gym,60,NORMAL
sootopolis,0,NORMAL
sootopolis,1,NORMAL
sootopolis,2,NORMAL
sootopolis,3,NORMAL
sootopolis,4,NORMAL
sootopolis,5,NORMAL
sootopolis,6,NORMAL
sootopolis,7,NORMAL
sootopolis,8,NORMAL
sootopolis,9,NORMAL
sootopolis,10,NORMAL
sootopolis,11,NORMAL
sootopolis,12,NORMAL
sootopolis,13,NORMAL
sootopolis,14,NORMAL
sootopolis,15,NORMAL
sootopolis,16,NORMAL
sootopolis,17,NORMAL
sootopolis,18,NORMAL
sootopolis,19,NORMAL
sootopolis,20,NORMAL
sootopolis,21,NORMAL
sootopolis,22,NORMAL
sootopolis,23,NORMAL
sootopolis,24,NORMAL
sootopolis,25,NORMAL
sootopolis,26,NORMAL
sootopolis,27,NORMAL
sootopolis,28,NORMAL
sootopolis,29,NORMAL
sootopolis,30,NORMAL
sootopolis,31,NORMAL
sootopolis,32,NORMAL
sootopolis,33,NORMAL
sootopolis,34,NORMAL
sootopolis,35,NORMAL
sootopolis,36,NORMAL
sootopolis,37,NORMAL
sootopolis,38,NORMAL
sootopolis,39,NORMAL
sootopolis,40,NORMAL
sootopolis,41,NORMAL
sootopolis,42,NORMAL
sootopolis,43,NORMAL
sootopolis,44,NORMAL
sootopolis,45,NORMAL
sootopolis,46,NORMAL
sootopolis,47,NORMAL
sootopolis,48,NORMAL
sootopolis,49,NORMAL
sootopolis,50,NORMAL
sootopolis,51,NORMAL
sootopolis,52,NORMAL
sootopolis,53,NORMAL
sootopolis,54,NORMAL
sootopolis,55,NORMAL
sootopolis,56,NORMAL
sootopolis,57,NORMAL
sootopolis,58,NORMAL
sootopolis,59,NORMAL
sootopolis,60,NORMAL
sootopolis,61,NORMAL
sootopolis,62,NORMAL
sootopolis,63,NORMAL
sootopolis,64,NORMAL
sootopolis,65,NORMAL
sootopolis,66,NORMAL
sootopolis,67,NORMAL
sootopolis,68,NORMAL
sootopolis,69,NORMAL
sootopolis,70,NORMAL
sootopolis,71,NORMAL
sootopolis,72,NORMAL
sootopolis,73,NORMAL
sootopolis,74,NORMAL
sootopolis,75,NORMAL
sootopolis,76,NORMAL
sootopolis,77,NORMAL
sootopolis,78,NORMAL
sootopolis,79,NORMAL
sootopolis,80,NORMAL
sootopolis,81,NORMAL
sootopolis,82,NORMAL
sootopolis,83,NORMAL
sootopolis,84,NORMAL
sootopolis,85,NORMAL
sootopolis,86,NORMAL
sootopolis,87,NORMAL
sootopolis,88,NORMAL
sootopolis,89,NORMAL
sootopolis,90,NORMAL
sootopolis,91,NORMAL
sootopolis,92,NORMAL
sootopolis,93,NORMAL
sootopolis,94,NORMAL
sootopolis,95,NORMAL
sootopolis,96,NORMAL
sootopolis,97,NORMAL
sootopolis,98,NORMAL
sootopolis,99,NORMAL
sootopolis,100,NORMAL
sootopolis,101,NORMAL
sootopolis,102,NORMAL
sootopolis,103,NORMAL
sootopolis,104,NORMAL
sootopolis,105,NORMAL
sootopolis,106,NORMAL
sootopolis,107,NORMAL
sootopolis,108,NORMAL
sootopolis,109,NORMAL
sootopolis,110,NORMAL
sootopolis,111,NORMAL
sootopolis,112,NORMAL
sootopolis,113,NORMAL
sootopolis,114,NORMAL
sootopolis,115,NORMAL
sootopolis,116,NORMAL
sootopolis,117,NORMAL
sootopolis,118,NORMAL
sootopolis,119,NORMAL
sootopolis,120,NORMAL
sootopolis,121,NORMAL
sootopolis,122,NORMAL
sootopolis,123,NORMAL
sootopolis,124,NORMAL
sootopolis,125,NORMAL
sootopolis,126,NORMAL
sootopolis,127,NORMAL
sootopolis,128,NORMAL
sootopolis,129,NORMAL
sootopolis,130,NORMAL
sootopolis,131,NORMAL
sootopolis,132,NORMAL
sootopolis,133,NORMAL
sootopolis,134,NORMAL
sootopolis,135,NORMAL
sootopolis,136,NORMAL
sootopolis,137,NORMAL
sootopolis,138,NORMAL
sootopolis,139,NORMAL
sootopolis,140,NORMAL
sootopolis,141,NORMAL
sootopolis,142,NORMAL
sootopolis,143,NORMAL
sootopolis,144,NORMAL
sootopolis,145,NORMAL
sootopolis,146,NORMAL
sootopolis,147,NORMAL
sootopolis,148,NORMAL
sootopolis,149,NORMAL
sootopolis,150,NORMAL
sootopolis,151,NORMAL
sootopolis,152,NORMAL
sootopolis,153,NORMAL
sootopolis,154,NORMAL
sootopolis,155,NORMAL
sootopolis,156,NORMAL
sootopolis,157,NORMAL
sootopolis,158,NORMAL
sootopolis,159,NORMAL
sootopolis,160,NORMAL
sootopolis,161,NORMAL
sootopolis,162,NORMAL
sootopolis,163,NORMAL
sootopolis,164,NORMAL
sootopolis,165,NORMAL
sootopolis,166,NORMAL
sootopolis,167,NORMAL
sootopolis,168,NORMAL
sootopolis,169,NORMAL
sootopolis,170,NORMAL
sootopolis,171,NORMAL
sootopolis,172,NORMAL
sootopolis,173,NORMAL
sootopolis,174,NORMAL
sootopolis,175,NORMAL
sootopolis,176,NORMAL
sootopolis,177,NORMAL
sootopolis,178,NORMAL
sootopolis,179,NORMAL
sootopolis,180,NORMAL
sootopolis,181,NORMAL
sootopolis,182,NORMAL
sootopolis,183,NORMAL
sootopolis,184,NORMAL
sootopolis,185,NORMAL
sootopolis,186,NORMAL
sootopolis,187,NORMAL
sootopolis,188,NORMAL
sootopolis,189,NORMAL
sootopolis,190,NORMAL
sootopolis,191,NORMAL
sootopolis,192,NORMAL
sootopolis,193,NORMAL
sootopolis,194,NORMAL
sootopolis,195,NORMAL
sootopolis,196,NORMAL
sootopolis,197,NORMAL
sootopolis,198,NORMAL
sootopolis,199,NORMAL
sootopolis,200,NORMAL
sootopolis,201,NORMAL
sootopolis,202,NORMAL
sootopolis,203,NORMAL
sootopolis,204,NORMAL
sootopolis,205,NORMAL
sootopolis,206,NORMAL
sootopolis,207,NORMAL
sootopolis,208,NORMAL
sootopolis,209,NORMAL
sootopolis,210,NORMAL
sootopolis,211,NORMAL
sootopolis,212,NORMAL
sootopolis,213,NORMAL
sootopolis,214,NORMAL
sootopolis,215,NORMAL
sootopolis,216,NORMAL
sootopolis,217,NORMAL
sootopolis,218,NORMAL
sootopolis,219,NORMAL
sootopolis,220,NORMAL
sootopolis,221,NORMAL
sootopolis,222,NORMAL
sootopolis,223,NORMAL
sootopolis,224,NORMAL
sootopolis,225,NORMAL
sootopolis,226,NORMAL
sootopolis,227,NORMAL
sootopolis,228,NORMAL
sootopolis,229,NORMAL
sootopolis,230,NORMAL
sootopolis,231,NORMAL
sootopolis,232,NORMAL
sootopolis,233,NORMAL
sootopolis,234,NORMAL
sootopolis,235,NORMAL
sootopolis,236,NORMAL
sootopolis,237,NORMAL
sootopolis,238,NORMAL
sootopolis,239,NORMAL
sootopolis,240,NORMAL
sootopolis,241,NORMAL
sootopolis,242,NORMAL
sootopolis,243,NORMAL
sootopolis,244,NORMAL
sootopolis,245,NORMAL
sootopolis,246,NORMAL
sootopolis,247,NORMAL
sootopolis,248,NORMAL
sootopolis,249,NORMAL
sootopolis,250,NORMAL
sootopolis,251,NORMAL
sootopolis,252,NORMAL
sootopolis,253,NORMAL
sandgem_lab,0,NORMAL
sandgem_lab,1,NORMAL
sandgem_lab,2,NORMAL
sandgem_lab,3,NORMAL
sandgem_lab,4,NORMAL
sandgem_lab,5,NORMAL
sandgem_lab,6,NORMAL
sandgem_lab,7,NORMAL
sandgem_lab,8,NORMAL
sandgem_lab,9,NORMAL
sandgem_lab,10,NORMAL
sandgem_lab,11,NORMAL
sandgem_lab,12,NORMAL
sandgem_lab,13,NORMAL
sandgem_lab,14,NORMAL
sandgem_lab,15,NORMAL
sandgem_lab,16,NORMAL
sandgem_lab,17,NORMAL
sandgem_lab,18,NORMAL
sandgem_lab,19,NORMAL
sandgem_lab,20,NORMAL
sandgem_lab,21,NORMAL
sandgem_lab,22,NORMAL
sandgem_lab,23,NORMAL
sandgem_lab,24,NORMAL
sandgem_lab,25,NORMAL
sandgem_lab,26,NORMAL
sandgem_lab,27,NORMAL
sandgem_lab,28,NORMAL
sandgem_lab,29,NORMAL
sandgem_lab,30,NORMAL
sandgem_lab,31,NORMAL
sandgem_lab,32,NORMAL
sandgem_lab,33,NORMAL
sandgem_lab,34,NORMAL
sandgem_lab,35,NORMAL
sandgem_lab,36,NORMAL
sandgem_lab,37,NORMAL
sandgem_lab,38,NORMAL
sandgem_lab,39,NORMAL
sandgem_lab,40,NORMAL
sandgem_lab,41,NORMAL
sandgem_lab,42,NORMAL
sandgem_lab,43,NORMAL
sandgem_lab,44,NORMAL
sandgem_lab,45,NORMAL
sandgem_lab,46,NORMAL
sandgem_lab,47,NORMAL
sandgem_lab,48,NORMAL
sandgem_lab,49,NORMAL
sandgem_lab,50,NORMAL
sandgem_lab,51,NORMAL
sandgem_lab,52,NORMAL
sandgem_lab,53,NORMAL
sandgem_lab,54,NORMAL
sandgem_lab,55,NORMAL
sandgem_lab,56,NORMAL
sandgem_lab,57,NORMAL
sandgem_lab,58,NORMAL
sandgem_lab,59,NORMAL
sandgem_lab,60,NORMAL
sandgem_lab,61,NORMAL
sandgem_lab,62,NORMAL
sandgem_lab,63,NORMAL
sandgem_lab,64,NORMAL
sandgem_lab,65,NORMAL
sandgem_lab,66,NORMAL
sandgem_lab,67,NORMAL
sandgem_lab,68,NORMAL
sandgem_lab,69,NORMAL
sandgem_lab,70,NORMAL
sandgem_lab,71,NORMAL
sandgem_lab,72,NORMAL
sandgem_lab,73,NORMAL
sandgem_lab,74,NORMAL
sandgem_lab,75,NORMAL
sandgem_lab,76,NORMAL
sandgem_lab,77,NORMAL
sandgem_lab,78,NORMAL
sandgem_lab,79,NORMAL
sandgem_lab,80,NORMAL
sandgem_lab,81,NORMAL
sandgem_lab,82,NORMAL
sandgem_lab,83,NORMAL
sandgem_lab,84,NORMAL
sandgem_lab,85,NORMAL
sandgem_lab,86,NORMAL
sandgem_lab,87,NORMAL
sandgem_lab,88,NORMAL
sandgem_lab,89,NORMAL
sandgem_lab,90,NORMAL
sandgem_lab,91,NORMAL
sandgem_lab,92,NORMAL
sandgem_lab,93,NORMAL
sandgem_lab,94,NORMAL
sandgem_lab,95,NORMAL
sandgem_lab,96,NORMAL
sandgem_lab,97,NORMAL
sandgem_lab,98,NORMAL
sandgem_lab,99,NORMAL
sandgem_lab,100,NORMAL
sandgem_lab,101,NORMAL
sandgem_lab,102,NORMAL
sandgem_lab,103,NORMAL
sandgem_lab,104,NORMAL
sandgem_lab,105,NORMAL
sandgem_lab,106,NORMAL
sandgem_lab,107,NORMAL
sandgem_lab,108,NORMAL
sandgem_lab,109,NORMAL
sandgem_lab,110,NORMAL
sandgem_lab,111,NORMAL
sandgem_lab,112,NORMAL
sandgem_lab,113,NORMAL
sandgem_lab,114,NORMAL
sandgem_lab,115,NORMAL
sandgem_lab,116,NORMAL
sandgem_lab,117,NORMAL
sandgem_lab,118,NORMAL
sandgem_lab,119,NORMAL
sandgem_lab,120,NORMAL
sandgem_lab,121,NORMAL
sandgem_lab,122,NORMAL
sandgem_lab,123,NORMAL
sandgem_lab,124,NORMAL
sandgem_lab,125,NORMAL
sandgem_lab,126,NORMAL
sandgem_lab,127,NORMAL
unused_1,0,NORMAL
unused_1,1,NORMAL
route_205_south_1,0,NORMAL
route_205_south_1,1,NORMAL
route_205_south_1,2,NORMAL
route_205_south_1,3,NORMAL
route_205_south_1,4,NORMAL
route_205_south_1,5,NORMAL
route_205_south_1,6,NORMAL
route_205_south_1,7,NORMAL
route_205_south_1,8,NORMAL
route_205_south_1,9,NORMAL
route_205_south_1,10,NORMAL
route_205_south_1,11,NORMAL
route_205_south_1,12,NORMAL
route_205_south_1,13,NORMAL
route_205_south_1,14,NORMAL
route_205_south_1,15,NORMAL
route_205_south_1,16,NORMAL
route_205_south_1,17,NORMAL
route_205_south_1,18,NORMAL
route_205_south_1,19,NORMAL
route_205_south_1,20,NORMAL
route_205_south_1,21,NORMAL
route_205_south_1,22,NORMAL
route_205_south_1,23,NORMAL
route_205_south_1,24,NORMAL
route_205_south_1,25,NORMAL
route_205_south_1,26,NORMAL
route_205_south_1,27,NORMAL
route_205_south_1,28,NORMAL
route_205_south_1,29,NORMAL
route_205_south_1,30,NORMAL
route_205_south_1,31,NORMAL
route_205_south_1,32,NORMAL
route_205_south_1,33,NORMAL
route_205_south_1,34,NORMAL
route_205_south_1,35,NORMAL
route_205_south_1,36,NORMAL
route_205_south_1,37,NORMAL
route_205_south_1,38,NORMAL
route_205_south_1,39,NORMAL
route_205_south_1,40,NORMAL
route_205_south_1,41,NORMAL
route_205_south_1,42,NORMAL
route_205_south_1,43,NORMAL
route_205_south_1,44,NORMAL
route_205_south_1,45,NORMAL
route_205_south_1,46,NORMAL
route_205_south_1,47,NORMAL
route_205_south_1,48,NORMAL
route_205_south_1,49,NORMAL
route_205_south_1,50,NORMAL
route_205_south_1,51,NORMAL
route_205_south_1,52,NORMAL
route_205_south_1,53,NORMAL
route_205_south_1,54,NORMAL
route_205_south_1,55,NORMAL
route_205_south_1,56,NORMAL
route_205_south_1,57,NORMAL
route_205_south_1,58,NORMAL
route_205_south_1,59,NORMAL
route_205_south_1,60,NORMAL
route_205_south_1,61,NORMAL
route_205_south_1,62,NORMAL
route_205_south_1,63,NORMAL
route_205_south_1,64,NORMAL
route_205_south_1,65,NORMAL
route_205_south_1,66,NORMAL
route_205_south_1,67,NORMAL
route_205_south_1,68,NORMAL
route_205_south_1,69,NORMAL
route_205_south_1,70,NORMAL
route_205_south_1,71,NORMAL
route_205_south_1,72,NORMAL
route_205_south_1,73,NORMAL
route_205_south_1,74,NORMAL
route_205_south_1,75,NORMAL
route_205_south_1,76,NORMAL
route_205_south_1,77,NORMAL
route_205_south_1,78,NORMAL
route_205_south_1,79,NORMAL
route_205_south_1,80,NORMAL
route_205_south_1,81,NORMAL
route_205_south_1,82,NORMAL
route_205_south_1,83,NORMAL
route_205_south_1,84,NORMAL
route_205_south_1,85,NORMAL
route_205_south_1,86,NORMAL
route_205_south_1,87,NORMAL
route_205_south_1,88,NORMAL
route_205_south_1,89,NORMAL
route_205_south_1,90,NORMAL
route_205_south_1,91,NORMAL
route_205_south_1,92,NORMAL
route_205_south_1,93,NORMAL
route_205_south_1,94,NORMAL
route_205_south_1,95,NORMAL
route_205_south_1,96,NORMAL
route_205_south_1,97,NORMAL
route_205_south_1,98,NORMAL
route_205_south_1,99,NORMAL
route_205_south_1,100,NORMAL
route_205_south_1,101,NORMAL
route_205_south_1,102,NORMAL
route_205_south_1,103,NORMAL
route_205_south_1,104,NORMAL
route_205_south_1,105,NORMAL
route_205_south_1,106,NORMAL
route_205_south_1,107,NORMAL
route_205_south_1,108,NORMAL
route_205_south_1,109,NORMAL
route_205_south_1,110,NORMAL
route_205_south_1,111,NORMAL
route_205_south_1,112,NORMAL
route_205_south_1,113,NORMAL
route_205_south_1,114,NORMAL
route_205_south_1,115,NORMAL
route_205_south_1,116,NORMAL
route_205_south_1,117,NORMAL
route_205_south_1,118,NORMAL
route_205_south_1,119,NORMAL
route_205_south_1,120,NORMAL
route_205_south_1,121,NORMAL
route_205_south_1,122,NORMAL
route_205_south_1,123,NORMAL
route_205_south_1,124,NORMAL
route_205_south_1,125,NORMAL
route_205_south_1,126,NORMAL
route_205_south_1,127,NORMAL
island_harbor,0,NORMAL
island_harbor,1,NORMAL
island_harbor,2,NORMAL
island_harbor,3,NORMAL
island_harbor,4,NORMAL
island_harbor,5,NORMAL
island_harbor,6,NORMAL
island_harbor,7,NORMAL
island_harbor,8,NORMAL
island_harbor,9,NORMAL
island_harbor,10,NORMAL
island_harbor,11,NORMAL
island_harbor,12,NORMAL
island_harbor,13,NORMAL
island_harbor,14,NORMAL
island_harbor,15,NORMAL
island_harbor,16,NORMAL
island_harbor,17,NORMAL
island_harbor,18,NORMAL
island_harbor,19,NORMAL
island_harbor,20,NORMAL
island_harbor,21,NORMAL
island_harbor,22,NORMAL
island_harbor,23,NORMAL
island_harbor,24,NORMAL
island_harbor,25,NORMAL
island_harbor,26,NORMAL
island_harbor,27,NORMAL
island_harbor,28,NORMAL
island_harbor,29,NORMAL
island_harbor,30,NORMAL
island_harbor,31,NORMAL
island_harbor,32,NORMAL
island_harbor,33,NORMAL
island_harbor,34,NORMAL
island_harbor,35,NORMAL
island_harbor,36,NORMAL
island_harbor,37,NORMAL
island_harbor,38,NORMAL
island_harbor,39,NORMAL
island_harbor,40,NORMAL
island_harbor,41,NORMAL
island_harbor,42,NORMAL
island_harbor,43,NORMAL
island_harbor,44,NORMAL
island_harbor,45,NORMAL
island_harbor,46,NORMAL
island_harbor,47,NORMAL
island_harbor,48,NORMAL
island_harbor,49,NORMAL
island_harbor,50,NORMAL
island_harbor,51,NORMAL
island_harbor,52,NORMAL
island_harbor,53,NORMAL
island_harbor,54,NORMAL
island_harbor,55,NORMAL
island_harbor,56,NORMAL
island_harbor,57,NORMAL
island_harbor,58,NORMAL
island_harbor,59,NORMAL
island_harbor,60,NORMAL
island_harbor,61,NORMAL
island_harbor,62,NORMAL
island_harbor,63,NORMAL
island_harbor,64,NORMAL
island_harbor,65,NORMAL
island_harbor,66,NORMAL
island_harbor,67,NORMAL
island_harbor,68,NORMAL
island_harbor,69,NORMAL
island_harbor,70,NORMAL
island_harbor,71,NORMAL
island_harbor,72,NORMAL
island_harbor,73,NORMAL
island_harbor,74,NORMAL
island_harbor,75,NORMAL
island_harbor,76,NORMAL
island_harbor,77,NORMAL
island_harbor,78,NORMAL
island_harbor,79,NORMAL
island_harbor,80,NORMAL
island_harbor,81,NORMAL
island_harbor,82,NORMAL
island_harbor,83,NORMAL
island_harbor,84,NORMAL
island_harbor,85,NORMAL
island_harbor,86,NORMAL
island_harbor,87,NORMAL
island_harbor,88,NORMAL
island_harbor,89,NORMAL
island_harbor,90,NORMAL
island_harbor,91,NORMAL
island_harbor,92,NORMAL
island_harbor,93,NORMAL
island_harbor,94,NORMAL
island_harbor,95,NORMAL
island_harbor,96,NORMAL
island_harbor,97,NORMAL
island_harbor,98,NORMAL
island_harbor,99,NORMAL
island_harbor,100,NORMAL
island_harbor,101,NORMAL
island_harbor,102,NORMAL
island_harbor,103,NORMAL
island_harbor,104,NORMAL
island_harbor,105,NORMAL
island_harbor,106,NORMAL
island_harbor,107,NORMAL
island_harbor,108,NORMAL
island_harbor,109,NORMAL
island_harbor,110,NORMAL
island_harbor,111,NORMAL
island_harbor,112,NORMAL
island_harbor,113,NORMAL
island_harbor,114,NORMAL
island_harbor,115,NORMAL
island_harbor,116,NORMAL
island_harbor,117,NORMAL
island_harbor,118,NORMAL
island_harbor,119,NORMAL
island_harbor,120,NORMAL
island_harbor,121,NORMAL
island_harbor,122,NORMAL
island_harbor,123,NORMAL
island_harbor,124,NORMAL
island_harbor,125,NORMAL
island_harbor,126,NORMAL
island_harbor,127,NORMAL
island_harbor,128,NORMAL
island_harbor,129,NORMAL
island_harbor,130,NORMAL
island_harbor,131,NORMAL
island_harbor,132,NORMAL
island_harbor,133,NORMAL
island_harbor,134,NORMAL
island_harbor,135,NORMAL
island_harbor,136,NORMAL
island_harbor,137,NORMAL
island_harbor,138,NORMAL
island_harbor,139,NORMAL
island_harbor,140,NORMAL
island_harbor,141,NORMAL
island_harbor,142,NORMAL
island_harbor,143,NORMAL
island_harbor,144,NORMAL
island_harbor,145,NORMAL
island_harbor,146,NORMAL
island_harbor,147,NORMAL
island_harbor,148,NORMAL
island_harbor,149,NORMAL
island_harbor,150,NORMAL
island_harbor,151,NORMAL
island_harbor,152,NORMAL
island_harbor,153,NORMAL
island_harbor,154,NORMAL
island_harbor,155,NORMAL
island_harbor,156,NORMAL
island_harbor,157,NORMAL
island_harbor,158,NORMAL
island_harbor,159,NORMAL
island_harbor,160,NORMAL
island_harbor,161,NORMAL
island_harbor,162,NORMAL
island_harbor,163,NORMAL
island_harbor,164,NORMAL
island_harbor,165,NORMAL
island_harbor,166,NORMAL
island_harbor,167,NORMAL
island_harbor,168,NORMAL
island_harbor,169,NORMAL
island_harbor,170,NORMAL
island_harbor,171,NORMAL
island_harbor,172,NORMAL
island_harbor,173,NORMAL
island_harbor,174,NORMAL
island_harbor,175,NORMAL
island_harbor,176,NORMAL
island_harbor,177,NORMAL
island_harbor,178,NORMAL
island_harbor,179,NORMAL
island_harbor,180,NORMAL
island_harbor,181,NORMAL
island_harbor,182,NORMAL
island_harbor,183,NORMAL
island_harbor,184,NORMAL
island_harbor,185,NORMAL
island_harbor,186,NORMAL
island_harbor,187,NORMAL
island_harbor,188,NORMAL
island_harbor,189,NORMAL
island_harbor,190,NORMAL
island_harbor,191,NORMAL
island_harbor,192,NORMAL
island_harbor,193,NORMAL
island_harbor,194,NORMAL
island_harbor,195,NORMAL
island_harbor,196,NORMAL
island_harbor,197,NORMAL
island_harbor,198,NORMAL
island_harbor,199,NORMAL
island_harbor,200,NORMAL
island_harbor,201,NORMAL
island_harbor,202,NORMAL
island_harbor,203,NORMAL
island_harbor,204,NORMAL
island_harbor,205,NORMAL
island_harbor,206,NORMAL
island_harbor,207,NORMAL
island_harbor,208,NORMAL
island_harbor,209,NORMAL
island_harbor,210,NORMAL
island_harbor,211,NORMAL
island_harbor,212,NORMAL
island_harbor,213,NORMAL
island_harbor,214,NORMAL
island_harbor,215,NORMAL
island_harbor,216,NORMAL
island_harbor,217,NORMAL
island_harbor,218,NORMAL
island_harbor,219,NORMAL
island_harbor,220,NORMAL
island_harbor,221,NORMAL
island_harbor,222,NORMAL
island_harbor,223,NORMAL
island_harbor,224,NORMAL
island_harbor,225,NORMAL
island_harbor,226,NORMAL
island_harbor,227,NORMAL
island_harbor,228,NORMAL
island_harbor,229,NORMAL
island_harbor,230,NORMAL
island_harbor,231,NORMAL
island_harbor,232,NORMAL
island_harbor,233,NORMAL
island_harbor,234,NORMAL
island_harbor,235,NORMAL
island_harbor,236,NORMAL
island_harbor,237,NORMAL
island_harbor,238,NORMAL
island_harbor,239,NORMAL
island_harbor,240,NORMAL
island_harbor,241,NORMAL
island_harbor,242,NORMAL
island_harbor,243,NORMAL
island_harbor,244,NORMAL
island_harbor,245,NORMAL
island_harbor,246,NORMAL
island_harbor,247,NORMAL
island_harbor,248,NORMAL
island_harbor,249,NORMAL
island_harbor,250,NORMAL
island_harbor,251,NORMAL
island_harbor,252,NORMAL
island_harbor,253,NORMAL
island_harbor,254,NORMAL
island_harbor,255,NORMAL
island_harbor,256,NORMAL
island_harbor,257,NORMAL
island_harbor,258,NORMAL
island_harbor,259,NORMAL
island_harbor,260,NORMAL
island_harbor,261,NORMAL
island_harbor,262,NORMAL
island_harbor,263,NORMAL
island_harbor,264,NORMAL
island_harbor,265,NORMAL
island_harbor,266,NORMAL
island_harbor,267,NORMAL
island_harbor,268,NORMAL
island_harbor,269,NORMAL
island_harbor,270,NORMAL
island_harbor,271,NORMAL
island_harbor,272,NORMAL
island_harbor,273,NORMAL
island_harbor,274,NORMAL
island_harbor,275,NORMAL
island_harbor,276,NORMAL
island_harbor,277,NORMAL
island_harbor,278,NORMAL
island_harbor,279,NORMAL
island_harbor,280,NORMAL
island_harbor,281,NORMAL
island_harbor,282,NORMAL
island_harbor,283,NORMAL
island_harbor,284,NORMAL
island_harbor,285,NORMAL
island_harbor,286,NORMAL
island_harbor,287,NORMAL
island_harbor,288,NORMAL
island_harbor,289,NORMAL
island_harbor,290,NORMAL
island_harbor,291,NORMAL
island_harbor,292,NORMAL
island_harbor,293,NORMAL
island_harbor,294,NORMAL
island_harbor,295,NORMAL
island_harbor,296,NORMAL
island_harbor,297,NORMAL
island_harbor,298,NORMAL
island_harbor,299,NORMAL
island_harbor,300,NORMAL
island_harbor,301,NORMAL
island_harbor,302,NORMAL
island_harbor,303,NORMAL
island_harbor,304,NORMAL
island_harbor,305,NORMAL
island_harbor,306,NORMAL
island_harbor,307,NORMAL
island_harbor,308,NORMAL
island_harbor,309,NORMAL
island_harbor,310,NORMAL
island_harbor,311,NORMAL
island_harbor,312,NORMAL
island_harbor,313,NORMAL
island_harbor,314,NORMAL
island_harbor,315,NORMAL
island_harbor,316,NORMAL
island_harbor,317,NORMAL
island_harbor,318,NORMAL
island_harbor,319,NORMAL
island_harbor,320,NORMAL
island_harbor,321,NORMAL
island_harbor,322,NORMAL
island_harbor,323,NORMAL
island_harbor,324,NORMAL
island_harbor,325,NORMAL
island_harbor,326,NORMAL
island_harbor,327,NORMAL
island_harbor,328,NORMAL
island_harbor,329,NORMAL
island_harbor,330,NORMAL
island_harbor,331,NORMAL
island_harbor,332,NORMAL
island_harbor,333,NORMAL
island_harbor,334,NORMAL
island_harbor,335,NORMAL
island_harbor,336,NORMAL
island_harbor,337,NORMAL
island_harbor,338,NORMAL
island_harbor,339,NORMAL
island_harbor,340,NORMAL
island_harbor,341,NORMAL
island_harbor,342,NORMAL
island_harbor,343,NORMAL
island_harbor,344,NORMAL
island_harbor,345,NORMAL
island_harbor,346,NORMAL
island_harbor,347,NORMAL
island_harbor,348,NORMAL
island_harbor,349,NORMAL
island_harbor,350,NORMAL
island_harbor,351,NORMAL
island_harbor,352,NORMAL
island_harbor,353,NORMAL
island_harbor,354,NORMAL
island_harbor,355,NORMAL
island_harbor,356,NORMAL
island_harbor,357,NORMAL
island_harbor,358,NORMAL
island_harbor,359,NORMAL
island_harbor,360,NORMAL
island_harbor,361,NORMAL
island_harbor,362,NORMAL
island_harbor,363,NORMAL
island_harbor,364,NORMAL
island_harbor,365,NORMAL
island_harbor,366,NORMAL
island_harbor,367,NORMAL
island_harbor,368,NORMAL
island_harbor,369,NORMAL
island_harbor,370,NORMAL
island_harbor,371,NORMAL
island_harbor,372,NORMAL
island_harbor,373,NORMAL
island_harbor,374,NORMAL
island_harbor,375,NORMAL
island_harbor,376,NORMAL
island_harbor,377,NORMAL
island_harbor,378,NORMAL
island_harbor,379,NORMAL
island_harbor,380,NORMAL
island_harbor,381,NORMAL
island_harbor,382,NORMAL
island_harbor,383,NORMAL
island_harbor,384,NORMAL
island_harbor,385,NORMAL
island_harbor,386,NORMAL
island_harbor,387,NORMAL
island_harbor,388,NORMAL
island_harbor,389,NORMAL
island_harbor,390,NORMAL
island_harbor,391,NORMAL
island_harbor,392,NORMAL
island_harbor,393,NORMAL
island_harbor,394,NORMAL
island_harbor,395,NORMAL
island_harbor,396,NORMAL
island_harbor,397,NORMAL
island_harbor,398,NORMAL
island_harbor,399,NORMAL
island_harbor,400,NORMAL
island_harbor,401,NORMAL
island_harbor,402,NORMAL
island_harbor,403,NORMAL
island_harbor,404,NORMAL
island_harbor,405,NORMAL
island_harbor,406,NORMAL
island_harbor,407,NORMAL
island_harbor,408,NORMAL
island_harbor,409,NORMAL
island_harbor,410,NORMAL
island_harbor,411,NORMAL
island_harbor,412,NORMAL
island_harbor,413,NORMAL
island_harbor,414,NORMAL
island_harbor,415,NORMAL
island_harbor,416,NORMAL
island_harbor,417,NORMAL
island_harbor,418,NORMAL
island_harbor,419,NORMAL
island_harbor,420,NORMAL
island_harbor,421,NORMAL
island_harbor,422,NORMAL
island_harbor,423,NORMAL
island_harbor,424,NORMAL
island_harbor,425,NORMAL
island_harbor,426,NORMAL
island_harbor,427,NORMAL
island_harbor,428,NORMAL
island_harbor,429,NORMAL
island_harbor,430,NORMAL
island_harbor,431,NORMAL
island_harbor,432,NORMAL
island_harbor,433,NORMAL
island_harbor,434,NORMAL
island_harbor,435,NORMAL
island_harbor,436,NORMAL
island_harbor,437,NORMAL
island_harbor,438,NORMAL
island_harbor,439,NORMAL
island_harbor,440,NORMAL
island_harbor,441,NORMAL
island_harbor,442,NORMAL
island_harbor,443,NORMAL
island_harbor,444,NORMAL
island_harbor,445,NORMAL
island_harbor,446,NORMAL
island_harbor,447,NORMAL
island_harbor,448,NORMAL
island_harbor,449,NORMAL
island_harbor,450,NORMAL
island_harbor,451,NORMAL
island_harbor,452,NORMAL
island_harbor,453,NORMAL
island_harbor,454,NORMAL
island_harbor,455,NORMAL
island_harbor,456,NORMAL
island_harbor,457,NORMAL
island_harbor,458,NORMAL
island_harbor,459,NORMAL
island_harbor,460,NORMAL
island_harbor,461,NORMAL
island_harbor,462,NORMAL
island_harbor,463,NORMAL
island_harbor,464,NORMAL
island_harbor,465,NORMAL
island_harbor,466,NORMAL
island_harbor,467,NORMAL
island_harbor,468,NORMAL
island_harbor,469,NORMAL
jubilife,0,NORMAL
jubilife,1,NORMAL
jubilife,2,NORMAL
jubilife,3,NORMAL
jubilife,4,NORMAL
jubilife,5,NORMAL
jubilife,6,NORMAL
jubilife,7,NORMAL
jubilife,8,NORMAL
jubilife,9,NORMAL
jubilife,10,NORMAL
jubilife,11,NORMAL
jubilife,12,NORMAL
jubilife,13,NORMAL
jubilife,14,NORMAL
jubilife,15,NORMAL
jubilife,16,NORMAL
jubilife,17,NORMAL
jubilife,18,NORMAL
jubilife,19,NORMAL
jubilife,20,NORMAL
jubilife,21,NORMAL
jubilife,22,NORMAL
jubilife,23,NORMAL
jubilife,24,NORMAL
jubilife,25,NORMAL
jubilife,26,NORMAL
jubilife,27,NORMAL
jubilife,28,NORMAL
jubilife,29,NORMAL
jubilife,30,NORMAL
jubilife,31,NORMAL
jubilife,32,NORMAL
jubilife,33,NORMAL
jubilife,34,NORMAL
jubilife,35,NORMAL
jubilife,36,NORMAL
jubilife,37,NORMAL
jubilife,38,NORMAL
jubilife,39,NORMAL
jubilife,40,NORMAL
jubilife,41,NORMAL
jubilife,42,NORMAL
jubilife,43,NORMAL
jubilife,44,NORMAL
jubilife,45,NORMAL
jubilife,46,NORMAL
jubilife,47,NORMAL
jubilife,48,NORMAL
jubilife,49,NORMAL
jubilife,50,NORMAL
jubilife,51,NORMAL
jubilife,52,NORMAL
jubilife,53,NORMAL
jubilife,54,NORMAL
jubilife,55,NORMAL
jubilife,56,NORMAL
jubilife,57,NORMAL
jubilife,58,NORMAL
jubilife,59,NORMAL
jubilife,60,NORMAL
jubilife,61,NORMAL
jubilife,62,NORMAL
jubilife,63,NORMAL
jubilife,64,NORMAL
jubilife,65,NORMAL
jubilife,66,NORMAL
jubilife,67,NORMAL
jubilife,68,NORMAL
jubilife,69,NORMAL
jubilife,70,NORMAL
jubilife,71,NORMAL
jubilife,72,NORMAL
jubilife,73,NORMAL
jubilife,74,NORMAL
jubilife,75,NORMAL
jubilife,76,NORMAL
jubilife,77,NORMAL
jubilife,78,NORMAL
jubilife,79,NORMAL
jubilife,80,NORMAL
jubilife,81,NORMAL
jubilife,82,NORMAL
jubilife,83,NORMAL
jubilife,84,NORMAL
jubilife,85,NORMAL
jubilife,86,NORMAL
jubilife,87,NORMAL
jubilife,88,NORMAL
jubilife,89,NORMAL
jubilife,90,NORMAL
jubilife,91,NORMAL
jubilife,92,NORMAL
jubilife,93,NORMAL
jubilife,94,NORMAL
jubilife,95,NORMAL
jubilife,96,NORMAL
jubilife,97,NORMAL
jubilife,98,NORMAL
jubilife,99,NORMAL
jubilife,100,NORMAL
jubilife,101,NORMAL
jubilife,102,NORMAL
jubilife,103,NORMAL
jubilife,104,NORMAL
jubilife,105,NORMAL
jubilife,106,NORMAL
jubilife,107,NORMAL
jubilife,108,NORMAL
jubilife,109,NORMAL
jubilife,110,NORMAL
jubilife,111,NORMAL
jubilife,112,NORMAL
jubilife,113,NORMAL
jubilife,114,NORMAL
jubilife,115,NORMAL
jubilife,116,NORMAL
jubilife,117,NORMAL
jubilife,118,NORMAL
jubilife,119,NORMAL
jubilife,120,NORMAL
jubilife,121,NORMAL
jubilife,122,NORMAL
jubilife,123,NORMAL
jubilife,124,NORMAL
jubilife,125,NORMAL
jubilife,126,NORMAL
jubilife,127,NORMAL
jubilife,128,NORMAL
jubilife,129,NORMAL
jubilife,130,NORMAL
jubilife,131,NORMAL
jubilife,132,NORMAL
jubilife,133,NORMAL
jubilife,134,NORMAL
jubilife,135,NORMAL
jubilife,136,NORMAL
jubilife,137,NORMAL
jubilife,138,NORMAL
jubilife,139,NORMAL
jubilife,140,NORMAL
jubilife,141,NORMAL
jubilife,142,NORMAL
jubilife,143,NORMAL
jubilife,144,NORMAL
jubilife,145,NORMAL
jubilife,146,NORMAL
jubilife,147,NORMAL
jubilife,148,NORMAL
jubilife,149,NORMAL
jubilife,150,NORMAL
jubilife,151,NORMAL
jubilife,152,NORMAL
jubilife,153,NORMAL
jubilife,154,NORMAL
jubilife,155,NORMAL
jubilife,156,NORMAL
jubilife,157,NORMAL
jubilife,158,NORMAL
jubilife,159,NORMAL
jubilife,160,NORMAL
jubilife,161,NORMAL
jubilife,162,NORMAL
jubilife,163,NORMAL
jubilife,164,NORMAL
jubilife,165,NORMAL
jubilife,166,NORMAL
jubilife,167,NORMAL
jubilife,168,NORMAL
jubilife,169,NORMAL
jubilife,170,NORMAL
jubilife,171,NORMAL
jubilife,172,NORMAL
jubilife,173,NORMAL
jubilife,174,NORMAL
jubilife,175,NORMAL
jubilife,176,NORMAL
jubilife,177,NORMAL
jubilife,178,NORMAL
jubilife,179,NORMAL
jubilife,180,NORMAL
jubilife,181,NORMAL
jubilife,182,NORMAL
jubilife,183,NORMAL
jubilife,184,NORMAL
jubilife,185,NORMAL
jubilife,186,NORMAL
jubilife,187,NORMAL
jubilife,188,NORMAL
jubilife,189,NORMAL
jubilife,190,NORMAL
jubilife,191,NORMAL
jubilife,192,NORMAL
jubilife,193,NORMAL
jubilife,194,NORMAL
jubilife,195,NORMAL
jubilife,196,NORMAL
jubilife,197,NORMAL
jubilife,198,NORMAL
jubilife,199,NORMAL
jubilife,200,NORMAL
jubilife,201,NORMAL
jubilife,202,NORMAL
jubilife,203,NORMAL
jubilife,204,NORMAL
jubilife,205,NORMAL
jubilife,206,NORMAL
jubilife,207,NORMAL
jubilife,208,NORMAL
jubilife,209,NORMAL
jubilife,210,NORMAL
jubilife,211,NORMAL
jubilife,212,NORMAL
jubilife,213,NORMAL
jubilife,214,NORMAL
jubilife,215,NORMAL
jubilife,216,NORMAL
jubilife,217,NORMAL
jubilife,218,NORMAL
jubilife,219,NORMAL
jubilife,220,NORMAL
jubilife,221,NORMAL
jubilife,222,NORMAL
jubilife,223,NORMAL
jubilife,224,NORMAL
jubilife,225,NORMAL
jubilife,226,NORMAL
jubilife,227,NORMAL
jubilife,228,NORMAL
jubilife,229,NORMAL
jubilife,230,NORMAL
jubilife,231,NORMAL
jubilife,232,NORMAL
jubilife,233,NORMAL
jubilife,234,NORMAL
jubilife,235,NORMAL
jubilife,236,NORMAL
jubilife,237,NORMAL
jubilife,238,NORMAL
jubilife,239,NORMAL
jubilife,240,NORMAL
jubilife,241,NORMAL
jubilife,242,NORMAL
jubilife,243,NORMAL
jubilife,244,NORMAL
jubilife,245,NORMAL
jubilife,246,NORMAL
jubilife,247,NORMAL
jubilife,248,NORMAL
jubilife,249,NORMAL
jubilife,250,NORMAL
jubilife,251,NORMAL
jubilife,252,NORMAL
jubilife,253,NORMAL
jubilife,254,NORMAL
jubilife,255,NORMAL
oreburgh_gym,0,NORMAL
oreburgh_gym,1,NORMAL
oreburgh_gym,2,NORMAL
oreburgh_gym,3,NORMAL
oreburgh_gym,4,NORMAL
oreburgh_gym,5,NORMAL
oreburgh_gym,6,NORMAL
oreburgh_gym,7,NORMAL
oreburgh_gym,8,NORMAL
oreburgh_gym,9,NORMAL
oreburgh_gym,10,NORMAL
oreburgh_gym,11,NORMAL
oreburgh_gym,12,NORMAL
oreburgh_gym,13,NORMAL
oreburgh_gym,14,NORMAL
oreburgh_gym,15,NORMAL
oreburgh_gym,16,NORMAL
oreburgh_gym,17,NORMAL
oreburgh_gym,18,NORMAL
oreburgh_gym,19,NORMAL
oreburgh_gym,20,NORMAL
oreburgh_gym,21,NORMAL
oreburgh_gym,22,NORMAL
oreburgh_gym,23,NORMAL
oreburgh_gym,24,NORMAL
oreburgh_gym,25,NORMAL
oreburgh_gym,26,NORMAL
oreburgh_gym,27,NORMAL
oreburgh_gym,28,NORMAL
oreburgh_gym,29,NORMAL
oreburgh_gym,30,NORMAL
oreburgh_gym,31,NORMAL
oreburgh_gym,32,NORMAL
oreburgh_gym,33,NORMAL
oreburgh_gym,34,NORMAL
oreburgh_gym,35,NORMAL
oreburgh_gym,36,NORMAL
oreburgh_gym,37,NORMAL
oreburgh_gym,38,NORMAL
oreburgh_gym,39,NORMAL
oreburgh_gym,40,NORMAL
oreburgh_gym,41,NORMAL
oreburgh_gym,42,NORMAL
oreburgh_gym,43,NORMAL
oreburgh_gym,44,NORMAL
oreburgh_gym,45,NORMAL
oreburgh_gym,46,NORMAL
oreburgh_gym,47,NORMAL
oreburgh_gym,48,NORMAL
oreburgh_gym,49,NORMAL
oreburgh_gym,50,NORMAL
oreburgh_gym,51,NORMAL
oreburgh_gym,52,NORMAL
oreburgh_gym,53,NORMAL
oreburgh_gym,54,NORMAL
oreburgh_gym,55,NORMAL
oreburgh_gym,56,NORMAL
oreburgh_gym,57,NORMAL
oreburgh_gym,58,NORMAL
oreburgh_gym,59,NORMAL
oreburgh_gym,60,NORMAL
oreburgh_gym,61,NORMAL
oreburgh_gym,62,NORMAL
oreburgh_gym,63,NORMAL
oreburgh_gym,64,NORMAL
oreburgh_gym,65,NORMAL
oreburgh_gym,66,NORMAL
oreburgh_gym,67,NORMAL
oreburgh_gym,68,NORMAL
oreburgh_gym,69,NORMAL
oreburgh_gym,70,NORMAL
oreburgh_gym,71,NORMAL
oreburgh_gym,72,NORMAL
oreburgh_gym,73,NORMAL
oreburgh_gym,74,NORMAL
oreburgh_gym,75,NORMAL
oreburgh_gym,76,NORMAL
oreburgh_gym,77,NORMAL
oreburgh_gym,78,NORMAL
oreburgh_gym,79,NORMAL
oreburgh_gym,80,NORMAL
oreburgh_gym,81,NORMAL
oreburgh_gym,82,NORMAL
oreburgh_gym,83,NORMAL
oreburgh_gym,84,NORMAL
oreburgh_gym,85,NORMAL
oreburgh_gym,86,NORMAL
oreburgh_gym,87,NORMAL
oreburgh_gym,88,NORMAL
oreburgh_gym,89,NORMAL
oreburgh_gym,90,NORMAL
oreburgh_gym,91,NORMAL
oreburgh_gym,92,NORMAL
oreburgh_gym,93,NORMAL
oreburgh_gym,94,NORMAL
oreburgh_gym,95,NORMAL
oreburgh_gym,96,NORMAL
oreburgh_gym,97,NORMAL
oreburgh_gym,98,NORMAL
oreburgh_gym,99,NORMAL
oreburgh_gym,100,NORMAL
oreburgh_gym,101,NORMAL
oreburgh_gym,102,NORMAL
oreburgh_gym,103,NORMAL
oreburgh_gym,104,NORMAL
oreburgh_gym,105,NORMAL
oreburgh_gym,106,NORMAL
oreburgh_gym,107,NORMAL
oreburgh_gym,108,NORMAL
oreburgh_gym,109,NORMAL
oreburgh_gym,110,NORMAL
oreburgh_gym,111,NORMAL
oreburgh_gym,112,NORMAL
oreburgh_gym,113,NORMAL
oreburgh_gym,114,NORMAL
oreburgh_gym,115,NORMAL
oreburgh_gym,116,NORMAL
oreburgh_gym,117,NORMAL
oreburgh_gym,118,NORMAL
oreburgh_gym,119,NORMAL
oreburgh_gym,120,NORMAL
oreburgh_gym,121,NORMAL
oreburgh_gym,122,NORMAL
oreburgh_gym,123,NORMAL
oreburgh_gym,124,NORMAL
oreburgh_gym,125,NORMAL
oreburgh_gym,126,NORMAL
oreburgh_gym,127,NORMAL
unused_2,0,NORMAL
unused_2,1,NORMAL
unused_2,2,NORMAL
unused_2,3,NORMAL
unused_2,4,NORMAL
unused_2,5,NORMAL
unused_2,6,NORMAL
unused_2,7,NORMAL
unused_2,8,NORMAL
unused_2,9,NORMAL
unused_2,10,NORMAL
unused_2,11,NORMAL
unused_2,12,NORMAL
unused_2,13,NORMAL
unused_2,14,NORMAL
unused_2,15,NORMAL
unused_2,16,NORMAL
unused_2,17,NORMAL
unused_2,18,NORMAL
unused_2,19,NORMAL
unused_2,20,NORMAL
unused_2,21,NORMAL
unused_2,22,NORMAL
unused_2,23,NORMAL
unused_2,24,NORMAL
unused_2,25,NORMAL
unused_2,26,NORMAL
unused_2,27,NORMAL
unused_2,28,NORMAL
unused_2,29,NORMAL
unused_2,30,NORMAL
unused_2,31,NORMAL
unused_2,32,NORMAL
unused_2,33,NORMAL
unused_2,34,NORMAL
unused_2,35,NORMAL
unused_2,36,NORMAL
unused_2,37,NORMAL
unused_2,38,NORMAL
unused_2,39,NORMAL
unused_2,40,NORMAL
unused_2,41,NORMAL
unused_2,42,NORMAL
unused_2,43,NORMAL
unused_2,44,NORMAL
unused_2,45,NORMAL
unused_2,46,NORMAL
unused_2,47,NORMAL
unused_2,48,NORMAL
unused_2,49,NORMAL
unused_2,50,NORMAL
unused_2,51,NORMAL
unused_2,52,NORMAL
unused_2,53,NORMAL
unused_2,54,NORMAL
unused_2,55,NORMAL
unused_2,56,NORMAL
unused_2,57,NORMAL
mauville_game_corner,0,NORMAL
mauville_game_corner,1,NORMAL
mauville_game_corner,2,NORMAL
mauville_game_corner,3,NORMAL
mauville_game_corner,4,NORMAL
mauville_game_corner,5,NORMAL
mauville_game_corner,6,NORMAL
mauville_game_corner,7,NORMAL
mauville_game_corner,8,NORMAL
mauville_game_corner,9,NORMAL
mauville_game_corner,10,NORMAL
mauville_game_corner,11,NORMAL
mauville_game_corner,12,NORMAL
mauville_game_corner,13,NORMAL
mauville_game_corner,14,NORMAL
mauville_game_corner,15,NORMAL
mauville_game_corner,16,NORMAL
mauville_game_corner,17,NORMAL
mauville_game_corner,18,NORMAL
mauville_game_corner,19,NORMAL
mauville_game_corner,20,NORMAL
mauville_game_corner,21,NORMAL
mauville_game_corner,22,NORMAL
mauville_game_corner,23,NORMAL
mauville_game_corner,24,NORMAL
mauville_game_corner,25,NORMAL
mauville_game_corner,26,NORMAL
mauville_game_corner,27,NORMAL
mauville_game_corner,28,NORMAL
mauville_game_corner,29,NORMAL
mauville_game_corner,30,NORMAL
mauville_game_corner,31,NORMAL
mauville_game_corner,32,NORMAL
mauville_game_corner,33,NORMAL
mauville_game_corner,34,NORMAL
mauville_game_corner,35,NORMAL
mauville_game_corner,36,NORMAL
mauville_game_corner,37,NORMAL
mauville_game_corner,38,NORMAL
mauville_game_corner,39,NORMAL
mauville_game_corner,40,NORMAL
mauville_game_corner,41,NORMAL
mauville_game_corner,42,NORMAL
mauville_game_corner,43,NORMAL
mauville_game_corner,44,NORMAL
mauville_game_corner,45,NORMAL
mauville_game_corner,46,NORMAL
mauville_game_corner,47,NORMAL
mauville_game_corner,48,NORMAL
mauville_game_corner,49,NORMAL
mauville_game_corner,50,NORMAL
mauville_game_corner,51,NORMAL
mauville_game_corner,52,NORMAL
mauville_game_corner,53,NORMAL
mauville_game_corner,54,NORMAL
mauville_game_corner,55,NORMAL
mauville_game_corner,56,NORMAL
mauville_game_corner,57,NORMAL
mauville_game_corner,58,NORMAL
mauville_game_corner,59,NORMAL
mauville_game_corner,60,NORMAL
mauville_game_corner,61,NORMAL
mauville_game_corner,62,NORMAL
mauville_game_corner,63,NORMAL
mauville_game_corner,64,NORMAL
mauville_game_corner,65,NORMAL
mauville_game_corner,66,NORMAL
mauville_game_corner,67,NORMAL
mauville_game_corner,68,NORMAL
mauville_game_corner,69,NORMAL
mauville_game_corner,70,NORMAL
mauville_game_corner,71,NORMAL
mauville_game_corner,72,NORMAL
mauville_game_corner,73,NORMAL
mauville_game_corner,74,NORMAL
mauville_game_corner,75,NORMAL
mauville_game_corner,76,NORMAL
mauville_game_corner,77,NORMAL
mauville_game_corner,78,NORMAL
mauville_game_corner,79,NORMAL
mauville_game_corner,80,NORMAL
mauville_game_corner,81,NORMAL
mauville_game_corner,82,NORMAL
mauville_game_corner,83,NORMAL
mauville_game_corner,84,NORMAL
mauville_game_corner,85,NORMAL
mauville_game_corner,86,NORMAL
mauville_game_corner,87,NORMAL
mauville_game_corner,88,NORMAL
mauville_game_corner,89,NORMAL
mauville_game_corner,90,NORMAL
mauville_game_corner,91,NORMAL
mauville_game_corner,92,NORMAL
mauville_game_corner,93,NORMAL
mauville_game_corner,94,NORMAL
mauville_game_corner,95,NORMAL
twinleaf_house,0,NORMAL
twinleaf_house,1,NORMAL
twinleaf_house,2,NORMAL
twinleaf_house,3,NORMAL
twinleaf_house,4,NORMAL
twinleaf_house,5,NORMAL
twinleaf_house,6,NORMAL
twinleaf_house,7,NORMAL
twinleaf_house,8,NORMAL
twinleaf_house,9,NORMAL
twinleaf_house,10,NORMAL
twinleaf_house,11,NORMAL
twinleaf_house,12,NORMAL
twinleaf_house,13,NORMAL
twinleaf_house,14,NORMAL
twinleaf_house,15,NORMAL
twinleaf_house,16,NORMAL
twinleaf_house,17,NORMAL
twinleaf_house,18,NORMAL
twinleaf_house,19,NORMAL
twinleaf_house,20,NORMAL
twinleaf_house,21,NORMAL
twinleaf_house,22,NORMAL
twinleaf_house,23,NORMAL
twinleaf_house,24,NORMAL
twinleaf_house,25,NORMAL
twinleaf_house,26,NORMAL
twinleaf_house,27,NORMAL
twinleaf_house,28,NORMAL
twinleaf_house,29,NORMAL
twinleaf_house,30,NORMAL
twinleaf_house,31,NORMAL
twinleaf_house,32,NORMAL
twinleaf_house,33,NORMAL
twinleaf_house,34,NORMAL
twinleaf_house,35,NORMAL
twinleaf_house,36,NORMAL
twinleaf_house,37,NORMAL
twinleaf_house,38,NORMAL
twinleaf_house,39,NORMAL
twinleaf_house,40,NORMAL
twinleaf_house,41,NORMAL
twinleaf_house,42,NORMAL
twinleaf_house,43,NORMAL
twinleaf_house,44,NORMAL
twinleaf_house,45,NORMAL
twinleaf_house,46,NORMAL
twinleaf_house,47,NORMAL
twinleaf_house,48,NORMAL
twinleaf_house,49,NORMAL
twinleaf_house,50,NORMAL
twinleaf_house,51,NORMAL
twinleaf_house,52,NORMAL
twinleaf_house,53,NORMAL
twinleaf_house,54,NORMAL
twinleaf_house,55,NORMAL
twinleaf_house,56,NORMAL
twinleaf_house,57,NORMAL
twinleaf_house,58,NORMAL
twinleaf_house,59,NORMAL
twinleaf_house,60,NORMAL
twinleaf_house,61,NORMAL
twinleaf_house,62,NORMAL
twinleaf_house,63,NORMAL
twinleaf_house,64,NORMAL
twinleaf_house,65,NORMAL
twinleaf_house,66,NORMAL
twinleaf_house,67,NORMAL
twinleaf_house,68,NORMAL
twinleaf_house,69,NORMAL
twinleaf_house,70,NORMAL
twinleaf_house,71,NORMAL
twinleaf_house,72,NORMAL
twinleaf_house,73,NORMAL
twinleaf_house,74,NORMAL
twinleaf_house,75,NORMAL
twinleaf_house,76,NORMAL
twinleaf_house,77,NORMAL
twinleaf_house,78,NORMAL
twinleaf_house,79,NORMAL
twinleaf_house,80,NORMAL
twinleaf_house,81,NORMAL
twinleaf_house,82,NORMAL
twinleaf_house,83,NORMAL
twinleaf_house,84,NORMAL
twinleaf_house,85,NORMAL
twinleaf_house,86,NORMAL
twinleaf_house,87,NORMAL
twinleaf_house,88,NORMAL
twinleaf_house,89,NORMAL
twinleaf_house,90,NORMAL
twinleaf_house,91,NORMAL
twinleaf_house,92,NORMAL
twinleaf_house,93,NORMAL
twinleaf_house,94,NORMAL
twinleaf_house,95,NORMAL
twinleaf_house,96,NORMAL
twinleaf_house,97,NORMAL
twinleaf_house,98,NORMAL
twinleaf_house,99,NORMAL
twinleaf_house,100,NORMAL
twinleaf_house,101,NORMAL
twinleaf_house,102,NORMAL
twinleaf_house,103,NORMAL
twinleaf_house,104,NORMAL
twinleaf_house,105,NORMAL
twinleaf_house,106,NORMAL
twinleaf_house,107,NORMAL
twinleaf_house,108,NORMAL
twinleaf_house,109,NORMAL
twinleaf_house,110,NORMAL
twinleaf_house,111,NORMAL
twinleaf_house,112,NORMAL
twinleaf_house,113,NORMAL
twinleaf_house,114,NORMAL
twinleaf_house,115,NORMAL
twinleaf_house,116,NORMAL
twinleaf_house,117,NORMAL
twinleaf_house,118,NORMAL
twinleaf_house,119,NORMAL
twinleaf_house,120,NORMAL
twinleaf_house,121,NORMAL
twinleaf_house,122,NORMAL
twinleaf_house,123,NORMAL
twinleaf_house,124,NORMAL
twinleaf_house,125,NORMAL
twinleaf_house,126,NORMAL
twinleaf_house,127,NORMAL
common_center_2f,0,NORMAL
common_center_2f,1,NORMAL
common_center_2f,2,NORMAL
common_center_2f,3,NORMAL
common_center_2f,4,NORMAL
common_center_2f,5,NORMAL
common_center_2f,6,NORMAL
common_center_2f,7,NORMAL
common_center_2f,8,NORMAL
common_center_2f,9,NORMAL
common_center_2f,10,NORMAL
common_center_2f,11,NORMAL
common_center_2f,12,NORMAL
common_center_2f,13,NORMAL
common_center_2f,14,NORMAL
common_center_2f,15,NORMAL
common_center_2f,16,NORMAL
common_center_2f,17,NORMAL
common_center_2f,18,NORMAL
common_center_2f,19,NORMAL
common_center_2f,20,NORMAL
common_center_2f,21,NORMAL
common_center_2f,22,NORMAL
common_center_2f,23,NORMAL
common_center_2f,24,NORMAL
common_center_2f,25,NORMAL
common_center_2f,26,NORMAL
common_center_2f,27,NORMAL
common_center_2f,28,NORMAL
common_center_2f,29,NORMAL
common_center_2f,30,NORMAL
common_center_2f,31,NORMAL
common_center_2f,32,NORMAL
common_center_2f,33,NORMAL
common_center_2f,34,NORMAL
common_center_2f,35,NORMAL
common_center_2f,36,NORMAL
common_center_2f,37,NORMAL
common_center_2f,38,NORMAL
common_center_2f,39,NORMAL
common_center_2f,40,NORMAL
common_center_2f,41,NORMAL
common_center_2f,42,NORMAL
common_center_2f,43,NORMAL
common_center_2f,44,NORMAL
common_center_2f,45,NORMAL
common_center_2f,46,NORMAL
common_center_2f,47,NORMAL
common_center_2f,48,NORMAL
common_center_2f,49,NORMAL
common_center_2f,50,NORMAL
common_center_2f,51,NORMAL
common_center_2f,52,NORMAL
common_center_2f,53,NORMAL
common_center_2f,54,NORMAL
common_center_2f,55,NORMAL
common_center_2f,56,NORMAL
common_center_2f,57,NORMAL
common_center_2f,58,NORMAL
common_center_2f,59,NORMAL
common_center_2f,60,NORMAL
common_center_2f,61,NORMAL
common_center_2f,62,NORMAL
common_center_2f,63,NORMAL
common_center_2f,64,NORMAL
common_center_2f,65,NORMAL
common_center_2f,66,NORMAL
common_center_2f,67,NORMAL
common_center_2f,68,NORMAL
common_center_2f,69,NORMAL
common_center_2f,70,NORMAL
common_center_2f,71,NORMAL
common_center_2f,72,NORMAL
common_center_2f,73,NORMAL
common_center_2f,74,NORMAL
common_center_2f,75,NORMAL
common_center_2f,76,NORMAL
common_center_2f,77,NORMAL
common_center_2f,78,NORMAL
common_center_2f,79,NORMAL
common_center_2f,80,NORMAL
common_center_2f,81,NORMAL
common_center_2f,82,NORMAL
common_center_2f,83,NORMAL
common_center_2f,84,NORMAL
common_center_2f,85,NORMAL
common_center_2f,86,NORMAL
common_center_2f,87,NORMAL
common_center_2f,88,NORMAL
common_center_2f,89,NORMAL
common_center_2f,90,NORMAL
common_center_2f,91,NORMAL
common_center_2f,92,NORMAL
common_center_2f,93,NORMAL
common_center_2f,94,NORMAL
common_center_2f,95,NORMAL
common_center_2f,96,NORMAL
common_center_2f,97,NORMAL
common_center_2f,98,NORMAL
common_center_2f,99,NORMAL
common_center_2f,100,NORMAL
common_center_2f,101,NORMAL
common_center_2f,102,NORMAL
common_center_2f,103,NORMAL
common_center_2f,104,NORMAL
common_center_2f,105,NORMAL
common_center_2f,106,NORMAL
common_center_2f,107,NORMAL
common_center_2f,108,NORMAL
common_center_2f,109,NORMAL
common_center_2f,110,NORMAL
common_center_2f,111,NORMAL
common_center_2f,112,NORMAL
common_center_2f,113,NORMAL
common_center_2f,114,NORMAL
common_center_2f,115,NORMAL
common_center_2f,116,NORMAL
common_center_2f,117,NORMAL
common_center_2f,118,NORMAL
common_center_2f,119,NORMAL
common_center_2f,120,NORMAL
common_center_2f,121,NORMAL
common_center_2f,122,NORMAL
common_center_2f,123,NORMAL
common_center_2f,124,NORMAL
common_center_2f,125,NORMAL
common_center_2f,126,NORMAL
common_center_2f,127,NORMAL
slateport,0,NORMAL
slateport,1,NORMAL
slateport,2,NORMAL
slateport,3,NORMAL
slateport,4,NORMAL
slateport,5,NORMAL
slateport,6,NORMAL
slateport,7,NORMAL
slateport,8,NORMAL
slateport,9,NORMAL
slateport,10,NORMAL
slateport,11,NORMAL
slateport,12,NORMAL
slateport,13,NORMAL
slateport,14,NORMAL
slateport,15,NORMAL
slateport,16,NORMAL
slateport,17,NORMAL
slateport,18,NORMAL
slateport,19,NORMAL
slateport,20,NORMAL
slateport,21,NORMAL
slateport,22,NORMAL
slateport,23,NORMAL
slateport,24,NORMAL
slateport,25,NORMAL
slateport,26,NORMAL
slateport,27,NORMAL
slateport,28,NORMAL
slateport,29,NORMAL
slateport,30,NORMAL
slateport,31,NORMAL
slateport,32,NORMAL
slateport,33,NORMAL
slateport,34,NORMAL
slateport,35,NORMAL
slateport,36,NORMAL
slateport,37,NORMAL
slateport,38,NORMAL
slateport,39,NORMAL
slateport,40,NORMAL
slateport,41,NORMAL
slateport,42,NORMAL
slateport,43,NORMAL
slateport,44,NORMAL
slateport,45,NORMAL
slateport,46,NORMAL
slateport,47,NORMAL
slateport,48,NORMAL
slateport,49,NORMAL
slateport,50,NORMAL
slateport,51,NORMAL
slateport,52,NORMAL
slateport,53,NORMAL
slateport,54,NORMAL
slateport,55,NORMAL
slateport,56,NORMAL
slateport,57,NORMAL
slateport,58,NORMAL
slateport,59,NORMAL
slateport,60,NORMAL
slateport,61,NORMAL
slateport,62,NORMAL
slateport,63,NORMAL
slateport,64,NORMAL
slateport,65,NORMAL
slateport,66,NORMAL
slateport,67,NORMAL
slateport,68,NORMAL
slateport,69,NORMAL
slateport,70,NORMAL
slateport,71,NORMAL
slateport,72,NORMAL
slateport,73,NORMAL
slateport,74,NORMAL
slateport,75,NORMAL
slateport,76,NORMAL
slateport,77,NORMAL
slateport,78,NORMAL
slateport,79,NORMAL
slateport,80,NORMAL
slateport,81,NORMAL
slateport,82,NORMAL
slateport,83,NORMAL
slateport,84,NORMAL
slateport,85,NORMAL
slateport,86,NORMAL
slateport,87,NORMAL
slateport,88,NORMAL
slateport,89,NORMAL
slateport,90,NORMAL
slateport,91,NORMAL
slateport,92,NORMAL
slateport,93,NORMAL
slateport,94,NORMAL
slateport,95,NORMAL
slateport,96,NORMAL
slateport,97,NORMAL
slateport,98,NORMAL
slateport,99,NORMAL
slateport,100,NORMAL
slateport,101,NORMAL
slateport,102,NORMAL
slateport,103,NORMAL
slateport,104,NORMAL
slateport,105,NORMAL
slateport,106,NORMAL
slateport,107,NORMAL
slateport,108,NORMAL
slateport,109,NORMAL
slateport,110,NORMAL
slateport,111,NORMAL
slateport,112,NORMAL
slateport,113,NORMAL
slateport,114,NORMAL
slateport,115,NORMAL
slateport,116,NORMAL
slateport,117,NORMAL
slateport,118,NORMAL
slateport,119,NORMAL
slateport,120,NORMAL
slateport,121,NORMAL
slateport,122,NORMAL
slateport,123,NORMAL
slateport,124,NORMAL
slateport,125,NORMAL
slateport,126,NORMAL
slateport,127,NORMAL
slateport,128,NORMAL
slateport,129,NORMAL
slateport,130,NORMAL
slateport,131,NORMAL
slateport,132,NORMAL
slateport,133,NORMAL
slateport,134,NORMAL
slateport,135,NORMAL
slateport,136,NORMAL
slateport,137,NORMAL
slateport,138,NORMAL
slateport,139,NORMAL
slateport,140,NORMAL
slateport,141,NORMAL
slateport,142,NORMAL
slateport,143,NORMAL
slateport,144,NORMAL
slateport,145,NORMAL
slateport,146,NORMAL
slateport,147,NORMAL
slateport,148,NORMAL
slateport,149,NORMAL
slateport,150,NORMAL
slateport,151,NORMAL
slateport,152,NORMAL
slateport,153,NORMAL
slateport,154,NORMAL
slateport,155,NORMAL
slateport,156,NORMAL
slateport,157,NORMAL
slateport,158,NORMAL
slateport,159,NORMAL
slateport,160,NORMAL
slateport,161,NORMAL
slateport,162,NORMAL
slateport,163,NORMAL
slateport,164,NORMAL
slateport,165,NORMAL
slateport,166,NORMAL
slateport,167,NORMAL
slateport,168,NORMAL
slateport,169,NORMAL
slateport,170,NORMAL
slateport,171,NORMAL
slateport,172,NORMAL
slateport,173,NORMAL
slateport,174,NORMAL
slateport,175,NORMAL
slateport,176,NORMAL
slateport,177,NORMAL
slateport,178,NORMAL
slateport,179,NORMAL
slateport,180,NORMAL
slateport,181,NORMAL
slateport,182,NORMAL
slateport,183,NORMAL
slateport,184,NORMAL
slateport,185,NORMAL
slateport,186,NORMAL
slateport,187,NORMAL
slateport,188,NORMAL
slateport,189,NORMAL
slateport,190,NORMAL
slateport,191,NORMAL
slateport,192,NORMAL
slateport,193,NORMAL
slateport,194,NORMAL
slateport,195,NORMAL
slateport,196,NORMAL
slateport,197,NORMAL
slateport,198,NORMAL
slateport,199,NORMAL
slateport,200,NORMAL
slateport,201,NORMAL
slateport,202,NORMAL
slateport,203,NORMAL
slateport,204,NORMAL
slateport,205,NORMAL
slateport,206,NORMAL
slateport,207,NORMAL
slateport,208,NORMAL
slateport,209,NORMAL
slateport,210,NORMAL
slateport,211,NORMAL
slateport,212,NORMAL
slateport,213,NORMAL
slateport,214,NORMAL
slateport,215,NORMAL
slateport,216,NORMAL
slateport,217,NORMAL
slateport,218,NORMAL
slateport,219,NORMAL
slateport,220,NORMAL
slateport,221,NORMAL
slateport,222,NORMAL
slateport,223,NORMAL
slateport,224,NORMAL
slateport,225,NORMAL
slateport,226,NORMAL
slateport,227,NORMAL
slateport,228,NORMAL
slateport,229,NORMAL
slateport,230,NORMAL
slateport,231,NORMAL
slateport,232,NORMAL
slateport,233,NORMAL
slateport,234,NORMAL
slateport,235,NORMAL
slateport,236,NORMAL
slateport,237,NORMAL
slateport,238,NORMAL
slateport,239,NORMAL
slateport,240,NORMAL
slateport,241,NORMAL
slateport,242,NORMAL
slateport,243,NORMAL
slateport,244,NORMAL
slateport,245,NORMAL
slateport,246,NORMAL
slateport,247,NORMAL
slateport,248,NORMAL
slateport,249,NORMAL
slateport,250,NORMAL
slateport,251,NORMAL
slateport,252,NORMAL
slateport,253,NORMAL
slateport,254,NORMAL
slateport,255,NORMAL
slateport,256,NORMAL
slateport,257,NORMAL
slateport,258,NORMAL
slateport,259,NORMAL
slateport,260,NORMAL
slateport,261,NORMAL
slateport,262,NORMAL
slateport,263,NORMAL
slateport,264,NORMAL
slateport,265,NORMAL
slateport,266,NORMAL
slateport,267,NORMAL
slateport,268,NORMAL
slateport,269,NORMAL
slateport,270,NORMAL
slateport,271,NORMAL
slateport,272,NORMAL
slateport,273,NORMAL
slateport,274,NORMAL
slateport,275,NORMAL
slateport,276,NORMAL
slateport,277,NORMAL
slateport,278,NORMAL
slateport,279,NORMAL
slateport,280,NORMAL
slateport,281,NORMAL
slateport,282,NORMAL
slateport,283,NORMAL
slateport,284,NORMAL
slateport,285,NORMAL
slateport,286,NORMAL
slateport,287,NORMAL
slateport,288,NORMAL
slateport,289,NORMAL
slateport,290,NORMAL
slateport,291,NORMAL
slateport,292,NORMAL
slateport,293,NORMAL
slateport,294,NORMAL
slateport,295,NORMAL
slateport,296,NORMAL
slateport,297,NORMAL
slateport,298,NORMAL
slateport,299,NORMAL
slateport,300,NORMAL
slateport,301,NORMAL
slateport,302,NORMAL
slateport,303,NORMAL
slateport,304,NORMAL
slateport,305,NORMAL
slateport,306,NORMAL
slateport,307,NORMAL
slateport,308,NORMAL
slateport,309,NORMAL
slateport,310,NORMAL
slateport,311,NORMAL
slateport,312,NORMAL
slateport,313,NORMAL
slateport,314,NORMAL
slateport,315,NORMAL
slateport,316,NORMAL
slateport,317,NORMAL
slateport,318,NORMAL
slateport,319,NORMAL
slateport,320,NORMAL
slateport,321,NORMAL
slateport,322,NORMAL
slateport,323,NORMAL
slateport,324,NORMAL
slateport,325,NORMAL
slateport,326,NORMAL
slateport,327,NORMAL
slateport,328,NORMAL
slateport,329,NORMAL
slateport,330,NORMAL
slateport,331,NORMAL
slateport,332,NORMAL
slateport,333,NORMAL
slateport,334,NORMAL
slateport,335,NORMAL
slateport,336,NORMAL
slateport,337,NORMAL
slateport,338,NORMAL
slateport,339,NORMAL
slateport,340,NORMAL
slateport,341,NORMAL
slateport,342,NORMAL
slateport,343,NORMAL
slateport,344,NORMAL
slateport,345,NORMAL
slateport,346,NORMAL
slateport,347,NORMAL
slateport,348,NORMAL
slateport,349,NORMAL
slateport,350,NORMAL
slateport,351,NORMAL
slateport,352,NORMAL
slateport,353,NORMAL
slateport,354,NORMAL
slateport,355,NORMAL
slateport,356,NORMAL
slateport,357,NORMAL
slateport,358,NORMAL
slateport,359,NORMAL
slateport,360,NORMAL
slateport,361,NORMAL
slateport,362,NORMAL
slateport,363,NORMAL
slateport,364,NORMAL
slateport,365,NORMAL
slateport,366,NORMAL
slateport,367,NORMAL
slateport,368,NORMAL
slateport,369,NORMAL
slateport,370,NORMAL
slateport,371,NORMAL
slateport,372,NORMAL
slateport,373,NORMAL
slateport,374,NORMAL
slateport,375,NORMAL
slateport,376,NORMAL
slateport,377,NORMAL
slateport,378,NORMAL
slateport,379,NORMAL
slateport,380,NORMAL
slateport,381,NORMAL
slateport,382,NORMAL
slateport,383,NORMAL
slateport,384,NORMAL
slateport,385,NORMAL
slateport,386,NORMAL
slateport,387,NORMAL
slateport,388,NORMAL
slateport,389,NORMAL
slateport,390,NORMAL
slateport,391,NORMAL
slateport,392,NORMAL
slateport,393,NORMAL
slateport,394,NORMAL
slateport,395,NORMAL
slateport,396,NORMAL
slateport,397,NORMAL
slateport,398,NORMAL
slateport,399,NORMAL
slateport,400,NORMAL
slateport,401,NORMAL
slateport,402,NORMAL
slateport,403,NORMAL
slateport,404,NORMAL
slateport,405,NORMAL
pacifidlog,0,NORMAL
pacifidlog,1,NORMAL
pacifidlog,2,NORMAL
pacifidlog,3,NORMAL
pacifidlog,4,NORMAL
pacifidlog,5,NORMAL
pacifidlog,6,NORMAL
pacifidlog,7,NORMAL
pacifidlog,8,NORMAL
pacifidlog,9,NORMAL
pacifidlog,10,NORMAL
pacifidlog,11,NORMAL
pacifidlog,12,NORMAL
pacifidlog,13,NORMAL
pacifidlog,14,NORMAL
pacifidlog,15,NORMAL
pacifidlog,16,NORMAL
pacifidlog,17,NORMAL
pacifidlog,18,NORMAL
pacifidlog,19,NORMAL
pacifidlog,20,NORMAL
pacifidlog,21,NORMAL
pacifidlog,22,NORMAL
pacifidlog,23,NORMAL
pacifidlog,24,NORMAL
pacifidlog,25,NORMAL
pacifidlog,26,NORMAL
pacifidlog,27,NORMAL
pacifidlog,28,NORMAL
pacifidlog,29,NORMAL
pacifidlog,30,NORMAL
pacifidlog,31,NORMAL
pacifidlog,32,NORMAL
pacifidlog,33,NORMAL
pacifidlog,34,NORMAL
pacifidlog,35,NORMAL
pacifidlog,36,NORMAL
pacifidlog,37,NORMAL
pacifidlog,38,NORMAL
pacifidlog,39,NORMAL
pacifidlog,40,NORMAL
pacifidlog,41,NORMAL
pacifidlog,42,NORMAL
pacifidlog,43,NORMAL
pacifidlog,44,NORMAL
pacifidlog,45,NORMAL
pacifidlog,46,NORMAL
pacifidlog,47,NORMAL
pacifidlog,48,NORMAL
pacifidlog,49,NORMAL
pacifidlog,50,NORMAL
pacifidlog,51,NORMAL
pacifidlog,52,NORMAL
pacifidlog,53,NORMAL
pacifidlog,54,NORMAL
pacifidlog,55,NORMAL
pacifidlog,56,NORMAL
pacifidlog,57,NORMAL
pacifidlog,58,NORMAL
pacifidlog,59,NORMAL
pacifidlog,60,NORMAL
pacifidlog,61,NORMAL
pacifidlog,62,NORMAL
pacifidlog,63,NORMAL
pacifidlog,64,NORMAL
pacifidlog,65,NORMAL
pacifidlog,66,NORMAL
pacifidlog,67,NORMAL
pacifidlog,68,NORMAL
pacifidlog,69,NORMAL
pacifidlog,70,NORMAL
pacifidlog,71,NORMAL
pacifidlog,72,NORMAL
pacifidlog,73,NORMAL
pacifidlog,74,NORMAL
pacifidlog,75,NORMAL
pacifidlog,76,NORMAL
pacifidlog,77,NORMAL
pacifidlog,78,NORMAL
pacifidlog,79,NORMAL
pacifidlog,80,NORMAL
pacifidlog,81,NORMAL
pacifidlog,82,NORMAL
pacifidlog,83,NORMAL
pacifidlog,84,NORMAL
pacifidlog,85,NORMAL
pacifidlog,86,NORMAL
pacifidlog,87,NORMAL
pacifidlog,88,NORMAL
pacifidlog,89,NORMAL
pacifidlog,90,NORMAL
pacifidlog,91,NORMAL
pacifidlog,92,NORMAL
pacifidlog,93,NORMAL
pacifidlog,94,NORMAL
pacifidlog,95,NORMAL
pacifidlog,96,NORMAL
pacifidlog,97,NORMAL
pacifidlog,98,NORMAL
pacifidlog,99,NORMAL
pacifidlog,100,NORMAL
pacifidlog,101,NORMAL
pacifidlog,102,NORMAL
pacifidlog,103,NORMAL
pacifidlog,104,NORMAL
pacifidlog,105,NORMAL
pacifidlog,106,NORMAL
pacifidlog,107,NORMAL
pacifidlog,108,NORMAL
pacifidlog,109,NORMAL
pacifidlog,110,NORMAL
pacifidlog,111,NORMAL
pacifidlog,112,NORMAL
pacifidlog,113,NORMAL
pacifidlog,114,NORMAL
pacifidlog,115,NORMAL
pacifidlog,116,NORMAL
pacifidlog,117,NORMAL
pacifidlog,118,NORMAL
pacifidlog,119,NORMAL
pacifidlog,120,NORMAL
pacifidlog,121,NORMAL
pacifidlog,122,NORMAL
pacifidlog,123,NORMAL
pacifidlog,124,NORMAL
pacifidlog,125,NORMAL
pacifidlog,126,NORMAL
pacifidlog,127,NORMAL
pacifidlog,128,NORMAL
pacifidlog,129,NORMAL
pacifidlog,130,NORMAL
pacifidlog,131,NORMAL
pacifidlog,132,NORMAL
pacifidlog,133,NORMAL
pacifidlog,134,NORMAL
pacifidlog,135,NORMAL
pacifidlog,136,NORMAL
pacifidlog,137,NORMAL
pacifidlog,138,NORMAL
pacifidlog,139,NORMAL
pacifidlog,140,NORMAL
pacifidlog,141,NORMAL
pacifidlog,142,NORMAL
pacifidlog,143,NORMAL
pacifidlog,144,NORMAL
pacifidlog,145,NORMAL
pacifidlog,146,NORMAL
pacifidlog,147,NORMAL
pacifidlog,148,NORMAL
pacifidlog,149,NORMAL
pacifidlog,150,NORMAL
pacifidlog,151,NORMAL
pacifidlog,152,NORMAL
pacifidlog,153,NORMAL
pacifidlog,154,NORMAL
pacifidlog,155,NORMAL
pacifidlog,156,NORMAL
pacifidlog,157,NORMAL
pacifidlog,158,NORMAL
pacifidlog,159,NORMAL
pacifidlog,160,NORMAL
pacifidlog,161,NORMAL
pacifidlog,162,NORMAL
pacifidlog,163,NORMAL
pacifidlog,164,NORMAL
pacifidlog,165,NORMAL
pacifidlog,166,NORMAL
pacifidlog,167,NORMAL
pacifidlog,168,NORMAL
pacifidlog,169,NORMAL
pacifidlog,170,NORMAL
pacifidlog,171,NORMAL
pacifidlog,172,NORMAL
pacifidlog,173,NORMAL
pacifidlog,174,NORMAL
pacifidlog,175,NORMAL
pacifidlog,176,NORMAL
pacifidlog,177,NORMAL
pacifidlog,178,NORMAL
pacifidlog,179,NORMAL
pacifidlog,180,NORMAL
pacifidlog,181,NORMAL
pacifidlog,182,NORMAL
pacifidlog,183,NORMAL
pacifidlog,184,NORMAL
pacifidlog,185,NORMAL
pacifidlog,186,NORMAL
pacifidlog,187,NORMAL
pacifidlog,188,NORMAL
pacifidlog,189,NORMAL
pacifidlog,190,NORMAL
pacifidlog,191,NORMAL
pacifidlog,192,NORMAL
pacifidlog,193,NORMAL
pacifidlog,194,NORMAL
pacifidlog,195,NORMAL
pacifidlog,196,NORMAL
pacifidlog,197,NORMAL
pacifidlog,198,NORMAL
pacifidlog,199,NORMAL
pacifidlog,200,NORMAL
pacifidlog,201,NORMAL
pacifidlog,202,NORMAL
trick_house_puzzle,0,NORMAL
trick_house_puzzle,1,NORMAL
trick_house_puzzle,2,NORMAL
trick_house_puzzle,3,NORMAL
trick_house_puzzle,4,NORMAL
trick_house_puzzle,5,NORMAL
trick_house_puzzle,6,NORMAL
trick_house_puzzle,7,NORMAL
trick_house_puzzle,8,NORMAL
trick_house_puzzle,9,NORMAL
trick_house_puzzle,10,NORMAL
trick_house_puzzle,11,NORMAL
trick_house_puzzle,12,NORMAL
trick_house_puzzle,13,NORMAL
trick_house_puzzle,14,NORMAL
trick_house_puzzle,15,NORMAL
trick_house_puzzle,16,NORMAL
trick_house_puzzle,17,NORMAL
trick_house_puzzle,18,NORMAL
trick_house_puzzle,19,NORMAL
trick_house_puzzle,20,NORMAL
trick_house_puzzle,21,NORMAL
trick_house_puzzle,22,NORMAL
trick_house_puzzle,23,NORMAL
trick_house_puzzle,24,NORMAL
trick_house_puzzle,25,NORMAL
trick_house_puzzle,26,NORMAL
trick_house_puzzle,27,NORMAL
trick_house_puzzle,28,NORMAL
trick_house_puzzle,29,NORMAL
trick_house_puzzle,30,NORMAL
trick_house_puzzle,31,NORMAL
trick_house_puzzle,32,NORMAL
trick_house_puzzle,33,NORMAL
trick_house_puzzle,34,NORMAL
trick_house_puzzle,35,NORMAL
trick_house_puzzle,36,NORMAL
trick_house_puzzle,37,NORMAL
trick_house_puzzle,38,NORMAL
trick_house_puzzle,39,NORMAL
trick_house_puzzle,40,NORMAL
trick_house_puzzle,41,NORMAL
trick_house_puzzle,42,NORMAL
trick_house_puzzle,43,NORMAL
trick_house_puzzle,44,NORMAL
trick_house_puzzle,45,NORMAL
trick_house_puzzle,46,NORMAL
trick_house_puzzle,47,NORMAL
trick_house_puzzle,48,NORMAL
trick_house_puzzle,49,NORMAL
trick_house_puzzle,50,NORMAL
trick_house_puzzle,51,NORMAL
trick_house_puzzle,52,NORMAL
trick_house_puzzle,53,NORMAL
trick_house_puzzle,54,NORMAL
trick_house_puzzle,55,NORMAL
trick_house_puzzle,56,NORMAL
trick_house_puzzle,57,NORMAL
trick_house_puzzle,58,NORMAL
trick_house_puzzle,59,NORMAL
trick_house_puzzle,60,NORMAL
trick_house_puzzle,61,NORMAL
trick_house_puzzle,62,NORMAL
trick_house_puzzle,63,NORMAL
trick_house_puzzle,64,NORMAL
trick_house_puzzle,65,NORMAL
trick_house_puzzle,66,NORMAL
trick_house_puzzle,67,NORMAL
trick_house_puzzle,68,NORMAL
trick_house_puzzle,69,NORMAL
trick_house_puzzle,70,NORMAL
trick_house_puzzle,71,NORMAL
trick_house_puzzle,72,NORMAL
trick_house_puzzle,73,NORMAL
trick_house_puzzle,74,NORMAL
trick_house_puzzle,75,NORMAL
trick_house_puzzle,76,NORMAL
trick_house_puzzle,77,NORMAL
trick_house_puzzle,78,NORMAL
trick_house_puzzle,79,NORMAL
trick_house_puzzle,80,NORMAL
trick_house_puzzle,81,NORMAL
trick_house_puzzle,82,NORMAL
trick_house_puzzle,83,NORMAL
trick_house_puzzle,84,NORMAL
trick_house_puzzle,85,NORMAL
trick_house_puzzle,86,NORMAL
trick_house_puzzle,87,NORMAL
trick_house_puzzle,88,NORMAL
trick_house_puzzle,89,NORMAL
trick_house_puzzle,90,NORMAL
trick_house_puzzle,91,NORMAL
trick_house_puzzle,92,NORMAL
trick_house_puzzle,93,NORMAL
trick_house_puzzle,94,NORMAL
trick_house_puzzle,95,NORMAL
trick_house_puzzle,96,NORMAL
trick_house_puzzle,97,NORMAL
trick_house_puzzle,98,NORMAL
trick_house_puzzle,99,NORMAL
trick_house_puzzle,100,NORMAL
trick_house_puzzle,101,NORMAL
trick_house_puzzle,102,NORMAL
trick_house_puzzle,103,NORMAL
trick_house_puzzle,104,NORMAL
trick_house_puzzle,105,NORMAL
trick_house_puzzle,106,NORMAL
trick_house_puzzle,107,NORMAL
trick_house_puzzle,108,NORMAL
trick_house_puzzle,109,NORMAL
trick_house_puzzle,110,NORMAL
trick_house_puzzle,111,NORMAL
trick_house_puzzle,112,NORMAL
trick_house_puzzle,113,NORMAL
trick_house_puzzle,114,NORMAL
trick_house_puzzle,115,NORMAL
trick_house_puzzle,116,NORMAL
trick_house_puzzle,117,NORMAL
trick_house_puzzle,118,NORMAL
trick_house_puzzle,119,NORMAL
trick_house_puzzle,120,NORMAL
trick_house_puzzle,121,NORMAL
trick_house_puzzle,122,NORMAL
trick_house_puzzle,123,NORMAL
trick_house_puzzle,124,NORMAL
trick_house_puzzle,125,NORMAL
trick_house_puzzle,126,NORMAL
trick_house_puzzle,127,NORMAL
trick_house_puzzle,128,NORMAL
trick_house_puzzle,129,NORMAL
trick_house_puzzle,130,NORMAL
trick_house_puzzle,131,NORMAL
trick_house_puzzle,132,NORMAL
trick_house_puzzle,133,NORMAL
trick_house_puzzle,134,NORMAL
trick_house_puzzle,135,NORMAL
trick_house_puzzle,136,NORMAL
trick_house_puzzle,137,NORMAL
trick_house_puzzle,138,NORMAL
trick_house_puzzle,139,NORMAL
trick_house_puzzle,140,NORMAL
trick_house_puzzle,141,NORMAL
trick_house_puzzle,142,NORMAL
trick_house_puzzle,143,NORMAL
trick_house_puzzle,144,NORMAL
trick_house_puzzle,145,NORMAL
trick_house_puzzle,146,NORMAL
trick_house_puzzle,147,NORMAL
trick_house_puzzle,148,NORMAL
trick_house_puzzle,149,NORMAL
trick_house_puzzle,150,NORMAL
trick_house_puzzle,151,NORMAL
trick_house_puzzle,152,NORMAL
trick_house_puzzle,153,NORMAL
trick_house_puzzle,154,NORMAL
trick_house_puzzle,155,NORMAL
trick_house_puzzle,156,NORMAL
trick_house_puzzle,157,NORMAL
trick_house_puzzle,158,NORMAL
trick_house_puzzle,159,NORMAL
trick_house_puzzle,160,NORMAL
trick_house_puzzle,161,NORMAL
trick_house_puzzle,162,NORMAL
trick_house_puzzle,163,NORMAL
trick_house_puzzle,164,NORMAL
trick_house_puzzle,165,NORMAL
trick_house_puzzle,166,NORMAL
trick_house_puzzle,167,NORMAL
trick_house_puzzle,168,NORMAL
trick_house_puzzle,169,NORMAL
trick_house_puzzle,170,NORMAL
trick_house_puzzle,171,NORMAL
trick_house_puzzle,172,NORMAL
trick_house_puzzle,173,NORMAL
trick_house_puzzle,174,NORMAL
trick_house_puzzle,175,NORMAL
trick_house_puzzle,176,NORMAL
trick_house_puzzle,177,NORMAL
trick_house_puzzle,178,NORMAL
trick_house_puzzle,179,NORMAL
trick_house_puzzle,180,NORMAL
trick_house_puzzle,181,NORMAL
trick_house_puzzle,182,NORMAL
trick_house_puzzle,183,NORMAL
trick_house_puzzle,184,NORMAL
trick_house_puzzle,185,NORMAL
trick_house_puzzle,186,NORMAL
trick_house_puzzle,187,NORMAL
trick_house_puzzle,188,NORMAL
underwater,0,NORMAL
underwater,1,NORMAL
underwater,2,NORMAL
underwater,3,NORMAL
underwater,4,NORMAL
underwater,5,NORMAL
underwater,6,NORMAL
underwater,7,NORMAL
underwater,8,NORMAL
underwater,9,NORMAL
underwater,10,NORMAL
underwater,11,NORMAL
underwater,12,NORMAL
underwater,13,NORMAL
underwater,14,NORMAL
underwater,15,NORMAL
underwater,16,NORMAL
underwater,17,NORMAL
underwater,18,NORMAL
underwater,19,NORMAL
underwater,20,NORMAL
underwater,21,NORMAL
underwater,22,NORMAL
underwater,23,NORMAL
underwater,24,NORMAL
underwater,25,NORMAL
underwater,26,NORMAL
underwater,27,NORMAL
underwater,28,NORMAL
underwater,29,NORMAL
underwater,30,NORMAL
underwater,31,NORMAL
underwater,32,NORMAL
underwater,33,NORMAL
underwater,34,NORMAL
underwater,35,NORMAL
underwater,36,NORMAL
underwater,37,NORMAL
underwater,38,NORMAL
underwater,39,NORMAL
underwater,40,NORMAL
underwater,41,NORMAL
underwater,42,NORMAL
underwater,43,NORMAL
underwater,44,NORMAL
underwater,45,NORMAL
underwater,46,NORMAL
underwater,47,NORMAL
underwater,48,NORMAL
underwater,49,NORMAL
underwater,50,NORMAL
underwater,51,NORMAL
underwater,52,NORMAL
underwater,53,NORMAL
underwater,54,NORMAL
underwater,55,NORMAL
underwater,56,NORMAL
underwater,57,NORMAL
underwater,58,NORMAL
underwater,59,NORMAL
underwater,60,NORMAL
underwater,61,NORMAL
underwater,62,NORMAL
underwater,63,NORMAL
underwater,64,NORMAL
underwater,65,NORMAL
underwater,66,NORMAL
underwater,67,NORMAL
underwater,68,NORMAL
underwater,69,NORMAL
underwater,70,NORMAL
underwater,71,NORMAL
underwater,72,NORMAL
underwater,73,NORMAL
underwater,74,NORMAL
underwater,75,NORMAL
underwater,76,NORMAL
underwater,77,NORMAL
underwater,78,NORMAL
underwater,79,NORMAL
underwater,80,NORMAL
underwater,81,NORMAL
underwater,82,NORMAL
underwater,83,NORMAL
underwater,84,NORMAL
underwater,85,NORMAL
underwater,86,NORMAL
underwater,87,NORMAL
underwater,88,NORMAL
underwater,89,NORMAL
underwater,90,NORMAL
underwater,91,NORMAL
underwater,92,NORMAL
underwater,93,NORMAL
underwater,94,NORMAL
underwater,95,NORMAL
underwater,96,NORMAL
underwater,97,NORMAL
underwater,98,NORMAL
underwater,99,NORMAL
underwater,100,NORMAL
underwater,101,NORMAL
underwater,102,NORMAL
underwater,103,NORMAL
underwater,104,NORMAL
underwater,105,NORMAL
underwater,106,NORMAL
underwater,107,NORMAL
underwater,108,NORMAL
underwater,109,NORMAL
underwater,110,NORMAL
underwater,111,NORMAL
underwater,112,NORMAL
underwater,113,NORMAL
underwater,114,NORMAL
underwater,115,NORMAL
underwater,116,NORMAL
underwater,117,NORMAL
underwater,118,NORMAL
underwater,119,NORMAL
underwater,120,NORMAL
underwater,121,NORMAL
underwater,122,NORMAL
underwater,123,NORMAL
underwater,124,NORMAL
underwater,125,NORMAL
underwater,126,NORMAL
underwater,127,NORMAL
underwater,128,NORMAL
underwater,129,NORMAL
underwater,130,NORMAL
underwater,131,NORMAL
underwater,132,NORMAL
underwater,133,NORMAL
underwater,134,NORMAL
underwater,135,NORMAL
underwater,136,NORMAL
underwater,137,NORMAL
underwater,138,NORMAL
underwater,139,NORMAL
underwater,140,NORMAL
underwater,141,NORMAL
underwater,142,NORMAL
underwater,143,NORMAL
underwater,144,NORMAL
underwater,145,NORMAL
underwater,146,NORMAL
underwater,147,NORMAL
underwater,148,NORMAL
underwater,149,NORMAL
underwater,150,NORMAL
underwater,151,NORMAL
underwater,152,NORMAL
underwater,153,NORMAL
underwater,154,NORMAL
underwater,155,NORMAL
underwater,156,NORMAL
underwater,157,NORMAL
underwater,158,NORMAL
underwater,159,NORMAL
underwater,160,NORMAL
underwater,161,NORMAL
underwater,162,NORMAL
underwater,163,NORMAL
underwater,164,NORMAL
underwater,165,NORMAL
underwater,166,NORMAL
underwater,167,NORMAL
underwater,168,NORMAL
underwater,169,NORMAL
underwater,170,NORMAL
underwater,171,NORMAL
underwater,172,NORMAL
underwater,173,NORMAL
underwater,174,NORMAL
underwater,175,NORMAL
underwater,176,NORMAL
underwater,177,NORMAL
underwater,178,NORMAL
underwater,179,NORMAL
underwater,180,NORMAL
underwater,181,NORMAL
underwater,182,NORMAL
underwater,183,NORMAL
underwater,184,NORMAL
underwater,185,NORMAL
underwater,186,NORMAL
underwater,187,NORMAL
underwater,188,NORMAL
underwater,189,NORMAL
underwater,190,NORMAL
underwater,191,NORMAL
underwater,192,NORMAL
underwater,193,NORMAL
underwater,194,NORMAL
underwater,195,NORMAL
underwater,196,NORMAL
underwater,197,NORMAL
underwater,198,NORMAL
underwater,199,NORMAL
underwater,200,NORMAL
underwater,201,NORMAL
underwater,202,NORMAL
underwater,203,NORMAL
underwater,204,NORMAL
underwater,205,NORMAL
underwater,206,NORMAL
underwater,207,NORMAL
underwater,208,NORMAL
underwater,209,NORMAL
underwater,210,NORMAL
underwater,211,NORMAL
underwater,212,NORMAL
underwater,213,NORMAL
underwater,214,NORMAL
underwater,215,NORMAL
underwater,216,NORMAL
underwater,217,NORMAL
underwater,218,NORMAL
underwater,219,NORMAL
underwater,220,NORMAL
underwater,221,NORMAL
underwater,222,NORMAL
underwater,223,NORMAL
underwater,224,NORMAL
underwater,225,NORMAL
underwater,226,NORMAL
underwater,227,NORMAL
underwater,228,NORMAL
underwater,229,NORMAL
underwater,230,NORMAL
underwater,231,NORMAL
underwater,232,NORMAL
underwater,233,NORMAL
underwater,234,NORMAL
underwater,235,NORMAL
facility,0,NORMAL
facility,1,NORMAL
facility,2,NORMAL
facility,3,NORMAL
facility,4,NORMAL
facility,5,NORMAL
facility,6,NORMAL
facility,7,NORMAL
facility,8,NORMAL
facility,9,NORMAL
facility,10,NORMAL
facility,11,NORMAL
facility,12,NORMAL
facility,13,NORMAL
facility,14,NORMAL
facility,15,NORMAL
facility,16,NORMAL
facility,17,NORMAL
facility,18,NORMAL
facility,19,NORMAL
facility,20,NORMAL
facility,21,NORMAL
facility,22,NORMAL
facility,23,NORMAL
facility,24,NORMAL
facility,25,NORMAL
facility,26,NORMAL
facility,27,NORMAL
facility,28,NORMAL
facility,29,NORMAL
facility,30,NORMAL
facility,31,NORMAL
facility,32,NORMAL
facility,33,NORMAL
facility,34,NORMAL
facility,35,NORMAL
facility,36,NORMAL
facility,37,NORMAL
facility,38,NORMAL
facility,39,NORMAL
facility,40,NORMAL
facility,41,NORMAL
facility,42,NORMAL
facility,43,NORMAL
facility,44,NORMAL
facility,45,NORMAL
facility,46,NORMAL
facility,47,NORMAL
facility,48,NORMAL
facility,49,NORMAL
facility,50,NORMAL
facility,51,NORMAL
facility,52,NORMAL
facility,53,NORMAL
facility,54,NORMAL
facility,55,NORMAL
facility,56,NORMAL
facility,57,NORMAL
facility,58,NORMAL
facility,59,NORMAL
facility,60,NORMAL
facility,61,NORMAL
facility,62,NORMAL
facility,63,NORMAL
facility,64,NORMAL
facility,65,NORMAL
facility,66,NORMAL
facility,67,NORMAL
facility,68,NORMAL
facility,69,NORMAL
facility,70,NORMAL
facility,71,NORMAL
facility,72,NORMAL
facility,73,NORMAL
facility,74,NORMAL
facility,75,NORMAL
facility,76,NORMAL
facility,77,NORMAL
facility,78,NORMAL
facility,79,NORMAL
facility,80,NORMAL
facility,81,NORMAL
facility,82,NORMAL
facility,83,NORMAL
facility,84,NORMAL
facility,85,NORMAL
facility,86,NORMAL
facility,87,NORMAL
facility,88,NORMAL
facility,89,NORMAL
facility,90,NORMAL
facility,91,NORMAL
facility,92,NORMAL
facility,93,NORMAL
facility,94,NORMAL
facility,95,NORMAL
facility,96,NORMAL
facility,97,NORMAL
facility,98,NORMAL
facility,99,NORMAL
facility,100,NORMAL
facility,101,NORMAL
facility,102,NORMAL
facility,103,NORMAL
facility,104,NORMAL
facility,105,NORMAL
facility,106,NORMAL
facility,107,NORMAL
facility,108,NORMAL
facility,109,NORMAL
facility,110,NORMAL
facility,111,NORMAL
facility,112,NORMAL
facility,113,NORMAL
facility,114,NORMAL
facility,115,NORMAL
facility,116,NORMAL
facility,117,NORMAL
facility,118,NORMAL
facility,119,NORMAL
facility,120,NORMAL
facility,121,NORMAL
facility,122,NORMAL
facility,123,NORMAL
facility,124,NORMAL
facility,125,NORMAL
facility,126,NORMAL
facility,127,NORMAL
facility,128,NORMAL
facility,129,NORMAL
facility,130,NORMAL
facility,131,NORMAL
facility,132,NORMAL
facility,133,NORMAL
facility,134,NORMAL
facility,135,NORMAL
facility,136,NORMAL
facility,137,NORMAL
facility,138,NORMAL
facility,139,NORMAL
facility,140,NORMAL
facility,141,NORMAL
facility,142,NORMAL
facility,143,NORMAL
facility,144,NORMAL
facility,145,NORMAL
facility,146,NORMAL
facility,147,NORMAL
facility,148,NORMAL
facility,149,NORMAL
facility,150,NORMAL
facility,151,NORMAL
facility,152,NORMAL
facility,153,NORMAL
facility,154,NORMAL
facility,155,NORMAL
facility,156,NORMAL
facility,157,NORMAL
facility,158,NORMAL
facility,159,NORMAL
facility,160,NORMAL
facility,161,NORMAL
facility,162,NORMAL
facility,163,NORMAL
facility,164,NORMAL
facility,165,NORMAL
facility,166,NORMAL
facility,167,NORMAL
facility,168,NORMAL
facility,169,NORMAL
facility,170,NORMAL
facility,171,NORMAL
facility,172,NORMAL
facility,173,NORMAL
facility,174,NORMAL
facility,175,NORMAL
facility,176,NORMAL
facility,177,NORMAL
facility,178,NORMAL
facility,179,NORMAL
facility,180,NORMAL
facility,181,NORMAL
facility,182,NORMAL
facility,183,NORMAL
facility,184,NORMAL
facility,185,NORMAL
facility,186,NORMAL
facility,187,NORMAL
facility,188,NORMAL
facility,189,NORMAL
facility,190,NORMAL
facility,191,NORMAL
facility,192,NORMAL
facility,193,NORMAL
facility,194,NORMAL
facility,195,NORMAL
facility,196,NORMAL
facility,197,NORMAL
facility,198,NORMAL
facility,199,NORMAL
facility,200,NORMAL
facility,201,NORMAL
facility,202,NORMAL
facility,203,NORMAL
facility,204,NORMAL
facility,205,NORMAL
facility,206,NORMAL
facility,207,NORMAL
facility,208,NORMAL
facility,209,NORMAL
facility,210,NORMAL
facility,211,NORMAL
facility,212,NORMAL
facility,213,NORMAL
facility,214,NORMAL
facility,215,NORMAL
facility,216,NORMAL
facility,217,NORMAL
facility,218,NORMAL
facility,219,NORMAL
facility,220,NORMAL
facility,221,NORMAL
facility,222,NORMAL
facility,223,NORMAL
facility,224,NORMAL
facility,225,NORMAL
facility,226,NORMAL
facility,227,NORMAL
facility,228,NORMAL
facility,229,NORMAL
facility,230,NORMAL
facility,231,NORMAL
facility,232,NORMAL
facility,233,NORMAL
facility,234,NORMAL
facility,235,NORMAL
facility,236,NORMAL
facility,237,NORMAL
facility,238,NORMAL
facility,239,NORMAL
facility,240,NORMAL
facility,241,NORMAL
facility,242,NORMAL
facility,243,NORMAL
facility,244,NORMAL
facility,245,NORMAL
facility,246,NORMAL
facility,247,NORMAL
facility,248,NORMAL
facility,249,NORMAL
facility,250,NORMAL
facility,251,NORMAL
facility,252,NORMAL
facility,253,NORMAL
facility,254,NORMAL
facility,255,NORMAL
facility,256,NORMAL
facility,257,NORMAL
facility,258,NORMAL
facility,259,NORMAL
facility,260,NORMAL
facility,261,NORMAL
facility,262,NORMAL
facility,263,NORMAL
facility,264,NORMAL
facility,265,NORMAL
facility,266,NORMAL
facility,267,NORMAL
facility,268,NORMAL
facility,269,NORMAL
facility,270,NORMAL
facility,271,NORMAL
facility,272,NORMAL
facility,273,NORMAL
facility,274,NORMAL
facility,275,NORMAL
facility,276,NORMAL
facility,277,NORMAL
facility,278,NORMAL
facility,279,NORMAL
facility,280,NORMAL
facility,281,NORMAL
facility,282,NORMAL
facility,283,NORMAL
facility,284,NORMAL
facility,285,NORMAL
facility,286,NORMAL
facility,287,NORMAL
facility,288,NORMAL
facility,289,NORMAL
facility,290,NORMAL
facility,291,NORMAL
facility,292,NORMAL
facility,293,NORMAL
facility,294,NORMAL
facility,295,NORMAL
facility,296,NORMAL
facility,297,NORMAL
facility,298,NORMAL
facility,299,NORMAL
facility,300,NORMAL
facility,301,NORMAL
facility,302,NORMAL
facility,303,NORMAL
facility,304,NORMAL
facility,305,NORMAL
facility,306,NORMAL
facility,307,NORMAL
facility,308,NORMAL
facility,309,NORMAL
facility,310,NORMAL
facility,311,NORMAL
facility,312,NORMAL
facility,313,NORMAL
facility,314,NORMAL
facility,315,NORMAL
facility,316,NORMAL
facility,317,NORMAL
facility,318,NORMAL
facility,319,NORMAL
facility,320,NORMAL
facility,321,NORMAL
facility,322,NORMAL
facility,323,NORMAL
facility,324,NORMAL
facility,325,NORMAL
facility,326,NORMAL
facility,327,NORMAL
facility,328,NORMAL
facility,329,NORMAL
facility,330,NORMAL
facility,331,NORMAL
facility,332,NORMAL
facility,333,NORMAL
facility,334,NORMAL
facility,335,NORMAL
facility,336,NORMAL
facility,337,NORMAL
facility,338,NORMAL
facility,339,NORMAL
facility,340,NORMAL
facility,341,NORMAL
facility,342,NORMAL
facility,343,NORMAL
facility,344,NORMAL
facility,345,NORMAL
facility,346,NORMAL
facility,347,NORMAL
facility,348,NORMAL
facility,349,NORMAL
facility,350,NORMAL
facility,351,NORMAL
facility,352,NORMAL
facility,353,NORMAL
facility,354,NORMAL
facility,355,NORMAL
facility,356,NORMAL
facility,357,NORMAL
facility,358,NORMAL
facility,359,NORMAL
facility,360,NORMAL
facility,361,NORMAL
facility,362,NORMAL
facility,363,NORMAL
facility,364,NORMAL
facility,365,NORMAL
facility,366,NORMAL
facility,367,NORMAL
facility,368,NORMAL
facility,369,NORMAL
facility,370,NORMAL
facility,371,NORMAL
facility,372,NORMAL
facility,373,NORMAL
facility,374,NORMAL
facility,375,NORMAL
facility,376,NORMAL
facility,377,NORMAL
facility,378,NORMAL
facility,379,NORMAL
facility,380,NORMAL
facility,381,NORMAL
facility,382,NORMAL
facility,383,NORMAL
facility,384,NORMAL
facility,385,NORMAL
facility,386,NORMAL
facility,387,NORMAL
facility,388,NORMAL
facility,389,NORMAL
facility,390,NORMAL
facility,391,NORMAL
facility,392,NORMAL
facility,393,NORMAL
facility,394,NORMAL
facility,395,NORMAL
facility,396,NORMAL
facility,397,NORMAL
facility,398,NORMAL
facility,399,NORMAL
facility,400,NORMAL
facility,401,NORMAL
facility,402,NORMAL
facility,403,NORMAL
facility,404,NORMAL
facility,405,NORMAL
facility,406,NORMAL
facility,407,NORMAL
facility,408,NORMAL
facility,409,NORMAL
facility,410,NORMAL
facility,411,NORMAL
facility,412,NORMAL
facility,413,NORMAL
facility,414,NORMAL
facility,415,NORMAL
facility,416,NORMAL
facility,417,NORMAL
facility,418,NORMAL
facility,419,NORMAL
facility,420,NORMAL
facility,421,NORMAL
facility,422,NORMAL
facility,423,NORMAL
facility,424,NORMAL
facility,425,NORMAL
facility,426,NORMAL
facility,427,NORMAL
facility,428,NORMAL
facility,429,NORMAL
facility,430,NORMAL
facility,431,NORMAL
facility,432,NORMAL
facility,433,NORMAL
facility,434,NORMAL
facility,435,NORMAL
facility,436,NORMAL
facility,437,NORMAL
facility,438,NORMAL
facility,439,NORMAL
facility,440,NORMAL
facility,441,NORMAL
facility,442,NORMAL
facility,443,NORMAL
facility,444,NORMAL
facility,445,NORMAL
facility,446,NORMAL
facility,447,NORMAL
facility,448,NORMAL
facility,449,NORMAL
facility,450,NORMAL
facility,451,NORMAL
facility,452,NORMAL
facility,453,NORMAL
facility,454,NORMAL
facility,455,NORMAL
facility,456,NORMAL
facility,457,NORMAL
facility,458,NORMAL
facility,459,NORMAL
facility,460,NORMAL
facility,461,NORMAL
facility,462,NORMAL
facility,463,NORMAL
facility,464,NORMAL
facility,465,NORMAL
facility,466,NORMAL
facility,467,NORMAL
facility,468,NORMAL
facility,469,NORMAL
facility,470,NORMAL
facility,471,NORMAL
facility,472,NORMAL
facility,473,NORMAL
facility,474,NORMAL
facility,475,NORMAL
facility,476,NORMAL
facility,477,NORMAL
facility,478,NORMAL
facility,479,NORMAL
facility,480,NORMAL
facility,481,NORMAL
facility,482,NORMAL
facility,483,NORMAL
facility,484,NORMAL
facility,485,NORMAL
facility,486,NORMAL
facility,487,NORMAL
facility,488,NORMAL
facility,489,NORMAL
facility,490,NORMAL
facility,491,NORMAL
facility,492,NORMAL
facility,493,NORMAL
facility,494,NORMAL
facility,495,NORMAL
facility,496,NORMAL
facility,497,NORMAL
facility,498,NORMAL
facility,499,NORMAL
facility,500,NORMAL
facility,501,NORMAL
facility,502,NORMAL
facility,503,NORMAL
facility,504,NORMAL
facility,505,NORMAL
facility,506,NORMAL
facility,507,NORMAL
facility,508,NORMAL
facility,509,NORMAL
facility,510,NORMAL
common_center_1f,0,NORMAL
common_center_1f,1,NORMAL
common_center_1f,2,NORMAL
common_center_1f,3,NORMAL
common_center_1f,4,NORMAL
common_center_1f,5,NORMAL
common_center_1f,6,NORMAL
common_center_1f,7,NORMAL
common_center_1f,8,NORMAL
common_center_1f,9,NORMAL
common_center_1f,10,NORMAL
common_center_1f,11,NORMAL
common_center_1f,12,NORMAL
common_center_1f,13,NORMAL
common_center_1f,14,NORMAL
common_center_1f,15,NORMAL
common_center_1f,16,NORMAL
common_center_1f,17,NORMAL
common_center_1f,18,NORMAL
common_center_1f,19,NORMAL
common_center_1f,20,NORMAL
common_center_1f,21,NORMAL
common_center_1f,22,NORMAL
common_center_1f,23,NORMAL
common_center_1f,24,NORMAL
common_center_1f,25,NORMAL
common_center_1f,26,NORMAL
common_center_1f,27,NORMAL
common_center_1f,28,NORMAL
common_center_1f,29,NORMAL
common_center_1f,30,NORMAL
common_center_1f,31,NORMAL
common_center_1f,32,NORMAL
common_center_1f,33,NORMAL
common_center_1f,34,NORMAL
common_center_1f,35,NORMAL
common_center_1f,36,NORMAL
common_center_1f,37,NORMAL
common_center_1f,38,NORMAL
common_center_1f,39,NORMAL
common_center_1f,40,NORMAL
common_center_1f,41,NORMAL
common_center_1f,42,NORMAL
common_center_1f,43,NORMAL
common_center_1f,44,NORMAL
common_center_1f,45,NORMAL
common_center_1f,46,NORMAL
common_center_1f,47,NORMAL
common_center_1f,48,NORMAL
common_center_1f,49,NORMAL
common_center_1f,50,NORMAL
common_center_1f,51,NORMAL
common_center_1f,52,NORMAL
common_center_1f,53,NORMAL
common_center_1f,54,NORMAL
common_center_1f,55,NORMAL
common_center_1f,56,NORMAL
common_center_1f,57,NORMAL
common_center_1f,58,NORMAL
common_center_1f,59,NORMAL
common_center_1f,60,NORMAL
common_center_1f,61,NORMAL
common_center_1f,62,NORMAL
common_center_1f,63,NORMAL
common_center_1f,64,NORMAL
common_center_1f,65,NORMAL
common_center_1f,66,NORMAL
common_center_1f,67,NORMAL
common_center_1f,68,NORMAL
common_center_1f,69,NORMAL
common_center_1f,70,NORMAL
common_center_1f,71,NORMAL
common_center_1f,72,NORMAL
common_center_1f,73,NORMAL
common_center_1f,74,NORMAL
common_center_1f,75,NORMAL
common_center_1f,76,NORMAL
common_center_1f,77,NORMAL
common_center_1f,78,NORMAL
common_center_1f,79,NORMAL
common_center_1f,80,NORMAL
common_center_1f,81,NORMAL
common_center_1f,82,NORMAL
common_center_1f,83,NORMAL
common_center_1f,84,NORMAL
common_center_1f,85,NORMAL
common_center_1f,86,NORMAL
common_center_1f,87,NORMAL
common_center_1f,88,NORMAL
common_center_1f,89,NORMAL
common_center_1f,90,NORMAL
common_center_1f,91,NORMAL
common_center_1f,92,NORMAL
common_center_1f,93,NORMAL
common_center_1f,94,NORMAL
common_center_1f,95,NORMAL
common_center_1f,96,NORMAL
common_center_1f,97,NORMAL
common_center_1f,98,NORMAL
common_center_1f,99,NORMAL
common_center_1f,100,NORMAL
common_center_1f,101,NORMAL
common_center_1f,102,NORMAL
common_center_1f,103,NORMAL
common_center_1f,104,NORMAL
common_center_1f,105,NORMAL
common_center_1f,106,NORMAL
common_center_1f,107,NORMAL
common_center_1f,108,NORMAL
common_center_1f,109,NORMAL
common_center_1f,110,NORMAL
common_center_1f,111,NORMAL
common_center_1f,112,NORMAL
common_center_1f,113,NORMAL
common_center_1f,114,NORMAL
common_center_1f,115,NORMAL
common_center_1f,116,NORMAL
common_center_1f,117,NORMAL
common_center_1f,118,NORMAL
common_center_1f,119,NORMAL
common_center_1f,120,NORMAL
common_center_1f,121,NORMAL
common_center_1f,122,NORMAL
common_center_1f,123,NORMAL
common_center_1f,124,NORMAL
common_center_1f,125,NORMAL
common_center_1f,126,NORMAL
common_center_1f,127,NORMAL
cave,0,NORMAL
cave,1,NORMAL
cave,2,NORMAL
cave,3,NORMAL
cave,4,NORMAL
cave,5,NORMAL
cave,6,NORMAL
cave,7,NORMAL
cave,8,NORMAL
cave,9,NORMAL
cave,10,NORMAL
cave,11,NORMAL
cave,12,NORMAL
cave,13,NORMAL
cave,14,NORMAL
cave,15,NORMAL
cave,16,NORMAL
cave,17,NORMAL
cave,18,NORMAL
cave,19,NORMAL
cave,20,NORMAL
cave,21,NORMAL
cave,22,NORMAL
cave,23,NORMAL
cave,24,NORMAL
cave,25,NORMAL
cave,26,NORMAL
cave,27,NORMAL
cave,28,NORMAL
cave,29,NORMAL
cave,30,NORMAL
cave,31,NORMAL
cave,32,NORMAL
cave,33,NORMAL
cave,34,NORMAL
cave,35,NORMAL
cave,36,NORMAL
cave,37,NORMAL
cave,38,NORMAL
cave,39,NORMAL
cave,40,NORMAL
cave,41,NORMAL
cave,42,NORMAL
cave,43,NORMAL
cave,44,NORMAL
cave,45,NORMAL
cave,46,NORMAL
cave,47,NORMAL
cave,48,NORMAL
cave,49,NORMAL
cave,50,NORMAL
cave,51,NORMAL
cave,52,NORMAL
cave,53,NORMAL
cave,54,NORMAL
cave,55,NORMAL
cave,56,NORMAL
cave,57,NORMAL
cave,58,NORMAL
cave,59,NORMAL
cave,60,NORMAL
cave,61,NORMAL
cave,62,NORMAL
cave,63,NORMAL
cave,64,NORMAL
cave,65,NORMAL
cave,66,NORMAL
cave,67,NORMAL
cave,68,NORMAL
cave,69,NORMAL
cave,70,NORMAL
cave,71,NORMAL
cave,72,NORMAL
cave,73,NORMAL
cave,74,NORMAL
cave,75,NORMAL
cave,76,NORMAL
cave,77,NORMAL
cave,78,NORMAL
cave,79,NORMAL
cave,80,NORMAL
cave,81,NORMAL
cave,82,NORMAL
cave,83,NORMAL
cave,84,NORMAL
cave,85,NORMAL
cave,86,NORMAL
cave,87,NORMAL
cave,88,NORMAL
cave,89,NORMAL
cave,90,NORMAL
cave,91,NORMAL
cave,92,NORMAL
cave,93,NORMAL
cave,94,NORMAL
cave,95,NORMAL
cave,96,NORMAL
cave,97,NORMAL
cave,98,NORMAL
cave,99,NORMAL
cave,100,NORMAL
cave,101,NORMAL
cave,102,NORMAL
cave,103,NORMAL
cave,104,NORMAL
cave,105,NORMAL
cave,106,NORMAL
cave,107,NORMAL
cave,108,NORMAL
cave,109,NORMAL
cave,110,NORMAL
cave,111,NORMAL
cave,112,NORMAL
cave,113,NORMAL
cave,114,NORMAL
cave,115,NORMAL
cave,116,NORMAL
cave,117,NORMAL
cave,118,NORMAL
cave,119,NORMAL
cave,120,NORMAL
cave,121,NORMAL
cave,122,NORMAL
cave,123,NORMAL
cave,124,NORMAL
cave,125,NORMAL
cave,126,NORMAL
cave,127,NORMAL
cave,128,NORMAL
cave,129,NORMAL
cave,130,NORMAL
cave,131,NORMAL
cave,132,NORMAL
cave,133,NORMAL
cave,134,NORMAL
cave,135,NORMAL
cave,136,NORMAL
cave,137,NORMAL
cave,138,NORMAL
cave,139,NORMAL
cave,140,NORMAL
cave,141,NORMAL
cave,142,NORMAL
cave,143,NORMAL
cave,144,NORMAL
cave,145,NORMAL
cave,146,NORMAL
cave,147,NORMAL
cave,148,NORMAL
cave,149,NORMAL
cave,150,NORMAL
cave,151,NORMAL
cave,152,NORMAL
cave,153,NORMAL
cave,154,NORMAL
cave,155,NORMAL
cave,156,NORMAL
cave,157,NORMAL
cave,158,NORMAL
cave,159,NORMAL
cave,160,NORMAL
cave,161,NORMAL
cave,162,NORMAL
cave,163,NORMAL
cave,164,NORMAL
cave,165,NORMAL
cave,166,NORMAL
cave,167,NORMAL
cave,168,NORMAL
cave,169,NORMAL
cave,170,NORMAL
cave,171,NORMAL
cave,172,NORMAL
cave,173,NORMAL
cave,174,NORMAL
cave,175,NORMAL
cave,176,NORMAL
cave,177,NORMAL
cave,178,NORMAL
cave,179,NORMAL
cave,180,NORMAL
cave,181,NORMAL
cave,182,NORMAL
cave,183,NORMAL
cave,184,NORMAL
cave,185,NORMAL
cave,186,NORMAL
cave,187,NORMAL
cave,188,NORMAL
cave,189,NORMAL
cave,190,NORMAL
cave,191,NORMAL
cave,192,NORMAL
cave,193,NORMAL
cave,194,NORMAL
cave,195,NORMAL
cave,196,NORMAL
cave,197,NORMAL
cave,198,NORMAL
cave,199,NORMAL
cave,200,NORMAL
cave,201,NORMAL
cave,202,NORMAL
cave,203,NORMAL
cave,204,NORMAL
cave,205,NORMAL
cave,206,NORMAL
cave,207,NORMAL
cave,208,NORMAL
cave,209,NORMAL
cave,210,NORMAL
cave,211,NORMAL
cave,212,NORMAL
cave,213,NORMAL
cave,214,NORMAL
cave,215,NORMAL
cave,216,NORMAL
cave,217,NORMAL
cave,218,NORMAL
cave,219,NORMAL
cave,220,NORMAL
cave,221,NORMAL
cave,222,NORMAL
cave,223,NORMAL
cave,224,NORMAL
cave,225,NORMAL
cave,226,NORMAL
cave,227,NORMAL
cave,228,NORMAL
cave,229,NORMAL
cave,230,NORMAL
cave,231,NORMAL
cave,232,NORMAL
cave,233,NORMAL
cave,234,NORMAL
cave,235,NORMAL
cave,236,NORMAL
cave,237,NORMAL
cave,238,NORMAL
cave,239,NORMAL
cave,240,NORMAL
cave,241,NORMAL
cave,242,NORMAL
cave,243,NORMAL
cave,244,NORMAL
cave,245,NORMAL
cave,246,NORMAL
cave,247,NORMAL
cave,248,NORMAL
cave,249,NORMAL
cave,250,NORMAL
cave,251,NORMAL
cave,252,NORMAL
cave,253,NORMAL
cave,254,NORMAL
cave,255,NORMAL
cave,256,NORMAL
cave,257,NORMAL
cave,258,NORMAL
cave,259,NORMAL
cave,260,NORMAL
cave,261,NORMAL
cave,262,NORMAL
cave,263,NORMAL
cave,264,NORMAL
cave,265,NORMAL
cave,266,NORMAL
cave,267,NORMAL
cave,268,NORMAL
cave,269,NORMAL
cave,270,NORMAL
cave,271,NORMAL
cave,272,NORMAL
cave,273,NORMAL
cave,274,NORMAL
cave,275,NORMAL
cave,276,NORMAL
cave,277,NORMAL
cave,278,NORMAL
cave,279,NORMAL
cave,280,NORMAL
cave,281,NORMAL
cave,282,NORMAL
cave,283,NORMAL
cave,284,NORMAL
cave,285,NORMAL
cave,286,NORMAL
cave,287,NORMAL
cave,288,NORMAL
cave,289,NORMAL
cave,290,NORMAL
cave,291,NORMAL
cave,292,NORMAL
cave,293,NORMAL
cave,294,NORMAL
cave,295,NORMAL
cave,296,NORMAL
cave,297,NORMAL
cave,298,NORMAL
cave,299,NORMAL
cave,300,NORMAL
cave,301,NORMAL
cave,302,NORMAL
cave,303,NORMAL
cave,304,NORMAL
cave,305,NORMAL
cave,306,NORMAL
cave,307,NORMAL
cave,308,NORMAL
cave,309,NORMAL
cave,310,NORMAL
cave,311,NORMAL
cave,312,NORMAL
cave,313,NORMAL
cave,314,NORMAL
cave,315,NORMAL
cave,316,NORMAL
cave,317,NORMAL
cave,318,NORMAL
cave,319,NORMAL
cave,320,NORMAL
cave,321,NORMAL
cave,322,NORMAL
cave,323,NORMAL
cave,324,NORMAL
cave,325,NORMAL
cave,326,NORMAL
cave,327,NORMAL
cave,328,NORMAL
cave,329,NORMAL
cave,330,NORMAL
cave,331,NORMAL
cave,332,NORMAL
cave,333,NORMAL
cave,334,NORMAL
cave,335,NORMAL
cave,336,NORMAL
cave,337,NORMAL
cave,338,NORMAL
cave,339,NORMAL
cave,340,NORMAL
cave,341,NORMAL
cave,342,NORMAL
cave,343,NORMAL
cave,344,NORMAL
cave,345,NORMAL
cave,346,NORMAL
cave,347,NORMAL
cave,348,NORMAL
cave,349,NORMAL
cave,350,NORMAL
cave,351,NORMAL
cave,352,NORMAL
cave,353,NORMAL
cave,354,NORMAL
cave,355,NORMAL
cave,356,NORMAL
cave,357,NORMAL
cave,358,NORMAL
cave,359,NORMAL
cave,360,NORMAL
cave,361,NORMAL
cave,362,NORMAL
cave,363,NORMAL
cave,364,NORMAL
cave,365,NORMAL
cave,366,NORMAL
cave,367,NORMAL
cave,368,NORMAL
cave,369,NORMAL
cave,370,NORMAL
cave,371,NORMAL
cave,372,NORMAL
cave,373,NORMAL
cave,374,NORMAL
cave,375,NORMAL
cave,376,NORMAL
cave,377,NORMAL
cave,378,NORMAL
cave,379,NORMAL
cave,380,NORMAL
cave,381,NORMAL
cave,382,NORMAL
cave,383,NORMAL
cave,384,NORMAL
cave,385,NORMAL
cave,386,NORMAL
cave,387,NORMAL
cave,388,NORMAL
cave,389,NORMAL
cave,390,NORMAL
cave,391,NORMAL
cave,392,NORMAL
cave,393,NORMAL
cave,394,NORMAL
cave,395,NORMAL
cave,396,NORMAL
cave,397,NORMAL
cave,398,NORMAL
cave,399,NORMAL
cave,400,NORMAL
cave,401,NORMAL
cave,402,NORMAL
cave,403,NORMAL
cave,404,NORMAL
cave,405,NORMAL
cave,406,NORMAL
cave,407,NORMAL
cave,408,NORMAL
cave,409,NORMAL
cave,410,NORMAL
cave,411,NORMAL
cave,412,NORMAL
cave,413,NORMAL
dewford,0,NORMAL
dewford,1,NORMAL
dewford,2,NORMAL
dewford,3,NORMAL
dewford,4,NORMAL
dewford,5,NORMAL
dewford,6,NORMAL
dewford,7,NORMAL
dewford,8,NORMAL
dewford,9,NORMAL
dewford,10,NORMAL
dewford,11,NORMAL
dewford,12,NORMAL
dewford,13,NORMAL
dewford,14,NORMAL
dewford,15,NORMAL
dewford,16,NORMAL
dewford,17,NORMAL
dewford,18,NORMAL
dewford,19,NORMAL
dewford,20,NORMAL
dewford,21,NORMAL
dewford,22,NORMAL
dewford,23,NORMAL
dewford,24,NORMAL
dewford,25,NORMAL
dewford,26,NORMAL
dewford,27,NORMAL
dewford,28,NORMAL
dewford,29,NORMAL
dewford,30,NORMAL
dewford,31,NORMAL
dewford,32,NORMAL
dewford,33,NORMAL
dewford,34,NORMAL
dewford,35,NORMAL
dewford,36,NORMAL
dewford,37,NORMAL
dewford,38,NORMAL
dewford,39,NORMAL
dewford,40,NORMAL
dewford,41,NORMAL
dewford,42,NORMAL
dewford,43,NORMAL
dewford,44,NORMAL
dewford,45,NORMAL
dewford,46,NORMAL
dewford,47,NORMAL
dewford,48,NORMAL
dewford,49,NORMAL
dewford,50,NORMAL
dewford,51,NORMAL
dewford,52,NORMAL
dewford,53,NORMAL
dewford,54,NORMAL
dewford,55,NORMAL
dewford,56,NORMAL
dewford,57,NORMAL
dewford,58,NORMAL
dewford,59,NORMAL
dewford,60,NORMAL
dewford,61,NORMAL
dewford,62,NORMAL
dewford,63,NORMAL
dewford,64,NORMAL
dewford,65,NORMAL
dewford,66,NORMAL
dewford,67,NORMAL
dewford,68,NORMAL
dewford,69,NORMAL
dewford,70,NORMAL
dewford,71,NORMAL
dewford,72,NORMAL
dewford,73,NORMAL
dewford,74,NORMAL
dewford,75,NORMAL
dewford,76,NORMAL
dewford,77,NORMAL
dewford,78,NORMAL
dewford,79,NORMAL
dewford,80,NORMAL
dewford,81,NORMAL
dewford,82,NORMAL
dewford,83,NORMAL
dewford,84,NORMAL
dewford,85,NORMAL
dewford,86,NORMAL
dewford,87,NORMAL
dewford,88,NORMAL
dewford,89,NORMAL
dewford,90,NORMAL
dewford,91,NORMAL
dewford,92,NORMAL
dewford,93,NORMAL
dewford,94,NORMAL
dewford,95,NORMAL
dewford,96,NORMAL
dewford,97,NORMAL
dewford,98,NORMAL
dewford,99,NORMAL
dewford,100,NORMAL
dewford,101,NORMAL
dewford,102,NORMAL
dewford,103,NORMAL
dewford,104,NORMAL
dewford,105,NORMAL
dewford,106,NORMAL
dewford,107,NORMAL
dewford,108,NORMAL
dewford,109,NORMAL
dewford,110,NORMAL
dewford,111,NORMAL
dewford,112,NORMAL
dewford,113,NORMAL
dewford,114,NORMAL
dewford,115,NORMAL
dewford,116,NORMAL
dewford,117,NORMAL
dewford,118,NORMAL
dewford,119,NORMAL
dewford,120,NORMAL
dewford,121,NORMAL
dewford,122,NORMAL
dewford,123,NORMAL
dewford,124,NORMAL
dewford,125,NORMAL
dewford,126,NORMAL
dewford,127,NORMAL
dewford,128,NORMAL
dewford,129,NORMAL
dewford,130,NORMAL
dewford,131,NORMAL
dewford,132,NORMAL
dewford,133,NORMAL
dewford,134,NORMAL
dewford,135,NORMAL
dewford,136,NORMAL
dewford,137,NORMAL
dewford,138,NORMAL
dewford,139,NORMAL
dewford,140,NORMAL
dewford,141,NORMAL
dewford,142,NORMAL
dewford,143,NORMAL
dewford,144,NORMAL
dewford,145,NORMAL
dewford,146,NORMAL
dewford,147,NORMAL
dewford,148,NORMAL
dewford,149,NORMAL
dewford,150,NORMAL
dewford,151,NORMAL
dewford,152,NORMAL
dewford,153,NORMAL
dewford,154,NORMAL
dewford,155,NORMAL
dewford,156,NORMAL
dewford,157,NORMAL
dewford,158,NORMAL
dewford,159,NORMAL
dewford,160,NORMAL
dewford,161,NORMAL
dewford,162,NORMAL
dewford,163,NORMAL
dewford,164,NORMAL
dewford,165,NORMAL
dewford,166,NORMAL
dewford,167,NORMAL
dewford,168,NORMAL
dewford,169,NORMAL
dewford,170,NORMAL
dewford,171,NORMAL
dewford,172,NORMAL
dewford,173,NORMAL
dewford,174,NORMAL
dewford,175,NORMAL
dewford,176,NORMAL
dewford,177,NORMAL
dewford,178,NORMAL
dewford,179,NORMAL
dewford,180,NORMAL
dewford,181,NORMAL
dewford,182,NORMAL
dewford,183,NORMAL
dewford,184,NORMAL
dewford,185,NORMAL
dewford,186,NORMAL
dewford,187,NORMAL
dewford,188,NORMAL
dewford,189,NORMAL
dewford,190,NORMAL
dewford,191,NORMAL
dewford,192,NORMAL
dewford,193,NORMAL
dewford,194,NORMAL
dewford,195,NORMAL
dewford,196,NORMAL
dewford,197,NORMAL
dewford,198,NORMAL
dewford,199,NORMAL
dewford,200,NORMAL
dewford,201,NORMAL
dewford,202,NORMAL
dewford,203,NORMAL
dewford,204,NORMAL
dewford,205,NORMAL
dewford,206,NORMAL
dewford,207,NORMAL
dewford,208,NORMAL
dewford,209,NORMAL
dewford,210,NORMAL
dewford,211,NORMAL
dewford,212,NORMAL
dewford,213,NORMAL
dewford,214,NORMAL
dewford,215,NORMAL
dewford,216,NORMAL
dewford,217,NORMAL
dewford,218,NORMAL
dewford,219,NORMAL
dewford,220,NORMAL
dewford,221,NORMAL
dewford,222,NORMAL
dewford,223,NORMAL
dewford,224,NORMAL
dewford,225,NORMAL
dewford,226,NORMAL
dewford,227,NORMAL
dewford,228,NORMAL
dewford,229,NORMAL
dewford,230,NORMAL
dewford,231,NORMAL
dewford,232,NORMAL
dewford,233,NORMAL
dewford,234,NORMAL
dewford,235,NORMAL
dewford,236,NORMAL
dewford,237,NORMAL
dewford,238,NORMAL
dewford,239,NORMAL
dewford,240,NORMAL
dewford,241,NORMAL
dewford,242,NORMAL
dewford,243,NORMAL
dewford,244,NORMAL
dewford,245,NORMAL
dewford,246,NORMAL
dewford,247,NORMAL
dewford,248,NORMAL
dewford,249,NORMAL
dewford,250,NORMAL
dewford,251,NORMAL
dewford,252,NORMAL
dewford,253,NORMAL
dewford,254,NORMAL
dewford,255,NORMAL
dewford,256,NORMAL
dewford,257,NORMAL
dewford,258,NORMAL
dewford,259,NORMAL
dewford,260,NORMAL
dewford,261,NORMAL
dewford,262,NORMAL
dewford,263,NORMAL
dewford,264,NORMAL
dewford,265,NORMAL
dewford,266,NORMAL
dewford,267,NORMAL
dewford,268,NORMAL
dewford,269,NORMAL
dewford,270,NORMAL
dewford,271,NORMAL
dewford,272,NORMAL
dewford,273,NORMAL
dewford,274,NORMAL
dewford,275,NORMAL
dewford,276,NORMAL
dewford,277,NORMAL
dewford,278,NORMAL
dewford,279,NORMAL
dewford,280,NORMAL
dewford,281,NORMAL
dewford,282,NORMAL
dewford,283,NORMAL
dewford,284,NORMAL
dewford,285,NORMAL
dewford,286,NORMAL
dewford,287,NORMAL
dewford,288,NORMAL
dewford,289,NORMAL
dewford,290,NORMAL
dewford,291,NORMAL
dewford,292,NORMAL
dewford,293,NORMAL
dewford,294,NORMAL
dewford,295,NORMAL
dewford,296,NORMAL
dewford,297,NORMAL
dewford,298,NORMAL
dewford,299,NORMAL
dewford,300,NORMAL
dewford,301,NORMAL
dewford,302,NORMAL
dewford,303,NORMAL
dewford,304,NORMAL
dewford,305,NORMAL
dewford,306,NORMAL
dewford,307,NORMAL
dewford,308,NORMAL
dewford,309,NORMAL
dewford,310,NORMAL
dewford,311,NORMAL
dewford,312,NORMAL
dewford,313,NORMAL
dewford,314,NORMAL
dewford,315,NORMAL
dewford,316,NORMAL
dewford,317,NORMAL
dewford,318,NORMAL
dewford,319,NORMAL
dewford,320,NORMAL
dewford,321,NORMAL
dewford,322,NORMAL
dewford,323,NORMAL
dewford,324,NORMAL
dewford,325,NORMAL
dewford,326,NORMAL
dewford,327,NORMAL
dewford,328,NORMAL
dewford,329,NORMAL
dewford,330,NORMAL
dewford,331,NORMAL
dewford,332,NORMAL
dewford,333,NORMAL
dewford,334,NORMAL
dewford,335,NORMAL
dewford,336,NORMAL
dewford,337,NORMAL
dewford,338,NORMAL
dewford,339,NORMAL
dewford,340,NORMAL
dewford,341,NORMAL
dewford,342,NORMAL
dewford,343,NORMAL
dewford,344,NORMAL
dewford,345,NORMAL
dewford,346,NORMAL
dewford,347,NORMAL
dewford,348,NORMAL
dewford,349,NORMAL
dewford,350,NORMAL
dewford,351,NORMAL
dewford,352,NORMAL
dewford,353,NORMAL
dewford,354,NORMAL
dewford,355,NORMAL
dewford,356,NORMAL
dewford,357,NORMAL
dewford,358,NORMAL
dewford,359,NORMAL
dewford,360,NORMAL
dewford,361,NORMAL
dewford,362,NORMAL
dewford,363,NORMAL
dewford,364,NORMAL
dewford,365,NORMAL
dewford,366,NORMAL
dewford,367,NORMAL
dewford,368,NORMAL
dewford,369,NORMAL
dewford,370,NORMAL
dewford,371,NORMAL
dewford,372,NORMAL
dewford,373,NORMAL
dewford,374,NORMAL
dewford,375,NORMAL
dewford,376,NORMAL
dewford,377,NORMAL
dewford,378,NORMAL
twinleaf_player,0,NORMAL
twinleaf_player,1,NORMAL
twinleaf_player,2,NORMAL
twinleaf_player,3,NORMAL
twinleaf_player,4,NORMAL
twinleaf_player,5,NORMAL
twinleaf_player,6,NORMAL
twinleaf_player,7,NORMAL
twinleaf_player,8,NORMAL
twinleaf_player,9,NORMAL
twinleaf_player,10,NORMAL
twinleaf_player,11,NORMAL
twinleaf_player,12,NORMAL
twinleaf_player,13,NORMAL
twinleaf_player,14,NORMAL
twinleaf_player,15,NORMAL
twinleaf_player,16,NORMAL
twinleaf_player,17,NORMAL
twinleaf_player,18,NORMAL
twinleaf_player,19,NORMAL
twinleaf_player,20,NORMAL
twinleaf_player,21,NORMAL
twinleaf_player,22,NORMAL
twinleaf_player,23,NORMAL
twinleaf_player,24,NORMAL
twinleaf_player,25,NORMAL
twinleaf_player,26,NORMAL
twinleaf_player,27,NORMAL
twinleaf_player,28,NORMAL
twinleaf_player,29,NORMAL
twinleaf_player,30,NORMAL
twinleaf_player,31,NORMAL
twinleaf_player,32,NORMAL
twinleaf_player,33,NORMAL
twinleaf_player,34,NORMAL
twinleaf_player,35,NORMAL
twinleaf_player,36,NORMAL
twinleaf_player,37,NORMAL
twinleaf_player,38,NORMAL
twinleaf_player,39,NORMAL
twinleaf_player,40,NORMAL
twinleaf_player,41,NORMAL
twinleaf_player,42,NORMAL
twinleaf_player,43,NORMAL
twinleaf_player,44,NORMAL
twinleaf_player,45,NORMAL
twinleaf_player,46,NORMAL
twinleaf_player,47,NORMAL
twinleaf_player,48,NORMAL
twinleaf_player,49,NORMAL
twinleaf_player,50,NORMAL
twinleaf_player,51,NORMAL
twinleaf_player,52,NORMAL
twinleaf_player,53,NORMAL
twinleaf_player,54,NORMAL
twinleaf_player,55,NORMAL
twinleaf_player,56,NORMAL
twinleaf_player,57,NORMAL
twinleaf_player,58,NORMAL
twinleaf_player,59,NORMAL
twinleaf_player,60,NORMAL
twinleaf_player,61,NORMAL
twinleaf_player,62,NORMAL
twinleaf_player,63,NORMAL
twinleaf_player,64,NORMAL
twinleaf_player,65,NORMAL
twinleaf_player,66,NORMAL
twinleaf_player,67,NORMAL
twinleaf_player,68,NORMAL
twinleaf_player,69,NORMAL
twinleaf_player,70,NORMAL
twinleaf_player,71,NORMAL
twinleaf_player,72,NORMAL
twinleaf_player,73,NORMAL
twinleaf_player,74,NORMAL
twinleaf_player,75,NORMAL
twinleaf_player,76,NORMAL
twinleaf_player,77,NORMAL
twinleaf_player,78,NORMAL
twinleaf_player,79,NORMAL
twinleaf_player,80,NORMAL
twinleaf_player,81,NORMAL
twinleaf_player,82,NORMAL
twinleaf_player,83,NORMAL
twinleaf_player,84,NORMAL
twinleaf_player,85,NORMAL
twinleaf_player,86,NORMAL
twinleaf_player,87,NORMAL
twinleaf_player,88,NORMAL
twinleaf_player,89,NORMAL
twinleaf_player,90,NORMAL
twinleaf_player,91,NORMAL
twinleaf_player,92,NORMAL
twinleaf_player,93,NORMAL
twinleaf_player,94,NORMAL
twinleaf_player,95,NORMAL
twinleaf_player,96,NORMAL
twinleaf_player,97,NORMAL
twinleaf_player,98,NORMAL
twinleaf_player,99,NORMAL
twinleaf_player,100,NORMAL
twinleaf_player,101,NORMAL
twinleaf_player,102,NORMAL
twinleaf_player,103,NORMAL
twinleaf_player,104,NORMAL
twinleaf_player,105,NORMAL
twinleaf_player,106,NORMAL
twinleaf_player,107,NORMAL
twinleaf_player,108,NORMAL
twinleaf_player,109,NORMAL
twinleaf_player,110,NORMAL
twinleaf_player,111,NORMAL
twinleaf_player,112,NORMAL
twinleaf_player,113,NORMAL
twinleaf_player,114,NORMAL
twinleaf_player,115,NORMAL
twinleaf_player,116,NORMAL
twinleaf_player,117,NORMAL
twinleaf_player,118,NORMAL
twinleaf_player,119,NORMAL
twinleaf_player,120,NORMAL
twinleaf_player,121,NORMAL
twinleaf_player,122,NORMAL
twinleaf_player,123,NORMAL
twinleaf_player,124,NORMAL
twinleaf_player,125,NORMAL
twinleaf_player,126,NORMAL
twinleaf_player,127,NORMAL
rusturf_tunnel,0,NORMAL
rusturf_tunnel,1,NORMAL
rusturf_tunnel,2,NORMAL
rusturf_tunnel,3,NORMAL
rusturf_tunnel,4,NORMAL
rusturf_tunnel,5,NORMAL
rusturf_tunnel,6,NORMAL
rusturf_tunnel,7,NORMAL
rusturf_tunnel,8,NORMAL
rusturf_tunnel,9,NORMAL
rusturf_tunnel,10,NORMAL
rusturf_tunnel,11,NORMAL
rusturf_tunnel,12,NORMAL
rusturf_tunnel,13,NORMAL
rusturf_tunnel,14,NORMAL
rusturf_tunnel,15,NORMAL
rusturf_tunnel,16,NORMAL
rusturf_tunnel,17,NORMAL
rusturf_tunnel,18,NORMAL
rusturf_tunnel,19,NORMAL
rusturf_tunnel,20,NORMAL
rusturf_tunnel,21,NORMAL
rusturf_tunnel,22,NORMAL
rusturf_tunnel,23,NORMAL
rusturf_tunnel,24,NORMAL
rusturf_tunnel,25,NORMAL
rusturf_tunnel,26,NORMAL
rusturf_tunnel,27,NORMAL
rusturf_tunnel,28,NORMAL
rusturf_tunnel,29,NORMAL
rusturf_tunnel,30,NORMAL
rusturf_tunnel,31,NORMAL
rusturf_tunnel,32,NORMAL
rusturf_tunnel,33,NORMAL
rusturf_tunnel,34,NORMAL
rusturf_tunnel,35,NORMAL
rusturf_tunnel,36,NORMAL
rusturf_tunnel,37,NORMAL
rusturf_tunnel,38,NORMAL
rusturf_tunnel,39,NORMAL
rusturf_tunnel,40,NORMAL
rusturf_tunnel,41,NORMAL
rusturf_tunnel,42,NORMAL
rusturf_tunnel,43,NORMAL
rusturf_tunnel,44,NORMAL
rusturf_tunnel,45,NORMAL
rusturf_tunnel,46,NORMAL
rusturf_tunnel,47,NORMAL
rusturf_tunnel,48,NORMAL
rusturf_tunnel,49,NORMAL
rusturf_tunnel,50,NORMAL
rusturf_tunnel,51,NORMAL
rusturf_tunnel,52,NORMAL
rusturf_tunnel,53,NORMAL
rusturf_tunnel,54,NORMAL
rusturf_tunnel,55,NORMAL
rusturf_tunnel,56,NORMAL
rusturf_tunnel,57,NORMAL
rusturf_tunnel,58,NORMAL
rusturf_tunnel,59,NORMAL
rusturf_tunnel,60,NORMAL
rusturf_tunnel,61,NORMAL
rusturf_tunnel,62,NORMAL
rusturf_tunnel,63,NORMAL
rusturf_tunnel,64,NORMAL
rusturf_tunnel,65,NORMAL
rusturf_tunnel,66,NORMAL
rusturf_tunnel,67,NORMAL
rusturf_tunnel,68,NORMAL
rusturf_tunnel,69,NORMAL
rusturf_tunnel,70,NORMAL
rusturf_tunnel,71,NORMAL
rusturf_tunnel,72,NORMAL
rusturf_tunnel,73,NORMAL
rusturf_tunnel,74,NORMAL
rusturf_tunnel,75,NORMAL
rusturf_tunnel,76,NORMAL
rusturf_tunnel,77,NORMAL
rusturf_tunnel,78,NORMAL
rusturf_tunnel,79,NORMAL
rusturf_tunnel,80,NORMAL
rusturf_tunnel,81,NORMAL
rusturf_tunnel,82,NORMAL
oreburgh_mine,0,NORMAL
oreburgh_mine,1,NORMAL
oreburgh_mine,2,NORMAL
oreburgh_mine,3,NORMAL
oreburgh_mine,4,NORMAL
oreburgh_mine,5,NORMAL
oreburgh_mine,6,NORMAL
oreburgh_mine,7,NORMAL
oreburgh_mine,8,NORMAL
oreburgh_mine,9,NORMAL
oreburgh_mine,10,NORMAL
oreburgh_mine,11,NORMAL
oreburgh_mine,12,NORMAL
oreburgh_mine,13,NORMAL
oreburgh_mine,14,NORMAL
oreburgh_mine,15,NORMAL
oreburgh_mine,16,NORMAL
oreburgh_mine,17,NORMAL
oreburgh_mine,18,NORMAL
oreburgh_mine,19,NORMAL
oreburgh_mine,20,NORMAL
oreburgh_mine,21,NORMAL
oreburgh_mine,22,NORMAL
oreburgh_mine,23,NORMAL
oreburgh_mine,24,NORMAL
oreburgh_mine,25,NORMAL
oreburgh_mine,26,NORMAL
oreburgh_mine,27,NORMAL
oreburgh_mine,28,NORMAL
oreburgh_mine,29,NORMAL
oreburgh_mine,30,NORMAL
oreburgh_mine,31,NORMAL
oreburgh_mine,32,NORMAL
oreburgh_mine,33,NORMAL
oreburgh_mine,34,NORMAL
oreburgh_mine,35,NORMAL
oreburgh_mine,36,NORMAL
oreburgh_mine,37,NORMAL
oreburgh_mine,38,NORMAL
oreburgh_mine,39,NORMAL
oreburgh_mine,40,NORMAL
oreburgh_mine,41,NORMAL
oreburgh_mine,42,NORMAL
oreburgh_mine,43,NORMAL
oreburgh_mine,44,NORMAL
oreburgh_mine,45,NORMAL
oreburgh_mine,46,NORMAL
oreburgh_mine,47,NORMAL
oreburgh_mine,48,NORMAL
oreburgh_mine,49,NORMAL
oreburgh_mine,50,NORMAL
oreburgh_mine,51,NORMAL
oreburgh_mine,52,NORMAL
oreburgh_mine,53,NORMAL
oreburgh_mine,54,NORMAL
oreburgh_mine,55,NORMAL
oreburgh_mine,56,NORMAL
oreburgh_mine,57,NORMAL
oreburgh_mine,58,NORMAL
oreburgh_mine,59,NORMAL
oreburgh_mine,60,NORMAL
oreburgh_mine,61,NORMAL
oreburgh_mine,62,NORMAL
oreburgh_mine,63,NORMAL
oreburgh_mine,64,NORMAL
oreburgh_mine,65,NORMAL
oreburgh_mine,66,NORMAL
oreburgh_mine,67,NORMAL
oreburgh_mine,68,NORMAL
oreburgh_mine,69,NORMAL
oreburgh_mine,70,NORMAL
oreburgh_mine,71,NORMAL
oreburgh_mine,72,NORMAL
oreburgh_mine,73,NORMAL
oreburgh_mine,74,NORMAL
oreburgh_mine,75,NORMAL
oreburgh_mine,76,NORMAL
oreburgh_mine,77,NORMAL
oreburgh_mine,78,NORMAL
oreburgh_mine,79,NORMAL
oreburgh_mine,80,NORMAL
oreburgh_mine,81,NORMAL
oreburgh_mine,82,NORMAL
oreburgh_mine,83,NORMAL
oreburgh_mine,84,NORMAL
oreburgh_mine,85,NORMAL
oreburgh_mine,86,NORMAL
oreburgh_mine,87,NORMAL
oreburgh_mine,88,NORMAL
oreburgh_mine,89,NORMAL
oreburgh_mine,90,NORMAL
oreburgh_mine,91,NORMAL
oreburgh_mine,92,NORMAL
oreburgh_mine,93,NORMAL
oreburgh_mine,94,NORMAL
oreburgh_mine,95,NORMAL
oreburgh_mine,96,NORMAL
oreburgh_mine,97,NORMAL
oreburgh_mine,98,NORMAL
oreburgh_mine,99,NORMAL
oreburgh_mine,100,NORMAL
oreburgh_mine,101,NORMAL
oreburgh_mine,102,NORMAL
oreburgh_mine,103,NORMAL
oreburgh_mine,104,NORMAL
oreburgh_mine,105,NORMAL
oreburgh_mine,106,NORMAL
oreburgh_mine,107,NORMAL
oreburgh_mine,108,NORMAL
oreburgh_mine,109,NORMAL
oreburgh_mine,110,NORMAL
oreburgh_mine,111,NORMAL
oreburgh_mine,112,NORMAL
oreburgh_mine,113,NORMAL
oreburgh_mine,114,NORMAL
oreburgh_mine,115,NORMAL
oreburgh_mine,116,NORMAL
oreburgh_mine,117,NORMAL
oreburgh_mine,118,NORMAL
oreburgh_mine,119,NORMAL
oreburgh_mine,120,NORMAL
oreburgh_mine,121,NORMAL
oreburgh_mine,122,NORMAL
oreburgh_mine,123,NORMAL
oreburgh_mine,124,NORMAL
oreburgh_mine,125,NORMAL
oreburgh_mine,126,NORMAL
oreburgh_mine,127,NORMAL
oreburgh_mine,128,NORMAL
oreburgh_mine,129,NORMAL
oreburgh_mine,130,NORMAL
oreburgh_mine,131,NORMAL
oreburgh_mine,132,NORMAL
oreburgh_mine,133,NORMAL
oreburgh_mine,134,NORMAL
oreburgh_mine,135,NORMAL
oreburgh_mine,136,NORMAL
oreburgh_mine,137,NORMAL
oreburgh_mine,138,NORMAL
oreburgh_mine,139,NORMAL
oreburgh_mine,140,NORMAL
oreburgh_mine,141,NORMAL
oreburgh_mine,142,NORMAL
oreburgh_mine,143,NORMAL
oreburgh_mine,144,NORMAL
oreburgh_mine,145,NORMAL
oreburgh_mine,146,NORMAL
oreburgh_mine,147,NORMAL
oreburgh_mine,148,NORMAL
oreburgh_mine,149,NORMAL
oreburgh_mine,150,NORMAL
oreburgh_mine,151,NORMAL
oreburgh_mine,152,NORMAL
oreburgh_mine,153,NORMAL
oreburgh_mine,154,NORMAL
oreburgh_mine,155,NORMAL
oreburgh_mine,156,NORMAL
oreburgh_mine,157,NORMAL
oreburgh_mine,158,NORMAL
oreburgh_mine,159,NORMAL
oreburgh_mine,160,NORMAL
oreburgh_mine,161,NORMAL
oreburgh_mine,162,NORMAL
oreburgh_mine,163,NORMAL
oreburgh_mine,164,NORMAL
oreburgh_mine,165,NORMAL
oreburgh_mine,166,NORMAL
oreburgh_mine,167,NORMAL
oreburgh_mine,168,NORMAL
oreburgh_mine,169,NORMAL
oreburgh_mine,170,NORMAL
oreburgh_mine,171,NORMAL
oreburgh_mine,172,NORMAL
oreburgh_mine,173,NORMAL
oreburgh_mine,174,NORMAL
oreburgh_mine,175,NORMAL
oreburgh_mine,176,NORMAL
oreburgh_mine,177,NORMAL
oreburgh_mine,178,NORMAL
oreburgh_mine,179,NORMAL
oreburgh_mine,180,NORMAL
oreburgh_mine,181,NORMAL
oreburgh_mine,182,NORMAL
oreburgh_mine,183,NORMAL
oreburgh_mine,184,NORMAL
oreburgh_mine,185,NORMAL
oreburgh_mine,186,NORMAL
oreburgh_mine,187,NORMAL
oreburgh_mine,188,NORMAL
oreburgh_mine,189,NORMAL
oreburgh_mine,190,NORMAL
oreburgh_mine,191,NORMAL
oreburgh_mine,192,NORMAL
oreburgh_mine,193,NORMAL
oreburgh_mine,194,NORMAL
oreburgh_mine,195,NORMAL
oreburgh_mine,196,NORMAL
oreburgh_mine,197,NORMAL
oreburgh_mine,198,NORMAL
oreburgh_mine,199,NORMAL
oreburgh_mine,200,NORMAL
oreburgh_mine,201,NORMAL
oreburgh_mine,202,NORMAL
oreburgh_mine,203,NORMAL
oreburgh_mine,204,NORMAL
oreburgh_mine,205,NORMAL
oreburgh_mine,206,NORMAL
oreburgh_mine,207,NORMAL
oreburgh_mine,208,NORMAL
oreburgh_mine,209,NORMAL
oreburgh_mine,210,NORMAL
oreburgh_mine,211,NORMAL
oreburgh_mine,212,NORMAL
oreburgh_mine,213,NORMAL
oreburgh_mine,214,NORMAL
oreburgh_mine,215,NORMAL
oreburgh_mine,216,NORMAL
oreburgh_mine,217,NORMAL
oreburgh_mine,218,NORMAL
oreburgh_mine,219,NORMAL
oreburgh_mine,220,NORMAL
oreburgh_mine,221,NORMAL
oreburgh_mine,222,NORMAL
oreburgh_mine,223,NORMAL
oreburgh_mine,224,NORMAL
oreburgh_mine,225,NORMAL
oreburgh_mine,226,NORMAL
oreburgh_mine,227,NORMAL
oreburgh_mine,228,NORMAL
oreburgh_mine,229,NORMAL
oreburgh_mine,230,NORMAL
oreburgh_mine,231,NORMAL
oreburgh_mine,232,NORMAL
oreburgh_mine,233,NORMAL
oreburgh_mine,234,NORMAL
oreburgh_mine,235,NORMAL
oreburgh_mine,236,NORMAL
oreburgh_mine,237,NORMAL
oreburgh_mine,238,NORMAL
oreburgh_mine,239,NORMAL
oreburgh_mine,240,NORMAL
oreburgh_mine,241,NORMAL
oreburgh_mine,242,NORMAL
oreburgh_mine,243,NORMAL
oreburgh_mine,244,NORMAL
oreburgh_mine,245,NORMAL
oreburgh_mine,246,NORMAL
oreburgh_mine,247,NORMAL
oreburgh_mine,248,NORMAL
oreburgh_mine,249,NORMAL
oreburgh_mine,250,NORMAL
oreburgh_mine,251,NORMAL
oreburgh_mine,252,NORMAL
oreburgh_mine,253,NORMAL
oreburgh_mine,254,NORMAL
oreburgh_mine,255,NORMAL
oreburgh_north,0,NORMAL
oreburgh_north,1,NORMAL
oreburgh_north,2,NORMAL
oreburgh_north,3,NORMAL
oreburgh_north,4,NORMAL
oreburgh_north,5,NORMAL
oreburgh_north,6,NORMAL
oreburgh_north,7,NORMAL
oreburgh_north,8,NORMAL
oreburgh_north,9,NORMAL
oreburgh_north,10,NORMAL
oreburgh_north,11,NORMAL
oreburgh_north,12,NORMAL
oreburgh_north,13,NORMAL
oreburgh_north,14,NORMAL
oreburgh_north,15,NORMAL
oreburgh_north,16,NORMAL
oreburgh_north,17,NORMAL
oreburgh_north,18,NORMAL
oreburgh_north,19,NORMAL
oreburgh_north,20,NORMAL
oreburgh_north,21,NORMAL
oreburgh_north,22,NORMAL
oreburgh_north,23,NORMAL
oreburgh_north,24,NORMAL
oreburgh_north,25,NORMAL
oreburgh_north,26,NORMAL
oreburgh_north,27,NORMAL
oreburgh_north,28,NORMAL
oreburgh_north,29,NORMAL
oreburgh_north,30,NORMAL
oreburgh_north,31,NORMAL
oreburgh_north,32,NORMAL
oreburgh_north,33,NORMAL
oreburgh_north,34,NORMAL
oreburgh_north,35,NORMAL
oreburgh_north,36,NORMAL
oreburgh_north,37,NORMAL
oreburgh_north,38,NORMAL
oreburgh_north,39,NORMAL
oreburgh_north,40,NORMAL
oreburgh_north,41,NORMAL
oreburgh_north,42,NORMAL
oreburgh_north,43,NORMAL
oreburgh_north,44,NORMAL
oreburgh_north,45,NORMAL
oreburgh_north,46,NORMAL
oreburgh_north,47,NORMAL
oreburgh_north,48,NORMAL
oreburgh_north,49,NORMAL
oreburgh_north,50,NORMAL
oreburgh_north,51,NORMAL
oreburgh_north,52,NORMAL
oreburgh_north,53,NORMAL
oreburgh_north,54,NORMAL
oreburgh_north,55,NORMAL
oreburgh_north,56,NORMAL
oreburgh_north,57,NORMAL
oreburgh_north,58,NORMAL
oreburgh_north,59,NORMAL
oreburgh_north,60,NORMAL
oreburgh_north,61,NORMAL
oreburgh_north,62,NORMAL
oreburgh_north,63,NORMAL
oreburgh_north,64,NORMAL
oreburgh_north,65,NORMAL
oreburgh_north,66,NORMAL
oreburgh_north,67,NORMAL
oreburgh_north,68,NORMAL
oreburgh_north,69,NORMAL
oreburgh_north,70,NORMAL
oreburgh_north,71,NORMAL
oreburgh_north,72,NORMAL
oreburgh_north,73,NORMAL
oreburgh_north,74,NORMAL
oreburgh_north,75,NORMAL
oreburgh_north,76,NORMAL
oreburgh_north,77,NORMAL
oreburgh_north,78,NORMAL
oreburgh_north,79,NORMAL
oreburgh_north,80,NORMAL
oreburgh_north,81,NORMAL
oreburgh_north,82,NORMAL
oreburgh_north,83,NORMAL
oreburgh_north,84,NORMAL
oreburgh_north,85,NORMAL
oreburgh_north,86,NORMAL
oreburgh_north,87,NORMAL
oreburgh_north,88,NORMAL
oreburgh_north,89,NORMAL
oreburgh_north,90,NORMAL
oreburgh_north,91,NORMAL
oreburgh_north,92,NORMAL
oreburgh_north,93,NORMAL
oreburgh_north,94,NORMAL
oreburgh_north,95,NORMAL
oreburgh_north,96,NORMAL
oreburgh_north,97,NORMAL
oreburgh_north,98,NORMAL
oreburgh_north,99,NORMAL
oreburgh_north,100,NORMAL
oreburgh_north,101,NORMAL
oreburgh_north,102,NORMAL
oreburgh_north,103,NORMAL
oreburgh_north,104,NORMAL
oreburgh_north,105,NORMAL
oreburgh_north,106,NORMAL
oreburgh_north,107,NORMAL
oreburgh_north,108,NORMAL
oreburgh_north,109,NORMAL
oreburgh_north,110,NORMAL
oreburgh_north,111,NORMAL
oreburgh_north,112,NORMAL
oreburgh_north,113,NORMAL
oreburgh_north,114,NORMAL
oreburgh_north,115,NORMAL
oreburgh_north,116,NORMAL
oreburgh_north,117,NORMAL
oreburgh_north,118,NORMAL
oreburgh_north,119,NORMAL
oreburgh_north,120,NORMAL
oreburgh_north,121,NORMAL
oreburgh_north,122,NORMAL
oreburgh_north,123,NORMAL
oreburgh_north,124,NORMAL
oreburgh_north,125,NORMAL
oreburgh_north,126,NORMAL
oreburgh_north,127,NORMAL
oreburgh_north,128,NORMAL
oreburgh_north,129,NORMAL
oreburgh_north,130,NORMAL
oreburgh_north,131,NORMAL
oreburgh_north,132,NORMAL
oreburgh_north,133,NORMAL
oreburgh_north,134,NORMAL
oreburgh_north,135,NORMAL
oreburgh_north,136,NORMAL
oreburgh_north,137,NORMAL
oreburgh_north,138,NORMAL
oreburgh_north,139,NORMAL
oreburgh_north,140,NORMAL
oreburgh_north,141,NORMAL
oreburgh_north,142,NORMAL
oreburgh_north,143,NORMAL
oreburgh_north,144,NORMAL
oreburgh_north,145,NORMAL
oreburgh_north,146,NORMAL
oreburgh_north,147,NORMAL
oreburgh_north,148,NORMAL
oreburgh_north,149,NORMAL
oreburgh_north,150,NORMAL
oreburgh_north,151,NORMAL
oreburgh_north,152,NORMAL
oreburgh_north,153,NORMAL
oreburgh_north,154,NORMAL
oreburgh_north,155,NORMAL
oreburgh_north,156,NORMAL
oreburgh_north,157,NORMAL
oreburgh_north,158,NORMAL
oreburgh_north,159,NORMAL
oreburgh_north,160,NORMAL
oreburgh_north,161,NORMAL
oreburgh_north,162,NORMAL
oreburgh_north,163,NORMAL
oreburgh_north,164,NORMAL
oreburgh_north,165,NORMAL
oreburgh_north,166,NORMAL
oreburgh_north,167,NORMAL
oreburgh_north,168,NORMAL
oreburgh_north,169,NORMAL
oreburgh_north,170,NORMAL
oreburgh_north,171,NORMAL
oreburgh_north,172,NORMAL
oreburgh_north,173,NORMAL
oreburgh_north,174,NORMAL
oreburgh_north,175,NORMAL
oreburgh_north,176,NORMAL
oreburgh_north,177,NORMAL
oreburgh_north,178,NORMAL
oreburgh_north,179,NORMAL
oreburgh_north,180,NORMAL
oreburgh_north,181,NORMAL
oreburgh_north,182,NORMAL
oreburgh_north,183,NORMAL
oreburgh_north,184,NORMAL
oreburgh_north,185,NORMAL
oreburgh_north,186,NORMAL
oreburgh_north,187,NORMAL
oreburgh_north,188,NORMAL
oreburgh_north,189,NORMAL
oreburgh_north,190,NORMAL
oreburgh_north,191,NORMAL
oreburgh_north,192,NORMAL
oreburgh_north,193,NORMAL
oreburgh_north,194,NORMAL
oreburgh_north,195,NORMAL
oreburgh_north,196,NORMAL
oreburgh_north,197,NORMAL
oreburgh_north,198,NORMAL
oreburgh_north,199,NORMAL
oreburgh_north,200,NORMAL
oreburgh_north,201,NORMAL
oreburgh_north,202,NORMAL
oreburgh_north,203,NORMAL
oreburgh_north,204,NORMAL
oreburgh_north,205,NORMAL
oreburgh_north,206,NORMAL
oreburgh_north,207,NORMAL
oreburgh_north,208,NORMAL
oreburgh_north,209,NORMAL
oreburgh_north,210,NORMAL
oreburgh_north,211,NORMAL
oreburgh_north,212,NORMAL
oreburgh_north,213,NORMAL
oreburgh_north,214,NORMAL
oreburgh_north,215,NORMAL
oreburgh_north,216,NORMAL
oreburgh_north,217,NORMAL
oreburgh_north,218,NORMAL
oreburgh_north,219,NORMAL
oreburgh_north,220,NORMAL
oreburgh_north,221,NORMAL
oreburgh_north,222,NORMAL
oreburgh_north,223,NORMAL
oreburgh_north,224,NORMAL
oreburgh_north,225,NORMAL
oreburgh_north,226,NORMAL
oreburgh_north,227,NORMAL
oreburgh_north,228,NORMAL
oreburgh_north,229,NORMAL
oreburgh_north,230,NORMAL
oreburgh_north,231,NORMAL
oreburgh_north,232,NORMAL
oreburgh_north,233,NORMAL
oreburgh_north,234,NORMAL
oreburgh_north,235,NORMAL
oreburgh_north,236,NORMAL
oreburgh_north,237,NORMAL
oreburgh_north,238,NORMAL
oreburgh_north,239,NORMAL
oreburgh_north,240,NORMAL
oreburgh_north,241,NORMAL
oreburgh_north,242,NORMAL
oreburgh_north,243,NORMAL
oreburgh_north,244,NORMAL
oreburgh_north,245,NORMAL
oreburgh_north,246,NORMAL
oreburgh_north,247,NORMAL
oreburgh_north,248,NORMAL
oreburgh_north,249,NORMAL
oreburgh_north,250,NORMAL
oreburgh_north,251,NORMAL
oreburgh_north,252,NORMAL
oreburgh_north,253,NORMAL
oreburgh_north,254,NORMAL
oreburgh_north,255,NORMAL
inside_ship,0,NORMAL
inside_ship,1,NORMAL
inside_ship,2,NORMAL
inside_ship,3,NORMAL
inside_ship,4,NORMAL
inside_ship,5,NORMAL
inside_ship,6,NORMAL
inside_ship,7,NORMAL
inside_ship,8,NORMAL
inside_ship,9,NORMAL
inside_ship,10,NORMAL
inside_ship,11,NORMAL
inside_ship,12,NORMAL
inside_ship,13,NORMAL
inside_ship,14,NORMAL
inside_ship,15,NORMAL
inside_ship,16,NORMAL
inside_ship,17,NORMAL
inside_ship,18,NORMAL
inside_ship,19,NORMAL
inside_ship,20,NORMAL
inside_ship,21,NORMAL
inside_ship,22,NORMAL
inside_ship,23,NORMAL
inside_ship,24,NORMAL
inside_ship,25,NORMAL
inside_ship,26,NORMAL
inside_ship,27,NORMAL
inside_ship,28,NORMAL
inside_ship,29,NORMAL
inside_ship,30,NORMAL
inside_ship,31,NORMAL
inside_ship,32,NORMAL
inside_ship,33,NORMAL
inside_ship,34,NORMAL
inside_ship,35,NORMAL
inside_ship,36,NORMAL
inside_ship,37,NORMAL
inside_ship,38,NORMAL
inside_ship,39,NORMAL
inside_ship,40,NORMAL
inside_ship,41,NORMAL
inside_ship,42,NORMAL
inside_ship,43,NORMAL
inside_ship,44,NORMAL
inside_ship,45,NORMAL
inside_ship,46,NORMAL
inside_ship,47,NORMAL
inside_ship,48,NORMAL
inside_ship,49,NORMAL
inside_ship,50,NORMAL
inside_ship,51,NORMAL
inside_ship,52,NORMAL
inside_ship,53,NORMAL
inside_ship,54,NORMAL
inside_ship,55,NORMAL
inside_ship,56,NORMAL
inside_ship,57,NORMAL
inside_ship,58,NORMAL
inside_ship,59,NORMAL
inside_ship,60,NORMAL
inside_ship,61,NORMAL
inside_ship,62,NORMAL
inside_ship,63,NORMAL
inside_ship,64,NORMAL
inside_ship,65,NORMAL
inside_ship,66,NORMAL
inside_ship,67,NORMAL
inside_ship,68,NORMAL
inside_ship,69,NORMAL
inside_ship,70,NORMAL
inside_ship,71,NORMAL
inside_ship,72,NORMAL
inside_ship,73,NORMAL
inside_ship,74,NORMAL
inside_ship,75,NORMAL
inside_ship,76,NORMAL
inside_ship,77,NORMAL
inside_ship,78,NORMAL
inside_ship,79,NORMAL
inside_ship,80,NORMAL
inside_ship,81,NORMAL
inside_ship,82,NORMAL
inside_ship,83,NORMAL
inside_ship,84,NORMAL
inside_ship,85,NORMAL
inside_ship,86,NORMAL
inside_ship,87,NORMAL
inside_ship,88,NORMAL
inside_ship,89,NORMAL
inside_ship,90,NORMAL
inside_ship,91,NORMAL
inside_ship,92,NORMAL
inside_ship,93,NORMAL
inside_ship,94,NORMAL
inside_ship,95,NORMAL
inside_ship,96,NORMAL
inside_ship,97,NORMAL
inside_ship,98,NORMAL
inside_ship,99,NORMAL
inside_ship,100,NORMAL
inside_ship,101,NORMAL
inside_ship,102,NORMAL
inside_ship,103,NORMAL
inside_ship,104,NORMAL
inside_ship,105,NORMAL
inside_ship,106,NORMAL
inside_ship,107,NORMAL
inside_ship,108,NORMAL
inside_ship,109,NORMAL
inside_ship,110,NORMAL
inside_ship,111,NORMAL
inside_ship,112,NORMAL
inside_ship,113,NORMAL
inside_ship,114,NORMAL
inside_ship,115,NORMAL
inside_ship,116,NORMAL
inside_ship,117,NORMAL
inside_ship,118,NORMAL
inside_ship,119,NORMAL
inside_ship,120,NORMAL
inside_ship,121,NORMAL
inside_ship,122,NORMAL
inside_ship,123,NORMAL
inside_ship,124,NORMAL
inside_ship,125,NORMAL
inside_ship,126,NORMAL
inside_ship,127,NORMAL
inside_ship,128,NORMAL
inside_ship,129,NORMAL
inside_ship,130,NORMAL
inside_ship,131,NORMAL
inside_ship,132,NORMAL
inside_ship,133,NORMAL
inside_ship,134,NORMAL
inside_ship,135,NORMAL
inside_ship,136,NORMAL
inside_ship,137,NORMAL
inside_ship,138,NORMAL
inside_ship,139,NORMAL
inside_ship,140,NORMAL
inside_ship,141,NORMAL
inside_ship,142,NORMAL
inside_ship,143,NORMAL
inside_ship,144,NORMAL
inside_ship,145,NORMAL
inside_ship,146,NORMAL
inside_ship,147,NORMAL
inside_ship,148,NORMAL
inside_ship,149,NORMAL
inside_ship,150,NORMAL
inside_ship,151,NORMAL
inside_ship,152,NORMAL
inside_ship,153,NORMAL
inside_ship,154,NORMAL
inside_ship,155,NORMAL
inside_ship,156,NORMAL
inside_ship,157,NORMAL
inside_ship,158,NORMAL
inside_ship,159,NORMAL
inside_ship,160,NORMAL
inside_ship,161,NORMAL
inside_ship,162,NORMAL
inside_ship,163,NORMAL
inside_ship,164,NORMAL
inside_ship,165,NORMAL
inside_ship,166,NORMAL
inside_ship,167,NORMAL
inside_ship,168,NORMAL
inside_ship,169,NORMAL
inside_ship,170,NORMAL
inside_ship,171,NORMAL
inside_ship,172,NORMAL
inside_ship,173,NORMAL
inside_ship,174,NORMAL
inside_ship,175,NORMAL
inside_ship,176,NORMAL
inside_ship,177,NORMAL
inside_ship,178,NORMAL
inside_ship,179,NORMAL
inside_ship,180,NORMAL
inside_ship,181,NORMAL
inside_ship,182,NORMAL
inside_ship,183,NORMAL
inside_ship,184,NORMAL
inside_ship,185,NORMAL
inside_ship,186,NORMAL
inside_ship,187,NORMAL
inside_ship,188,NORMAL
inside_ship,189,NORMAL
inside_ship,190,NORMAL
inside_ship,191,NORMAL
inside_ship,192,NORMAL
inside_ship,193,NORMAL
inside_ship,194,NORMAL
inside_ship,195,NORMAL
inside_ship,196,NORMAL
inside_ship,197,NORMAL
inside_ship,198,NORMAL
inside_ship,199,NORMAL
inside_ship,200,NORMAL
inside_ship,201,NORMAL
inside_ship,202,NORMAL
inside_ship,203,NORMAL
inside_ship,204,NORMAL
inside_ship,205,NORMAL
inside_ship,206,NORMAL
inside_ship,207,NORMAL
inside_ship,208,NORMAL
inside_ship,209,NORMAL
inside_ship,210,NORMAL
inside_ship,211,NORMAL
inside_ship,212,NORMAL
inside_ship,213,NORMAL
inside_ship,214,NORMAL
inside_ship,215,NORMAL
inside_ship,216,NORMAL
inside_ship,217,NORMAL
inside_ship,218,NORMAL
inside_ship,219,NORMAL
inside_ship,220,NORMAL
inside_ship,221,NORMAL
inside_ship,222,NORMAL
inside_ship,223,NORMAL
inside_ship,224,NORMAL
inside_ship,225,NORMAL
inside_ship,226,NORMAL
inside_ship,227,NORMAL
inside_ship,228,NORMAL
inside_ship,229,NORMAL
inside_ship,230,NORMAL
inside_ship,231,NORMAL
inside_ship,232,NORMAL
inside_ship,233,NORMAL
inside_ship,234,NORMAL
inside_ship,235,NORMAL
inside_ship,236,NORMAL
inside_ship,237,NORMAL
inside_ship,238,NORMAL
inside_ship,239,NORMAL
inside_ship,240,NORMAL
inside_ship,241,NORMAL
inside_ship,242,NORMAL
inside_ship,243,NORMAL
inside_ship,244,NORMAL
inside_ship,245,NORMAL
inside_ship,246,NORMAL
inside_ship,247,NORMAL
inside_ship,248,NORMAL
inside_ship,249,NORMAL
inside_ship,250,NORMAL
inside_ship,251,NORMAL
mauville_gym,0,NORMAL
mauville_gym,1,NORMAL
mauville_gym,2,NORMAL
mauville_gym,3,NORMAL
mauville_gym,4,NORMAL
mauville_gym,5,NORMAL
mauville_gym,6,NORMAL
mauville_gym,7,NORMAL
mauville_gym,8,NORMAL
mauville_gym,9,NORMAL
mauville_gym,10,NORMAL
mauville_gym,11,NORMAL
mauville_gym,12,NORMAL
mauville_gym,13,NORMAL
mauville_gym,14,NORMAL
mauville_gym,15,NORMAL
mauville_gym,16,NORMAL
mauville_gym,17,NORMAL
mauville_gym,18,NORMAL
mauville_gym,19,NORMAL
mauville_gym,20,NORMAL
mauville_gym,21,NORMAL
mauville_gym,22,NORMAL
mauville_gym,23,NORMAL
mauville_gym,24,NORMAL
mauville_gym,25,NORMAL
mauville_gym,26,NORMAL
mauville_gym,27,NORMAL
mauville_gym,28,NORMAL
mauville_gym,29,NORMAL
mauville_gym,30,NORMAL
mauville_gym,31,NORMAL
mauville_gym,32,NORMAL
mauville_gym,33,NORMAL
mauville_gym,34,NORMAL
mauville_gym,35,NORMAL
mauville_gym,36,NORMAL
mauville_gym,37,NORMAL
mauville_gym,38,NORMAL
mauville_gym,39,NORMAL
mauville_gym,40,NORMAL
mauville_gym,41,NORMAL
mauville_gym,42,NORMAL
mauville_gym,43,NORMAL
mauville_gym,44,NORMAL
mauville_gym,45,NORMAL
mauville_gym,46,NORMAL
mauville_gym,47,NORMAL
mauville_gym,48,NORMAL
mauville_gym,49,NORMAL
mauville_gym,50,NORMAL
mauville_gym,51,NORMAL
mauville_gym,52,NORMAL
mauville_gym,53,NORMAL
mauville_gym,54,NORMAL
mauville_gym,55,NORMAL
mauville_gym,56,NORMAL
mauville_gym,57,NORMAL
mauville_gym,58,NORMAL
mauville_gym,59,NORMAL
mauville_gym,60,NORMAL
mauville_gym,61,NORMAL
mauville_gym,62,NORMAL
mauville_gym,63,NORMAL
mauville_gym,64,NORMAL
mauville_gym,65,NORMAL
mauville_gym,66,NORMAL
mauville_gym,67,NORMAL
mauville_gym,68,NORMAL
mauville_gym,69,NORMAL
mauville_gym,70,NORMAL
mauville_gym,71,NORMAL
mauville_gym,72,NORMAL
mauville_gym,73,NORMAL
mauville_gym,74,NORMAL
mauville_gym,75,NORMAL
mauville_gym,76,NORMAL
mauville_gym,77,NORMAL
mauville_gym,78,NORMAL
mauville_gym,79,NORMAL
mauville_gym,80,NORMAL
mauville_gym,81,NORMAL
mauville_gym,82,NORMAL
mauville_gym,83,NORMAL
mauville_gym,84,NORMAL
mauville_gym,85,NORMAL
mauville_gym,86,NORMAL
mauville_gym,87,NORMAL
mauville_gym,88,NORMAL
mauville_gym,89,NORMAL
mauville_gym,90,NORMAL
mauville_gym,91,NORMAL
mauville_gym,92,NORMAL
mauville_gym,93,NORMAL
mauville_gym,94,NORMAL
mauville_gym,95,NORMAL
mauville_gym,96,NORMAL
mauville_gym,97,NORMAL
mauville_gym,98,NORMAL
mauville_gym,99,NORMAL
mauville_gym,100,NORMAL
mauville_gym,101,NORMAL
mauville_gym,102,NORMAL
mauville_gym,103,NORMAL
mauville_gym,104,NORMAL
mauville_gym,105,NORMAL
mauville_gym,106,NORMAL
mauville_gym,107,NORMAL
mauville_gym,108,NORMAL
mauville_gym,109,NORMAL
mauville_gym,110,NORMAL
mauville_gym,111,NORMAL
mauville_gym,112,NORMAL
mauville_gym,113,NORMAL
mauville_gym,114,NORMAL
mauville_gym,115,NORMAL
mauville_gym,116,NORMAL
twinleaf,0,NORMAL
twinleaf,1,NORMAL
twinleaf,2,NORMAL
twinleaf,3,NORMAL
twinleaf,4,NORMAL
twinleaf,5,NORMAL
twinleaf,6,NORMAL
twinleaf,7,NORMAL
twinleaf,8,NORMAL
twinleaf,9,NORMAL
twinleaf,10,NORMAL
twinleaf,11,NORMAL
twinleaf,12,NORMAL
twinleaf,13,NORMAL
twinleaf,14,NORMAL
twinleaf,15,NORMAL
twinleaf,16,NORMAL
twinleaf,17,NORMAL
twinleaf,18,NORMAL
twinleaf,19,NORMAL
twinleaf,20,NORMAL
twinleaf,21,NORMAL
twinleaf,22,NORMAL
twinleaf,23,NORMAL
twinleaf,24,NORMAL
twinleaf,25,NORMAL
twinleaf,26,NORMAL
twinleaf,27,NORMAL
twinleaf,28,NORMAL
twinleaf,29,NORMAL
twinleaf,30,NORMAL
twinleaf,31,NORMAL
twinleaf,32,NORMAL
twinleaf,33,NORMAL
twinleaf,34,NORMAL
twinleaf,35,NORMAL
twinleaf,36,NORMAL
twinleaf,37,NORMAL
twinleaf,38,NORMAL
twinleaf,39,NORMAL
twinleaf,40,NORMAL
twinleaf,41,NORMAL
twinleaf,42,NORMAL
twinleaf,43,NORMAL
twinleaf,44,NORMAL
twinleaf,45,NORMAL
twinleaf,46,NORMAL
twinleaf,47,NORMAL
twinleaf,48,NORMAL
twinleaf,49,NORMAL
twinleaf,50,NORMAL
twinleaf,51,NORMAL
twinleaf,52,NORMAL
twinleaf,53,NORMAL
twinleaf,54,NORMAL
twinleaf,55,NORMAL
twinleaf,56,NORMAL
twinleaf,57,NORMAL
twinleaf,58,NORMAL
twinleaf,59,NORMAL
twinleaf,60,NORMAL
twinleaf,61,NORMAL
twinleaf,62,NORMAL
twinleaf,63,NORMAL
twinleaf,64,NORMAL
twinleaf,65,NORMAL
twinleaf,66,NORMAL
twinleaf,67,NORMAL
twinleaf,68,NORMAL
twinleaf,69,NORMAL
twinleaf,70,NORMAL
twinleaf,71,NORMAL
twinleaf,72,NORMAL
twinleaf,73,NORMAL
twinleaf,74,NORMAL
twinleaf,75,NORMAL
twinleaf,76,NORMAL
twinleaf,77,NORMAL
twinleaf,78,NORMAL
twinleaf,79,NORMAL
twinleaf,80,NORMAL
twinleaf,81,NORMAL
twinleaf,82,NORMAL
twinleaf,83,NORMAL
twinleaf,84,NORMAL
twinleaf,85,NORMAL
twinleaf,86,NORMAL
twinleaf,87,NORMAL
twinleaf,88,NORMAL
twinleaf,89,NORMAL
twinleaf,90,NORMAL
twinleaf,91,NORMAL
twinleaf,92,NORMAL
twinleaf,93,NORMAL
twinleaf,94,NORMAL
twinleaf,95,NORMAL
twinleaf,96,NORMAL
twinleaf,97,NORMAL
twinleaf,98,NORMAL
twinleaf,99,NORMAL
twinleaf,100,NORMAL
twinleaf,101,NORMAL
twinleaf,102,NORMAL
twinleaf,103,NORMAL
twinleaf,104,NORMAL
twinleaf,105,NORMAL
twinleaf,106,NORMAL
twinleaf,107,NORMAL
twinleaf,108,NORMAL
twinleaf,109,NORMAL
twinleaf,110,NORMAL
twinleaf,111,NORMAL
twinleaf,112,NORMAL
twinleaf,113,NORMAL
twinleaf,114,NORMAL
twinleaf,115,NORMAL
twinleaf,116,NORMAL
twinleaf,117,NORMAL
twinleaf,118,NORMAL
twinleaf,119,NORMAL
twinleaf,120,NORMAL
twinleaf,121,NORMAL
twinleaf,122,NORMAL
twinleaf,123,NORMAL
twinleaf,124,NORMAL
twinleaf,125,NORMAL
twinleaf,126,NORMAL
twinleaf,127,NORMAL
oceanic_museum,0,NORMAL
oceanic_museum,1,NORMAL
oceanic_museum,2,NORMAL
oceanic_museum,3,NORMAL
oceanic_museum,4,NORMAL
oceanic_museum,5,NORMAL
oceanic_museum,6,NORMAL
oceanic_museum,7,NORMAL
oceanic_museum,8,NORMAL
oceanic_museum,9,NORMAL
oceanic_museum,10,NORMAL
oceanic_museum,11,NORMAL
oceanic_museum,12,NORMAL
oceanic_museum,13,NORMAL
oceanic_museum,14,NORMAL
oceanic_museum,15,NORMAL
oceanic_museum,16,NORMAL
oceanic_museum,17,NORMAL
oceanic_museum,18,NORMAL
oceanic_museum,19,NORMAL
oceanic_museum,20,NORMAL
oceanic_museum,21,NORMAL
oceanic_museum,22,NORMAL
oceanic_museum,23,NORMAL
oceanic_museum,24,NORMAL
oceanic_museum,25,NORMAL
oceanic_museum,26,NORMAL
oceanic_museum,27,NORMAL
oceanic_museum,28,NORMAL
oceanic_museum,29,NORMAL
oceanic_museum,30,NORMAL
oceanic_museum,31,NORMAL
oceanic_museum,32,NORMAL
oceanic_museum,33,NORMAL
oceanic_museum,34,NORMAL
oceanic_museum,35,NORMAL
oceanic_museum,36,NORMAL
oceanic_museum,37,NORMAL
oceanic_museum,38,NORMAL
oceanic_museum,39,NORMAL
oceanic_museum,40,NORMAL
oceanic_museum,41,NORMAL
oceanic_museum,42,NORMAL
oceanic_museum,43,NORMAL
oceanic_museum,44,NORMAL
oceanic_museum,45,NORMAL
oceanic_museum,46,NORMAL
oceanic_museum,47,NORMAL
oceanic_museum,48,NORMAL
oceanic_museum,49,NORMAL
oceanic_museum,50,NORMAL
oceanic_museum,51,NORMAL
oceanic_museum,52,NORMAL
oceanic_museum,53,NORMAL
oceanic_museum,54,NORMAL
oceanic_museum,55,NORMAL
oceanic_museum,56,NORMAL
oceanic_museum,57,NORMAL
oceanic_museum,58,NORMAL
oceanic_museum,59,NORMAL
oceanic_museum,60,NORMAL
oceanic_museum,61,NORMAL
oceanic_museum,62,NORMAL
oceanic_museum,63,NORMAL
oceanic_museum,64,NORMAL
oceanic_museum,65,NORMAL
oceanic_museum,66,NORMAL
oceanic_museum,67,NORMAL
oceanic_museum,68,NORMAL
oceanic_museum,69,NORMAL
oceanic_museum,70,NORMAL
oceanic_museum,71,NORMAL
oceanic_museum,72,NORMAL
oceanic_museum,73,NORMAL
oceanic_museum,74,NORMAL
oceanic_museum,75,NORMAL
oceanic_museum,76,NORMAL
oceanic_museum,77,NORMAL
oceanic_museum,78,NORMAL
oceanic_museum,79,NORMAL
oceanic_museum,80,NORMAL
oceanic_museum,81,NORMAL
oceanic_museum,82,NORMAL
oceanic_museum,83,NORMAL
oceanic_museum,84,NORMAL
oceanic_museum,85,NORMAL
oceanic_museum,86,NORMAL
oceanic_museum,87,NORMAL
oceanic_museum,88,NORMAL
oceanic_museum,89,NORMAL
oceanic_museum,90,NORMAL
oceanic_museum,91,NORMAL
oceanic_museum,92,NORMAL
oceanic_museum,93,NORMAL
oceanic_museum,94,NORMAL
oceanic_museum,95,NORMAL
oceanic_museum,96,NORMAL
oceanic_museum,97,NORMAL
oceanic_museum,98,NORMAL
oceanic_museum,99,NORMAL
oceanic_museum,100,NORMAL
oceanic_museum,101,NORMAL
oceanic_museum,102,NORMAL
oceanic_museum,103,NORMAL
oceanic_museum,104,NORMAL
oceanic_museum,105,NORMAL
oceanic_museum,106,NORMAL
oceanic_museum,107,NORMAL
oceanic_museum,108,NORMAL
oceanic_museum,109,NORMAL
oceanic_museum,110,NORMAL
oceanic_museum,111,NORMAL
oceanic_museum,112,NORMAL
oceanic_museum,113,NORMAL
oceanic_museum,114,NORMAL
oceanic_museum,115,NORMAL
oceanic_museum,116,NORMAL
oceanic_museum,117,NORMAL
oceanic_museum,118,NORMAL
oceanic_museum,119,NORMAL
oceanic_museum,120,NORMAL
oceanic_museum,121,NORMAL
route_207,0,NORMAL
route_207,1,NORMAL
route_207,2,NORMAL
route_207,3,NORMAL
route_207,4,NORMAL
route_207,5,NORMAL
route_207,6,NORMAL
route_207,7,NORMAL
route_207,8,NORMAL
route_207,9,NORMAL
route_207,10,NORMAL
route_207,11,NORMAL
route_207,12,NORMAL
route_207,13,NORMAL
route_207,14,NORMAL
route_207,15,NORMAL
route_207,16,NORMAL
route_207,17,NORMAL
route_207,18,NORMAL
route_207,19,NORMAL
route_207,20,NORMAL
route_207,21,NORMAL
route_207,22,NORMAL
route_207,23,NORMAL
route_207,24,NORMAL
route_207,25,NORMAL
route_207,26,NORMAL
route_207,27,NORMAL
route_207,28,NORMAL
route_207,29,NORMAL
route_207,30,NORMAL
route_207,31,NORMAL
route_207,32,NORMAL
route_207,33,NORMAL
route_207,34,NORMAL
route_207,35,NORMAL
route_207,36,NORMAL
route_207,37,NORMAL
route_207,38,NORMAL
route_207,39,NORMAL
route_207,40,NORMAL
route_207,41,NORMAL
route_207,42,NORMAL
route_207,43,NORMAL
route_207,44,NORMAL
route_207,45,NORMAL
route_207,46,NORMAL
route_207,47,NORMAL
route_207,48,NORMAL
route_207,49,NORMAL
route_207,50,NORMAL
route_207,51,NORMAL
route_207,52,NORMAL
route_207,53,NORMAL
route_207,54,NORMAL
route_207,55,NORMAL
route_207,56,NORMAL
route_207,57,NORMAL
route_207,58,NORMAL
route_207,59,NORMAL
route_207,60,NORMAL
route_207,61,NORMAL
route_207,62,NORMAL
route_207,63,NORMAL
route_207,64,NORMAL
route_207,65,NORMAL
route_207,66,NORMAL
route_207,67,NORMAL
route_207,68,NORMAL
route_207,69,NORMAL
route_207,70,NORMAL
route_207,71,NORMAL
route_207,72,NORMAL
route_207,73,NORMAL
route_207,74,NORMAL
route_207,75,NORMAL
route_207,76,NORMAL
route_207,77,NORMAL
route_207,78,NORMAL
route_207,79,NORMAL
route_207,80,NORMAL
route_207,81,NORMAL
route_207,82,NORMAL
route_207,83,NORMAL
route_207,84,NORMAL
route_207,85,NORMAL
route_207,86,NORMAL
route_207,87,NORMAL
route_207,88,NORMAL
route_207,89,NORMAL
route_207,90,NORMAL
route_207,91,NORMAL
route_207,92,NORMAL
route_207,93,NORMAL
route_207,94,NORMAL
route_207,95,NORMAL
route_207,96,NORMAL
route_207,97,NORMAL
route_207,98,NORMAL
route_207,99,NORMAL
route_207,100,NORMAL
route_207,101,NORMAL
route_207,102,NORMAL
route_207,103,NORMAL
route_207,104,NORMAL
route_207,105,NORMAL
route_207,106,NORMAL
route_207,107,NORMAL
route_207,108,NORMAL
route_207,109,NORMAL
route_207,110,NORMAL
route_207,111,NORMAL
route_207,112,NORMAL
route_207,113,NORMAL
route_207,114,NORMAL
route_207,115,NORMAL
route_207,116,NORMAL
route_207,117,NORMAL
route_207,118,NORMAL
route_207,119,NORMAL
route_207,120,NORMAL
route_207,121,NORMAL
route_207,122,NORMAL
route_207,123,NORMAL
route_207,124,NORMAL
route_207,125,NORMAL
route_207,126,NORMAL
route_207,127,NORMAL
twinleaf_living,0,NORMAL
twinleaf_living,1,NORMAL
twinleaf_living,2,NORMAL
twinleaf_living,3,NORMAL
twinleaf_living,4,NORMAL
twinleaf_living,5,NORMAL
twinleaf_living,6,NORMAL
twinleaf_living,7,NORMAL
twinleaf_living,8,NORMAL
twinleaf_living,9,NORMAL
twinleaf_living,10,NORMAL
twinleaf_living,11,NORMAL
twinleaf_living,12,NORMAL
twinleaf_living,13,NORMAL
twinleaf_living,14,NORMAL
twinleaf_living,15,NORMAL
twinleaf_living,16,NORMAL
twinleaf_living,17,NORMAL
twinleaf_living,18,NORMAL
twinleaf_living,19,NORMAL
twinleaf_living,20,NORMAL
twinleaf_living,21,NORMAL
twinleaf_living,22,NORMAL
twinleaf_living,23,NORMAL
twinleaf_living,24,NORMAL
twinleaf_living,25,NORMAL
twinleaf_living,26,NORMAL
twinleaf_living,27,NORMAL
twinleaf_living,28,NORMAL
twinleaf_living,29,NORMAL
twinleaf_living,30,NORMAL
twinleaf_living,31,NORMAL
twinleaf_living,32,NORMAL
twinleaf_living,33,NORMAL
twinleaf_living,34,NORMAL
twinleaf_living,35,NORMAL
twinleaf_living,36,NORMAL
twinleaf_living,37,NORMAL
twinleaf_living,38,NORMAL
twinleaf_living,39,NORMAL
twinleaf_living,40,NORMAL
twinleaf_living,41,NORMAL
twinleaf_living,42,NORMAL
twinleaf_living,43,NORMAL
twinleaf_living,44,NORMAL
twinleaf_living,45,NORMAL
twinleaf_living,46,NORMAL
twinleaf_living,47,NORMAL
twinleaf_living,48,NORMAL
twinleaf_living,49,NORMAL
twinleaf_living,50,NORMAL
twinleaf_living,51,NORMAL
twinleaf_living,52,NORMAL
twinleaf_living,53,NORMAL
twinleaf_living,54,NORMAL
twinleaf_living,55,NORMAL
twinleaf_living,56,NORMAL
twinleaf_living,57,NORMAL
twinleaf_living,58,NORMAL
twinleaf_living,59,NORMAL
twinleaf_living,60,NORMAL
twinleaf_living,61,NORMAL
twinleaf_living,62,NORMAL
twinleaf_living,63,NORMAL
twinleaf_living,64,NORMAL
twinleaf_living,65,NORMAL
twinleaf_living,66,NORMAL
twinleaf_living,67,NORMAL
twinleaf_living,68,NORMAL
twinleaf_living,69,NORMAL
twinleaf_living,70,NORMAL
twinleaf_living,71,NORMAL
twinleaf_living,72,NORMAL
twinleaf_living,73,NORMAL
twinleaf_living,74,NORMAL
twinleaf_living,75,NORMAL
twinleaf_living,76,NORMAL
twinleaf_living,77,NORMAL
twinleaf_living,78,NORMAL
twinleaf_living,79,NORMAL
twinleaf_living,80,NORMAL
twinleaf_living,81,NORMAL
twinleaf_living,82,NORMAL
twinleaf_living,83,NORMAL
twinleaf_living,84,NORMAL
twinleaf_living,85,NORMAL
twinleaf_living,86,NORMAL
twinleaf_living,87,NORMAL
twinleaf_living,88,NORMAL
twinleaf_living,89,NORMAL
twinleaf_living,90,NORMAL
twinleaf_living,91,NORMAL
twinleaf_living,92,NORMAL
twinleaf_living,93,NORMAL
twinleaf_living,94,NORMAL
twinleaf_living,95,NORMAL
twinleaf_living,96,NORMAL
twinleaf_living,97,NORMAL
twinleaf_living,98,NORMAL
twinleaf_living,99,NORMAL
twinleaf_living,100,NORMAL
twinleaf_living,101,NORMAL
twinleaf_living,102,NORMAL
twinleaf_living,103,NORMAL
twinleaf_living,104,NORMAL
twinleaf_living,105,NORMAL
twinleaf_living,106,NORMAL
twinleaf_living,107,NORMAL
twinleaf_living,108,NORMAL
twinleaf_living,109,NORMAL
twinleaf_living,110,NORMAL
twinleaf_living,111,NORMAL
twinleaf_living,112,NORMAL
twinleaf_living,113,NORMAL
twinleaf_living,114,NORMAL
twinleaf_living,115,NORMAL
twinleaf_living,116,NORMAL
twinleaf_living,117,NORMAL
twinleaf_living,118,NORMAL
twinleaf_living,119,NORMAL
twinleaf_living,120,NORMAL
twinleaf_living,121,NORMAL
twinleaf_living,122,NORMAL
twinleaf_living,123,NORMAL
twinleaf_living,124,NORMAL
twinleaf_living,125,NORMAL
twinleaf_living,126,NORMAL
twinleaf_living,127,NORMAL
seashore_house,0,NORMAL
seashore_house,1,NORMAL
seashore_house,2,NORMAL
seashore_house,3,NORMAL
seashore_house,4,NORMAL
seashore_house,5,NORMAL
seashore_house,6,NORMAL
seashore_house,7,NORMAL
seashore_house,8,NORMAL
seashore_house,9,NORMAL
seashore_house,10,NORMAL
seashore_house,11,NORMAL
seashore_house,12,NORMAL
seashore_house,13,NORMAL
seashore_house,14,NORMAL
seashore_house,15,NORMAL
seashore_house,16,NORMAL
seashore_house,17,NORMAL
seashore_house,18,NORMAL
seashore_house,19,NORMAL
seashore_house,20,NORMAL
seashore_house,21,NORMAL
seashore_house,22,NORMAL
seashore_house,23,NORMAL
seashore_house,24,NORMAL
seashore_house,25,NORMAL
seashore_house,26,NORMAL
seashore_house,27,NORMAL
seashore_house,28,NORMAL
seashore_house,29,NORMAL
seashore_house,30,NORMAL
seashore_house,31,NORMAL
seashore_house,32,NORMAL
seashore_house,33,NORMAL
seashore_house,34,NORMAL
seashore_house,35,NORMAL
seashore_house,36,NORMAL
seashore_house,37,NORMAL
seashore_house,38,NORMAL
seashore_house,39,NORMAL
seashore_house,40,NORMAL
seashore_house,41,NORMAL
seashore_house,42,NORMAL
seashore_house,43,NORMAL
seashore_house,44,NORMAL
seashore_house,45,NORMAL
seashore_house,46,NORMAL
seashore_house,47,NORMAL
seashore_house,48,NORMAL
seashore_house,49,NORMAL
seashore_house,50,NORMAL
seashore_house,51,NORMAL
seashore_house,52,NORMAL
seashore_house,53,NORMAL
seashore_house,54,NORMAL
seashore_house,55,NORMAL
battle_frontier_ranking_hall,0,NORMAL
battle_frontier_ranking_hall,1,NORMAL
battle_frontier_ranking_hall,2,NORMAL
battle_frontier_ranking_hall,3,NORMAL
battle_frontier_ranking_hall,4,NORMAL
battle_frontier_ranking_hall,5,NORMAL
battle_frontier_ranking_hall,6,NORMAL
battle_frontier_ranking_hall,7,NORMAL
battle_frontier_ranking_hall,8,NORMAL
battle_frontier_ranking_hall,9,NORMAL
battle_frontier_ranking_hall,10,NORMAL
battle_frontier_ranking_hall,11,NORMAL
battle_frontier_ranking_hall,12,NORMAL
battle_frontier_ranking_hall,13,NORMAL
battle_frontier_ranking_hall,14,NORMAL
battle_frontier_ranking_hall,15,NORMAL
battle_frontier_ranking_hall,16,NORMAL
battle_frontier_ranking_hall,17,NORMAL
battle_frontier_ranking_hall,18,NORMAL
battle_frontier_ranking_hall,19,NORMAL
battle_frontier_ranking_hall,20,NORMAL
battle_frontier_ranking_hall,21,NORMAL
battle_frontier_ranking_hall,22,NORMAL
battle_frontier_ranking_hall,23,NORMAL
battle_frontier_ranking_hall,24,NORMAL
battle_frontier_ranking_hall,25,NORMAL
battle_frontier_ranking_hall,26,NORMAL
battle_frontier_ranking_hall,27,NORMAL
battle_frontier_ranking_hall,28,NORMAL
battle_frontier_ranking_hall,29,NORMAL
battle_frontier_ranking_hall,30,NORMAL
battle_frontier_ranking_hall,31,NORMAL
battle_frontier_ranking_hall,32,NORMAL
battle_frontier_ranking_hall,33,NORMAL
battle_frontier_ranking_hall,34,NORMAL
battle_frontier_ranking_hall,35,NORMAL
battle_frontier_ranking_hall,36,NORMAL
battle_frontier_ranking_hall,37,NORMAL
battle_frontier_ranking_hall,38,NORMAL
battle_frontier_ranking_hall,39,NORMAL
battle_frontier_ranking_hall,40,NORMAL
battle_frontier_ranking_hall,41,NORMAL
battle_frontier_ranking_hall,42,NORMAL
battle_frontier_ranking_hall,43,NORMAL
battle_frontier_ranking_hall,44,NORMAL
battle_frontier_ranking_hall,45,NORMAL
battle_frontier_ranking_hall,46,NORMAL
battle_frontier_ranking_hall,47,NORMAL
battle_frontier_ranking_hall,48,NORMAL
battle_frontier_ranking_hall,49,NORMAL
battle_frontier_ranking_hall,50,NORMAL
battle_frontier_ranking_hall,51,NORMAL
battle_frontier_ranking_hall,52,NORMAL
battle_frontier_ranking_hall,53,NORMAL
battle_frontier_ranking_hall,54,NORMAL
battle_frontier_ranking_hall,55,NORMAL
battle_frontier_ranking_hall,56,NORMAL
battle_frontier_ranking_hall,57,NORMAL
battle_frontier_ranking_hall,58,NORMAL
battle_frontier_ranking_hall,59,NORMAL
battle_frontier_ranking_hall,60,NORMAL
battle_frontier_ranking_hall,61,NORMAL
battle_frontier_ranking_hall,62,NORMAL
battle_frontier_ranking_hall,63,NORMAL
battle_frontier_ranking_hall,64,NORMAL
battle_frontier_ranking_hall,65,NORMAL
battle_frontier_ranking_hall,66,NORMAL
battle_frontier_ranking_hall,67,NORMAL
battle_frontier_ranking_hall,68,NORMAL
battle_frontier_ranking_hall,69,NORMAL
battle_frontier_ranking_hall,70,NORMAL
battle_frontier_ranking_hall,71,NORMAL
battle_frontier_ranking_hall,72,NORMAL
battle_frontier_ranking_hall,73,NORMAL
battle_frontier_ranking_hall,74,NORMAL
battle_frontier_ranking_hall,75,NORMAL
battle_frontier_ranking_hall,76,NORMAL
battle_frontier_ranking_hall,77,NORMAL
battle_frontier_ranking_hall,78,NORMAL
battle_frontier_ranking_hall,79,NORMAL
battle_frontier_ranking_hall,80,NORMAL
battle_frontier_ranking_hall,81,NORMAL
battle_frontier_ranking_hall,82,NORMAL
battle_frontier_ranking_hall,83,NORMAL
battle_frontier_ranking_hall,84,NORMAL
battle_frontier_ranking_hall,85,NORMAL
battle_frontier_ranking_hall,86,NORMAL
battle_frontier_ranking_hall,87,NORMAL
battle_frontier_ranking_hall,88,NORMAL
battle_frontier_ranking_hall,89,NORMAL
battle_frontier_ranking_hall,90,NORMAL
battle_frontier_ranking_hall,91,NORMAL
battle_frontier_ranking_hall,92,NORMAL
battle_frontier_ranking_hall,93,NORMAL
route_205_north,0,NORMAL
route_205_north,1,NORMAL
route_205_north,2,NORMAL
route_205_north,3,NORMAL
route_205_north,4,NORMAL
route_205_north,5,NORMAL
route_205_north,6,NORMAL
route_205_north,7,NORMAL
route_205_north,8,NORMAL
route_205_north,9,NORMAL
route_205_north,10,NORMAL
route_205_north,11,NORMAL
route_205_north,12,NORMAL
route_205_north,13,NORMAL
route_205_north,14,NORMAL
route_205_north,15,NORMAL
route_205_north,16,NORMAL
route_205_north,17,NORMAL
route_205_north,18,NORMAL
route_205_north,19,NORMAL
route_205_north,20,NORMAL
route_205_north,21,NORMAL
route_205_north,22,NORMAL
route_205_north,23,NORMAL
route_205_north,24,NORMAL
route_205_north,25,NORMAL
route_205_north,26,NORMAL
route_205_north,27,NORMAL
route_205_north,28,NORMAL
route_205_north,29,NORMAL
route_205_north,30,NORMAL
route_205_north,31,NORMAL
route_205_north,32,NORMAL
route_205_north,33,NORMAL
route_205_north,34,NORMAL
route_205_north,35,NORMAL
route_205_north,36,NORMAL
route_205_north,37,NORMAL
route_205_north,38,NORMAL
route_205_north,39,NORMAL
route_205_north,40,NORMAL
route_205_north,41,NORMAL
route_205_north,42,NORMAL
route_205_north,43,NORMAL
route_205_north,44,NORMAL
route_205_north,45,NORMAL
route_205_north,46,NORMAL
route_205_north,47,NORMAL
route_205_north,48,NORMAL
route_205_north,49,NORMAL
route_205_north,50,NORMAL
route_205_north,51,NORMAL
route_205_north,52,NORMAL
route_205_north,53,NORMAL
route_205_north,54,NORMAL
route_205_north,55,NORMAL
route_205_north,56,NORMAL
route_205_north,57,NORMAL
route_205_north,58,NORMAL
route_205_north,59,NORMAL
route_205_north,60,NORMAL
route_205_north,61,NORMAL
route_205_north,62,NORMAL
route_205_north,63,NORMAL
route_205_north,64,NORMAL
route_205_north,65,NORMAL
route_205_north,66,NORMAL
route_205_north,67,NORMAL
route_205_north,68,NORMAL
route_205_north,69,NORMAL
route_205_north,70,NORMAL
route_205_north,71,NORMAL
route_205_north,72,NORMAL
route_205_north,73,NORMAL
route_205_north,74,NORMAL
route_205_north,75,NORMAL
route_205_north,76,NORMAL
route_205_north,77,NORMAL
route_205_north,78,NORMAL
route_205_north,79,NORMAL
route_205_north,80,NORMAL
route_205_north,81,NORMAL
route_205_north,82,NORMAL
route_205_north,83,NORMAL
route_205_north,84,NORMAL
route_205_north,85,NORMAL
route_205_north,86,NORMAL
route_205_north,87,NORMAL
route_205_north,88,NORMAL
route_205_north,89,NORMAL
route_205_north,90,NORMAL
route_205_north,91,NORMAL
route_205_north,92,NORMAL
route_205_north,93,NORMAL
route_205_north,94,NORMAL
route_205_north,95,NORMAL
route_205_north,96,NORMAL
route_205_north,97,NORMAL
route_205_north,98,NORMAL
route_205_north,99,NORMAL
route_205_north,100,NORMAL
route_205_north,101,NORMAL
route_205_north,102,NORMAL
route_205_north,103,NORMAL
route_205_north,104,NORMAL
route_205_north,105,NORMAL
route_205_north,106,NORMAL
route_205_north,107,NORMAL
route_205_north,108,NORMAL
route_205_north,109,NORMAL
route_205_north,110,NORMAL
route_205_north,111,NORMAL
route_205_north,112,NORMAL
route_205_north,113,NORMAL
route_205_north,114,NORMAL
route_205_north,115,NORMAL
route_205_north,116,NORMAL
route_205_north,117,NORMAL
route_205_north,118,NORMAL
route_205_north,119,NORMAL
route_205_north,120,NORMAL
route_205_north,121,NORMAL
route_205_north,122,NORMAL
route_205_north,123,NORMAL
route_205_north,124,NORMAL
route_205_north,125,NORMAL
route_205_north,126,NORMAL
route_205_north,127,NORMAL
route_205_north,128,NORMAL
route_205_north,129,NORMAL
route_205_north,130,NORMAL
route_205_north,131,NORMAL
route_205_north,132,NORMAL
route_205_north,133,NORMAL
route_205_north,134,NORMAL
route_205_north,135,NORMAL
route_205_north,136,NORMAL
route_205_north,137,NORMAL
route_205_north,138,NORMAL
route_205_north,139,NORMAL
route_205_north,140,NORMAL
route_205_north,141,NORMAL
route_205_north,142,NORMAL
route_205_north,143,NORMAL
route_205_north,144,NORMAL
route_205_north,145,NORMAL
route_205_north,146,NORMAL
route_205_north,147,NORMAL
route_205_north,148,NORMAL
route_205_north,149,NORMAL
route_205_north,150,NORMAL
route_205_north,151,NORMAL
route_205_north,152,NORMAL
route_205_north,153,NORMAL
route_205_north,154,NORMAL
route_205_north,155,NORMAL
route_205_north,156,NORMAL
route_205_north,157,NORMAL
route_205_north,158,NORMAL
route_205_north,159,NORMAL
route_205_north,160,NORMAL
route_205_north,161,NORMAL
route_205_north,162,NORMAL
route_205_north,163,NORMAL
route_205_north,164,NORMAL
route_205_north,165,NORMAL
route_205_north,166,NORMAL
route_205_north,167,NORMAL
route_205_north,168,NORMAL
route_205_north,169,NORMAL
route_205_north,170,NORMAL
route_205_north,171,NORMAL
route_205_north,172,NORMAL
route_205_north,173,NORMAL
route_205_north,174,NORMAL
route_205_north,175,NORMAL
route_205_north,176,NORMAL
route_205_north,177,NORMAL
route_205_north,178,NORMAL
route_205_north,179,NORMAL
route_205_north,180,NORMAL
route_205_north,181,NORMAL
route_205_north,182,NORMAL
route_205_north,183,NORMAL
route_205_north,184,NORMAL
route_205_north,185,NORMAL
route_205_north,186,NORMAL
route_205_north,187,NORMAL
route_205_north,188,NORMAL
route_205_north,189,NORMAL
route_205_north,190,NORMAL
route_205_north,191,NORMAL
route_205_north,192,NORMAL
route_205_north,193,NORMAL
route_205_north,194,NORMAL
route_205_north,195,NORMAL
route_205_north,196,NORMAL
route_205_north,197,NORMAL
route_205_north,198,NORMAL
route_205_north,199,NORMAL
route_205_north,200,NORMAL
route_205_north,201,NORMAL
route_205_north,202,NORMAL
route_205_north,203,NORMAL
route_205_north,204,NORMAL
route_205_north,205,NORMAL
route_205_north,206,NORMAL
route_205_north,207,NORMAL
route_205_north,208,NORMAL
route_205_north,209,NORMAL
route_205_north,210,NORMAL
route_205_north,211,NORMAL
route_205_north,212,NORMAL
route_205_north,213,NORMAL
route_205_north,214,NORMAL
route_205_north,215,NORMAL
route_205_north,216,NORMAL
route_205_north,217,NORMAL
route_205_north,218,NORMAL
route_205_north,219,NORMAL
route_205_north,220,NORMAL
route_205_north,221,NORMAL
route_205_north,222,NORMAL
route_205_north,223,NORMAL
route_205_north,224,NORMAL
route_205_north,225,NORMAL
route_205_north,226,NORMAL
route_205_north,227,NORMAL
route_205_north,228,NORMAL
route_205_north,229,NORMAL
route_205_north,230,NORMAL
route_205_north,231,NORMAL
route_205_north,232,NORMAL
route_205_north,233,NORMAL
route_205_north,234,NORMAL
route_205_north,235,NORMAL
route_205_north,236,NORMAL
route_205_north,237,NORMAL
route_205_north,238,NORMAL
route_205_north,239,NORMAL
route_205_north,240,NORMAL
route_205_north,241,NORMAL
route_205_north,242,NORMAL
route_205_north,243,NORMAL
route_205_north,244,NORMAL
route_205_north,245,NORMAL
route_205_north,246,NORMAL
route_205_north,247,NORMAL
route_205_north,248,NORMAL
route_205_north,249,NORMAL
route_205_north,250,NORMAL
route_205_north,251,NORMAL
route_205_north,252,NORMAL
route_205_north,253,NORMAL
route_205_north,254,NORMAL
route_205_north,255,NORMAL
petalburg_gym,0,NORMAL
petalburg_gym,1,NORMAL
petalburg_gym,2,NORMAL
petalburg_gym,3,NORMAL
petalburg_gym,4,NORMAL
petalburg_gym,5,NORMAL
petalburg_gym,6,NORMAL
petalburg_gym,7,NORMAL
petalburg_gym,8,NORMAL
petalburg_gym,9,NORMAL
petalburg_gym,10,NORMAL
petalburg_gym,11,NORMAL
petalburg_gym,12,NORMAL
petalburg_gym,13,NORMAL
petalburg_gym,14,NORMAL
petalburg_gym,15,NORMAL
petalburg_gym,16,NORMAL
petalburg_gym,17,NORMAL
petalburg_gym,18,NORMAL
petalburg_gym,19,NORMAL
petalburg_gym,20,NORMAL
petalburg_gym,21,NORMAL
petalburg_gym,22,NORMAL
petalburg_gym,23,NORMAL
petalburg_gym,24,NORMAL
petalburg_gym,25,NORMAL
petalburg_gym,26,NORMAL
petalburg_gym,27,NORMAL
petalburg_gym,28,NORMAL
petalburg_gym,29,NORMAL
petalburg_gym,30,NORMAL
petalburg_gym,31,NORMAL
petalburg_gym,32,NORMAL
petalburg_gym,33,NORMAL
petalburg_gym,34,NORMAL
petalburg_gym,35,NORMAL
petalburg_gym,36,NORMAL
petalburg_gym,37,NORMAL
petalburg_gym,38,NORMAL
petalburg_gym,39,NORMAL
petalburg_gym,40,NORMAL
petalburg_gym,41,NORMAL
petalburg_gym,42,NORMAL
petalburg_gym,43,NORMAL
petalburg_gym,44,NORMAL
petalburg_gym,45,NORMAL
petalburg_gym,46,NORMAL
petalburg_gym,47,NORMAL
petalburg_gym,48,NORMAL
petalburg_gym,49,NORMAL
petalburg_gym,50,NORMAL
petalburg_gym,51,NORMAL
petalburg_gym,52,NORMAL
petalburg_gym,53,NORMAL
petalburg_gym,54,NORMAL
petalburg_gym,55,NORMAL
petalburg_gym,56,NORMAL
petalburg_gym,57,NORMAL
petalburg_gym,58,NORMAL
petalburg_gym,59,NORMAL
petalburg_gym,60,NORMAL
petalburg_gym,61,NORMAL
petalburg_gym,62,NORMAL
petalburg_gym,63,NORMAL
petalburg_gym,64,NORMAL
petalburg_gym,65,NORMAL
petalburg_gym,66,NORMAL
petalburg_gym,67,NORMAL
petalburg_gym,68,NORMAL
petalburg_gym,69,NORMAL
petalburg_gym,70,NORMAL
petalburg_gym,71,NORMAL
petalburg_gym,72,NORMAL
petalburg_gym,73,NORMAL
petalburg_gym,74,NORMAL
petalburg_gym,75,NORMAL
petalburg_gym,76,NORMAL
petalburg_gym,77,NORMAL
petalburg_gym,78,NORMAL
petalburg_gym,79,NORMAL
petalburg_gym,80,NORMAL
petalburg_gym,81,NORMAL
petalburg_gym,82,NORMAL
petalburg_gym,83,NORMAL
petalburg_gym,84,NORMAL
petalburg_gym,85,NORMAL
petalburg_gym,86,NORMAL
petalburg_gym,87,NORMAL
petalburg_gym,88,NORMAL
petalburg_gym,89,NORMAL
petalburg_gym,90,NORMAL
petalburg_gym,91,NORMAL
petalburg_gym,92,NORMAL
petalburg_gym,93,NORMAL
petalburg_gym,94,NORMAL
petalburg_gym,95,NORMAL
petalburg_gym,96,NORMAL
petalburg_gym,97,NORMAL
petalburg_gym,98,NORMAL
petalburg_gym,99,NORMAL
petalburg_gym,100,NORMAL
petalburg_gym,101,NORMAL
petalburg_gym,102,NORMAL
petalburg_gym,103,NORMAL
petalburg_gym,104,NORMAL
petalburg_gym,105,NORMAL
petalburg_gym,106,NORMAL
petalburg_gym,107,NORMAL
petalburg_gym,108,NORMAL
petalburg_gym,109,NORMAL
petalburg_gym,110,NORMAL
petalburg_gym,111,NORMAL
petalburg_gym,112,NORMAL
petalburg_gym,113,NORMAL
petalburg_gym,114,NORMAL
petalburg_gym,115,NORMAL
petalburg_gym,116,NORMAL
petalburg_gym,117,NORMAL
petalburg_gym,118,NORMAL
petalburg_gym,119,NORMAL
petalburg_gym,120,NORMAL
petalburg_gym,121,NORMAL
petalburg_gym,122,NORMAL
petalburg_gym,123,NORMAL
petalburg_gym,124,NORMAL
petalburg_gym,125,NORMAL
petalburg_gym,126,NORMAL
petalburg_gym,127,NORMAL
petalburg_gym,128,NORMAL
petalburg_gym,129,NORMAL
petalburg_gym,130,NORMAL
petalburg_gym,131,NORMAL
petalburg_gym,132,NORMAL
petalburg_gym,133,NORMAL
petalburg_gym,134,NORMAL
petalburg_gym,135,NORMAL
petalburg_gym,136,NORMAL
petalburg_gym,137,NORMAL
petalburg_gym,138,NORMAL
petalburg_gym,139,NORMAL
petalburg_gym,140,NORMAL
petalburg_gym,141,NORMAL
petalburg_gym,142,NORMAL
petalburg_gym,143,NORMAL
petalburg_gym,144,NORMAL
petalburg_gym,145,NORMAL
petalburg_gym,146,NORMAL
petalburg_gym,147,NORMAL
petalburg_gym,148,NORMAL
petalburg_gym,149,NORMAL
petalburg_gym,150,NORMAL
petalburg_gym,151,NORMAL
petalburg_gym,152,NORMAL
petalburg_gym,153,NORMAL
petalburg_gym,154,NORMAL
petalburg_gym,155,NORMAL
petalburg_gym,156,NORMAL
petalburg_gym,157,NORMAL
petalburg_gym,158,NORMAL
petalburg_gym,159,NORMAL
petalburg_gym,160,NORMAL
petalburg_gym,161,NORMAL
petalburg_gym,162,NORMAL
petalburg_gym,163,NORMAL
petalburg_gym,164,NORMAL
petalburg_gym,165,NORMAL
petalburg_gym,166,NORMAL
petalburg_gym,167,NORMAL
petalburg_gym,168,NORMAL
petalburg_gym,169,NORMAL
petalburg_gym,170,NORMAL
petalburg_gym,171,NORMAL
petalburg_gym,172,NORMAL
petalburg_gym,173,NORMAL
petalburg_gym,174,NORMAL
petalburg_gym,175,NORMAL
petalburg_gym,176,NORMAL
petalburg_gym,177,NORMAL
petalburg_gym,178,NORMAL
petalburg_gym,179,NORMAL
petalburg_gym,180,NORMAL
petalburg_gym,181,NORMAL
petalburg_gym,182,NORMAL
petalburg_gym,183,NORMAL
petalburg_gym,184,NORMAL
petalburg_gym,185,NORMAL
petalburg_gym,186,NORMAL
petalburg_gym,187,NORMAL
petalburg_gym,188,NORMAL
petalburg_gym,189,NORMAL
petalburg_gym,190,NORMAL
petalburg_gym,191,NORMAL
petalburg_gym,192,NORMAL
petalburg_gym,193,NORMAL
petalburg_gym,194,NORMAL
petalburg_gym,195,NORMAL
petalburg_gym,196,NORMAL
petalburg_gym,197,NORMAL
petalburg_gym,198,NORMAL
petalburg_gym,199,NORMAL
petalburg_gym,200,NORMAL
petalburg_gym,201,NORMAL
petalburg_gym,202,NORMAL
petalburg_gym,203,NORMAL
petalburg_gym,204,NORMAL
petalburg_gym,205,NORMAL
petalburg_gym,206,NORMAL
petalburg_gym,207,NORMAL
petalburg_gym,208,NORMAL
petalburg_gym,209,NORMAL
petalburg_gym,210,NORMAL
petalburg_gym,211,NORMAL
petalburg_gym,212,NORMAL
petalburg_gym,213,NORMAL
petalburg_gym,214,NORMAL
petalburg_gym,215,NORMAL
petalburg_gym,216,NORMAL
petalburg_gym,217,NORMAL
petalburg_gym,218,NORMAL
petalburg_gym,219,NORMAL
petalburg_gym,220,NORMAL
petalburg_gym,221,NORMAL
petalburg_gym,222,NORMAL
petalburg_gym,223,NORMAL
union_room,0,NORMAL
union_room,1,NORMAL
union_room,2,NORMAL
union_room,3,NORMAL
union_room,4,NORMAL
union_room,5,NORMAL
union_room,6,NORMAL
union_room,7,NORMAL
union_room,8,NORMAL
union_room,9,NORMAL
union_room,10,NORMAL
union_room,11,NORMAL
union_room,12,NORMAL
union_room,13,NORMAL
union_room,14,NORMAL
union_room,15,NORMAL
union_room,16,NORMAL
union_room,17,NORMAL
union_room,18,NORMAL
union_room,19,NORMAL
union_room,20,NORMAL
union_room,21,NORMAL
union_room,22,NORMAL
union_room,23,NORMAL
union_room,24,NORMAL
union_room,25,NORMAL
union_room,26,NORMAL
union_room,27,NORMAL
union_room,28,NORMAL
union_room,29,NORMAL
union_room,30,NORMAL
union_room,31,NORMAL
union_room,32,NORMAL
union_room,33,NORMAL
union_room,34,NORMAL
union_room,35,NORMAL
union_room,36,NORMAL
union_room,37,NORMAL
union_room,38,NORMAL
union_room,39,NORMAL
union_room,40,NORMAL
union_room,41,NORMAL
union_room,42,NORMAL
union_room,43,NORMAL
union_room,44,NORMAL
union_room,45,NORMAL
union_room,46,NORMAL
union_room,47,NORMAL
union_room,48,NORMAL
sunyshore_house,0,NORMAL
sunyshore_house,1,NORMAL
sunyshore_house,2,NORMAL
sunyshore_house,3,NORMAL
sunyshore_house,4,NORMAL
sunyshore_house,5,NORMAL
sunyshore_house,6,NORMAL
sunyshore_house,7,NORMAL
sunyshore_house,8,NORMAL
sunyshore_house,9,NORMAL
sunyshore_house,10,NORMAL
sunyshore_house,11,NORMAL
sunyshore_house,12,NORMAL
sunyshore_house,13,NORMAL
sunyshore_house,14,NORMAL
sunyshore_house,15,NORMAL
sunyshore_house,16,NORMAL
sunyshore_house,17,NORMAL
sunyshore_house,18,NORMAL
sunyshore_house,19,NORMAL
sunyshore_house,20,NORMAL
sunyshore_house,21,NORMAL
sunyshore_house,22,NORMAL
sunyshore_house,23,NORMAL
sunyshore_house,24,NORMAL
sunyshore_house,25,NORMAL
sunyshore_house,26,NORMAL
sunyshore_house,27,NORMAL
sunyshore_house,28,NORMAL
sunyshore_house,29,NORMAL
sunyshore_house,30,NORMAL
sunyshore_house,31,NORMAL
sunyshore_house,32,NORMAL
sunyshore_house,33,NORMAL
sunyshore_house,34,NORMAL
sunyshore_house,35,NORMAL
sunyshore_house,36,NORMAL
sunyshore_house,37,NORMAL
sunyshore_house,38,NORMAL
sunyshore_house,39,NORMAL
sunyshore_house,40,NORMAL
sunyshore_house,41,NORMAL
sunyshore_house,42,NORMAL
sunyshore_house,43,NORMAL
sunyshore_house,44,NORMAL
sunyshore_house,45,NORMAL
sunyshore_house,46,NORMAL
sunyshore_house,47,NORMAL
sunyshore_house,48,NORMAL
sunyshore_house,49,NORMAL
sunyshore_house,50,NORMAL
sunyshore_house,51,NORMAL
sunyshore_house,52,NORMAL
sunyshore_house,53,NORMAL
sunyshore_house,54,NORMAL
sunyshore_house,55,NORMAL
sunyshore_house,56,NORMAL
sunyshore_house,57,NORMAL
sunyshore_house,58,NORMAL
sunyshore_house,59,NORMAL
sunyshore_house,60,NORMAL
sunyshore_house,61,NORMAL
sunyshore_house,62,NORMAL
sunyshore_house,63,NORMAL
sunyshore_house,64,NORMAL
sunyshore_house,65,NORMAL
sunyshore_house,66,NORMAL
sunyshore_house,67,NORMAL
sunyshore_house,68,NORMAL
sunyshore_house,69,NORMAL
sunyshore_house,70,NORMAL
sunyshore_house,71,NORMAL
sunyshore_house,72,NORMAL
sunyshore_house,73,NORMAL
sunyshore_house,74,NORMAL
sunyshore_house,75,NORMAL
sunyshore_house,76,NORMAL
sunyshore_house,77,NORMAL
sunyshore_house,78,NORMAL
sunyshore_house,79,NORMAL
sunyshore_house,80,NORMAL
sunyshore_house,81,NORMAL
sunyshore_house,82,NORMAL
sunyshore_house,83,NORMAL
sunyshore_house,84,NORMAL
sunyshore_house,85,NORMAL
sunyshore_house,86,NORMAL
sunyshore_house,87,NORMAL
sunyshore_house,88,NORMAL
sunyshore_house,89,NORMAL
sunyshore_house,90,NORMAL
sunyshore_house,91,NORMAL
sunyshore_house,92,NORMAL
sunyshore_house,93,NORMAL
sunyshore_house,94,NORMAL
sunyshore_house,95,NORMAL
sunyshore_house,96,NORMAL
sunyshore_house,97,NORMAL
sunyshore_house,98,NORMAL
sunyshore_house,99,NORMAL
sunyshore_house,100,NORMAL
sunyshore_house,101,NORMAL
sunyshore_house,102,NORMAL
sunyshore_house,103,NORMAL
sunyshore_house,104,NORMAL
sunyshore_house,105,NORMAL
sunyshore_house,106,NORMAL
sunyshore_house,107,NORMAL
sunyshore_house,108,NORMAL
sunyshore_house,109,NORMAL
sunyshore_house,110,NORMAL
sunyshore_house,111,NORMAL
sunyshore_house,112,NORMAL
sunyshore_house,113,NORMAL
sunyshore_house,114,NORMAL
sunyshore_house,115,NORMAL
sunyshore_house,116,NORMAL
sunyshore_house,117,NORMAL
sunyshore_house,118,NORMAL
sunyshore_house,119,NORMAL
sunyshore_house,120,NORMAL
sunyshore_house,121,NORMAL
sunyshore_house,122,NORMAL
sunyshore_house,123,NORMAL
sunyshore_house,124,NORMAL
sunyshore_house,125,NORMAL
sunyshore_house,126,NORMAL
sunyshore_house,127,NORMAL
route_205_south_2,0,NORMAL
route_205_south_2,1,NORMAL
route_205_south_2,2,NORMAL
route_205_south_2,3,NORMAL
route_205_south_2,4,NORMAL
route_205_south_2,5,NORMAL
route_205_south_2,6,NORMAL
route_205_south_2,7,NORMAL
route_205_south_2,8,NORMAL
route_205_south_2,9,NORMAL
route_205_south_2,10,NORMAL
route_205_south_2,11,NORMAL
route_205_south_2,12,NORMAL
route_205_south_2,13,NORMAL
route_205_south_2,14,NORMAL
route_205_south_2,15,NORMAL
route_205_south_2,16,NORMAL
route_205_south_2,17,NORMAL
route_205_south_2,18,NORMAL
route_205_south_2,19,NORMAL
route_205_south_2,20,NORMAL
route_205_south_2,21,NORMAL
route_205_south_2,22,NORMAL
route_205_south_2,23,NORMAL
route_205_south_2,24,NORMAL
route_205_south_2,25,NORMAL
route_205_south_2,26,NORMAL
route_205_south_2,27,NORMAL
route_205_south_2,28,NORMAL
route_205_south_2,29,NORMAL
route_205_south_2,30,NORMAL
route_205_south_2,31,NORMAL
route_205_south_2,32,NORMAL
route_205_south_2,33,NORMAL
route_205_south_2,34,NORMAL
route_205_south_2,35,NORMAL
route_205_south_2,36,NORMAL
route_205_south_2,37,NORMAL
route_205_south_2,38,NORMAL
route_205_south_2,39,NORMAL
route_205_south_2,40,NORMAL
route_205_south_2,41,NORMAL
route_205_south_2,42,NORMAL
route_205_south_2,43,NORMAL
route_205_south_2,44,NORMAL
route_205_south_2,45,NORMAL
route_205_south_2,46,NORMAL
route_205_south_2,47,NORMAL
route_205_south_2,48,NORMAL
route_205_south_2,49,NORMAL
route_205_south_2,50,NORMAL
route_205_south_2,51,NORMAL
route_205_south_2,52,NORMAL
route_205_south_2,53,NORMAL
route_205_south_2,54,NORMAL
route_205_south_2,55,NORMAL
route_205_south_2,56,NORMAL
route_205_south_2,57,NORMAL
route_205_south_2,58,NORMAL
route_205_south_2,59,NORMAL
route_205_south_2,60,NORMAL
route_205_south_2,61,NORMAL
route_205_south_2,62,NORMAL
route_205_south_2,63,NORMAL
route_205_south_2,64,NORMAL
route_205_south_2,65,NORMAL
route_205_south_2,66,NORMAL
route_205_south_2,67,NORMAL
route_205_south_2,68,NORMAL
route_205_south_2,69,NORMAL
route_205_south_2,70,NORMAL
route_205_south_2,71,NORMAL
route_205_south_2,72,NORMAL
route_205_south_2,73,NORMAL
route_205_south_2,74,NORMAL
route_205_south_2,75,NORMAL
route_205_south_2,76,NORMAL
route_205_south_2,77,NORMAL
route_205_south_2,78,NORMAL
route_205_south_2,79,NORMAL
route_205_south_2,80,NORMAL
route_205_south_2,81,NORMAL
route_205_south_2,82,NORMAL
route_205_south_2,83,NORMAL
route_205_south_2,84,NORMAL
route_205_south_2,85,NORMAL
route_205_south_2,86,NORMAL
route_205_south_2,87,NORMAL
route_205_south_2,88,NORMAL
route_205_south_2,89,NORMAL
route_205_south_2,90,NORMAL
route_205_south_2,91,NORMAL
route_205_south_2,92,NORMAL
route_205_south_2,93,NORMAL
route_205_south_2,94,NORMAL
route_205_south_2,95,NORMAL
route_205_south_2,96,NORMAL
route_205_south_2,97,NORMAL
route_205_south_2,98,NORMAL
route_205_south_2,99,NORMAL
route_205_south_2,100,NORMAL
route_205_south_2,101,NORMAL
route_205_south_2,102,NORMAL
route_205_south_2,103,NORMAL
route_205_south_2,104,NORMAL
route_205_south_2,105,NORMAL
route_205_south_2,106,NORMAL
route_205_south_2,107,NORMAL
route_205_south_2,108,NORMAL
route_205_south_2,109,NORMAL
route_205_south_2,110,NORMAL
route_205_south_2,111,NORMAL
route_205_south_2,112,NORMAL
route_205_south_2,113,NORMAL
route_205_south_2,114,NORMAL
route_205_south_2,115,NORMAL
route_205_south_2,116,NORMAL
route_205_south_2,117,NORMAL
route_205_south_2,118,NORMAL
route_205_south_2,119,NORMAL
route_205_south_2,120,NORMAL
route_205_south_2,121,NORMAL
route_205_south_2,122,NORMAL
route_205_south_2,123,NORMAL
route_205_south_2,124,NORMAL
route_205_south_2,125,NORMAL
route_205_south_2,126,NORMAL
route_205_south_2,127,NORMAL
route_205_south_2,128,NORMAL
route_205_south_2,129,NORMAL
route_205_south_2,130,NORMAL
route_205_south_2,131,NORMAL
route_205_south_2,132,NORMAL
route_205_south_2,133,NORMAL
route_205_south_2,134,NORMAL
route_205_south_2,135,NORMAL
route_205_south_2,136,NORMAL
route_205_south_2,137,NORMAL
route_205_south_2,138,NORMAL
route_205_south_2,139,NORMAL
route_205_south_2,140,NORMAL
route_205_south_2,141,NORMAL
route_205_south_2,142,NORMAL
route_205_south_2,143,NORMAL
route_205_south_2,144,NORMAL
route_205_south_2,145,NORMAL
route_205_south_2,146,NORMAL
route_205_south_2,147,NORMAL
route_205_south_2,148,NORMAL
route_205_south_2,149,NORMAL
route_205_south_2,150,NORMAL
route_205_south_2,151,NORMAL
route_205_south_2,152,NORMAL
route_205_south_2,153,NORMAL
route_205_south_2,154,NORMAL
route_205_south_2,155,NORMAL
route_205_south_2,156,NORMAL
route_205_south_2,157,NORMAL
route_205_south_2,158,NORMAL
route_205_south_2,159,NORMAL
route_205_south_2,160,NORMAL
route_205_south_2,161,NORMAL
route_205_south_2,162,NORMAL
route_205_south_2,163,NORMAL
route_205_south_2,164,NORMAL
route_205_south_2,165,NORMAL
route_205_south_2,166,NORMAL
route_205_south_2,167,NORMAL
route_205_south_2,168,NORMAL
route_205_south_2,169,NORMAL
route_205_south_2,170,NORMAL
route_205_south_2,171,NORMAL
route_205_south_2,172,NORMAL
route_205_south_2,173,NORMAL
route_205_south_2,174,NORMAL
route_205_south_2,175,NORMAL
route_205_south_2,176,NORMAL
route_205_south_2,177,NORMAL
route_205_south_2,178,NORMAL
route_205_south_2,179,NORMAL
route_205_south_2,180,NORMAL
route_205_south_2,181,NORMAL
route_205_south_2,182,NORMAL
route_205_south_2,183,NORMAL
route_205_south_2,184,NORMAL
route_205_south_2,185,NORMAL
route_205_south_2,186,NORMAL
route_205_south_2,187,NORMAL
route_205_south_2,188,NORMAL
route_205_south_2,189,NORMAL
route_205_south_2,190,NORMAL
route_205_south_2,191,NORMAL
route_205_south_2,192,NORMAL
route_205_south_2,193,NORMAL
route_205_south_2,194,NORMAL
route_205_south_2,195,NORMAL
route_205_south_2,196,NORMAL
route_205_south_2,197,NORMAL
route_205_south_2,198,NORMAL
route_205_south_2,199,NORMAL
route_205_south_2,200,NORMAL
route_205_south_2,201,NORMAL
route_205_south_2,202,NORMAL
route_205_south_2,203,NORMAL
route_205_south_2,204,NORMAL
route_205_south_2,205,NORMAL
route_205_south_2,206,NORMAL
route_205_south_2,207,NORMAL
route_205_south_2,208,NORMAL
route_205_south_2,209,NORMAL
route_205_south_2,210,NORMAL
route_205_south_2,211,NORMAL
route_205_south_2,212,NORMAL
route_205_south_2,213,NORMAL
route_205_south_2,214,NORMAL
route_205_south_2,215,NORMAL
route_205_south_2,216,NORMAL
route_205_south_2,217,NORMAL
route_205_south_2,218,NORMAL
route_205_south_2,219,NORMAL
route_205_south_2,220,NORMAL
route_205_south_2,221,NORMAL
route_205_south_2,222,NORMAL
route_205_south_2,223,NORMAL
route_205_south_2,224,NORMAL
route_205_south_2,225,NORMAL
route_205_south_2,226,NORMAL
route_205_south_2,227,NORMAL
route_205_south_2,228,NORMAL
route_205_south_2,229,NORMAL
route_205_south_2,230,NORMAL
route_205_south_2,231,NORMAL
route_205_south_2,232,NORMAL
route_205_south_2,233,NORMAL
route_205_south_2,234,NORMAL
route_205_south_2,235,NORMAL
route_205_south_2,236,NORMAL
route_205_south_2,237,NORMAL
route_205_south_2,238,NORMAL
route_205_south_2,239,NORMAL
route_205_south_2,240,NORMAL
route_205_south_2,241,NORMAL
route_205_south_2,242,NORMAL
route_205_south_2,243,NORMAL
route_205_south_2,244,NORMAL
route_205_south_2,245,NORMAL
route_205_south_2,246,NORMAL
route_205_south_2,247,NORMAL
route_205_south_2,248,NORMAL
route_205_south_2,249,NORMAL
route_205_south_2,250,NORMAL
route_205_south_2,251,NORMAL
route_205_south_2,252,NORMAL
route_205_south_2,253,NORMAL
route_205_south_2,254,NORMAL
route_205_south_2,255,NORMAL
battle_pike,0,NORMAL
battle_pike,1,NORMAL
battle_pike,2,NORMAL
battle_pike,3,NORMAL
battle_pike,4,NORMAL
battle_pike,5,NORMAL
battle_pike,6,NORMAL
battle_pike,7,NORMAL
battle_pike,8,NORMAL
battle_pike,9,NORMAL
battle_pike,10,NORMAL
battle_pike,11,NORMAL
battle_pike,12,NORMAL
battle_pike,13,NORMAL
battle_pike,14,NORMAL
battle_pike,15,NORMAL
battle_pike,16,NORMAL
battle_pike,17,NORMAL
battle_pike,18,NORMAL
battle_pike,19,NORMAL
battle_pike,20,NORMAL
battle_pike,21,NORMAL
battle_pike,22,NORMAL
battle_pike,23,NORMAL
battle_pike,24,NORMAL
battle_pike,25,NORMAL
battle_pike,26,NORMAL
battle_pike,27,NORMAL
battle_pike,28,NORMAL
battle_pike,29,NORMAL
battle_pike,30,NORMAL
battle_pike,31,NORMAL
battle_pike,32,NORMAL
battle_pike,33,NORMAL
battle_pike,34,NORMAL
battle_pike,35,NORMAL
battle_pike,36,NORMAL
battle_pike,37,NORMAL
battle_pike,38,NORMAL
battle_pike,39,NORMAL
battle_pike,40,NORMAL
battle_pike,41,NORMAL
battle_pike,42,NORMAL
battle_pike,43,NORMAL
battle_pike,44,NORMAL
battle_pike,45,NORMAL
battle_pike,46,NORMAL
battle_pike,47,NORMAL
battle_pike,48,NORMAL
battle_pike,49,NORMAL
battle_pike,50,NORMAL
battle_pike,51,NORMAL
battle_pike,52,NORMAL
battle_pike,53,NORMAL
battle_pike,54,NORMAL
battle_pike,55,NORMAL
battle_pike,56,NORMAL
battle_pike,57,NORMAL
battle_pike,58,NORMAL
battle_pike,59,NORMAL
battle_pike,60,NORMAL
battle_pike,61,NORMAL
battle_pike,62,NORMAL
battle_pike,63,NORMAL
battle_pike,64,NORMAL
battle_pike,65,NORMAL
battle_pike,66,NORMAL
battle_pike,67,NORMAL
battle_pike,68,NORMAL
battle_pike,69,NORMAL
battle_pike,70,NORMAL
battle_pike,71,NORMAL
battle_pike,72,NORMAL
battle_pike,73,NORMAL
battle_pike,74,NORMAL
battle_pike,75,NORMAL
battle_pike,76,NORMAL
battle_pike,77,NORMAL
battle_pike,78,NORMAL
battle_pike,79,NORMAL
battle_pike,80,NORMAL
battle_pike,81,NORMAL
battle_pike,82,NORMAL
battle_pike,83,NORMAL
battle_pike,84,NORMAL
battle_pike,85,NORMAL
battle_pike,86,NORMAL
battle_pike,87,NORMAL
battle_pike,88,NORMAL
battle_pike,89,NORMAL
battle_pike,90,NORMAL
battle_pike,91,NORMAL
battle_pike,92,NORMAL
battle_pike,93,NORMAL
battle_pike,94,NORMAL
battle_pike,95,NORMAL
battle_pike,96,NORMAL
battle_pike,97,NORMAL
battle_pike,98,NORMAL
battle_pike,99,NORMAL
battle_pike,100,NORMAL
battle_pike,101,NORMAL
battle_pike,102,NORMAL
battle_pike,103,NORMAL
battle_pike,104,NORMAL
battle_pike,105,NORMAL
battle_pike,106,NORMAL
battle_pike,107,NORMAL
battle_pike,108,NORMAL
battle_pike,109,NORMAL
battle_pike,110,NORMAL
battle_pike,111,NORMAL
battle_pike,112,NORMAL
battle_pike,113,NORMAL
battle_pike,114,NORMAL
battle_pike,115,NORMAL
battle_pike,116,NORMAL
battle_pike,117,NORMAL
battle_pike,118,NORMAL
battle_pike,119,NORMAL
battle_pike,120,NORMAL
battle_pike,121,NORMAL
battle_pike,122,NORMAL
battle_pike,123,NORMAL
battle_pike,124,NORMAL
battle_pike,125,NORMAL
battle_pike,126,NORMAL
battle_pike,127,NORMAL
battle_pike,128,NORMAL
battle_pike,129,NORMAL
battle_pike,130,NORMAL
battle_pike,131,NORMAL
battle_pike,132,NORMAL
battle_pike,133,NORMAL
battle_pike,134,NORMAL
battle_pike,135,NORMAL
battle_pike,136,NORMAL
battle_pike,137,NORMAL
battle_pike,138,NORMAL
battle_pike,139,NORMAL
battle_pike,140,NORMAL
battle_pike,141,NORMAL
battle_pike,142,NORMAL
battle_pike,143,NORMAL
battle_pike,144,NORMAL
battle_pike,145,NORMAL
battle_pike,146,NORMAL
battle_pike,147,NORMAL
battle_pike,148,NORMAL
battle_pike,149,NORMAL
battle_pike,150,NORMAL
battle_pike,151,NORMAL
battle_pike,152,NORMAL
battle_pike,153,NORMAL
battle_pike,154,NORMAL
battle_pike,155,NORMAL
battle_pike,156,NORMAL
battle_pike,157,NORMAL
battle_pike,158,NORMAL
battle_pike,159,NORMAL
battle_pike,160,NORMAL
battle_pike,161,NORMAL
battle_pike,162,NORMAL
battle_pike,163,NORMAL
battle_pike,164,NORMAL
battle_pike,165,NORMAL
battle_pike,166,NORMAL
battle_pike,167,NORMAL
battle_pike,168,NORMAL
battle_pike,169,NORMAL
battle_pike,170,NORMAL
battle_pike,171,NORMAL
battle_pike,172,NORMAL
battle_pike,173,NORMAL
battle_pike,174,NORMAL
battle_pike,175,NORMAL
battle_pike,176,NORMAL
battle_pike,177,NORMAL
battle_pike,178,NORMAL
battle_pike,179,NORMAL
battle_pike,180,NORMAL
battle_pike,181,NORMAL
battle_pike,182,NORMAL
battle_pike,183,NORMAL
battle_pike,184,NORMAL
battle_pike,185,NORMAL
battle_pike,186,NORMAL
battle_pike,187,NORMAL
battle_pike,188,NORMAL
battle_pike,189,NORMAL
battle_pike,190,NORMAL
battle_pike,191,NORMAL
battle_pike,192,NORMAL
battle_pike,193,NORMAL
battle_pike,194,NORMAL
battle_pike,195,NORMAL
battle_pike,196,NORMAL
battle_pike,197,NORMAL
battle_pike,198,NORMAL
battle_pike,199,NORMAL
battle_pike,200,NORMAL
battle_pike,201,NORMAL
battle_pike,202,NORMAL
battle_pike,203,NORMAL
battle_pike,204,NORMAL
battle_pike,205,NORMAL
battle_pike,206,NORMAL
battle_pike,207,NORMAL
battle_pike,208,NORMAL
battle_pike,209,NORMAL
battle_pike,210,NORMAL
battle_pike,211,NORMAL
battle_pike,212,NORMAL
battle_pike,213,NORMAL
battle_pike,214,NORMAL
battle_pike,215,NORMAL
battle_pike,216,NORMAL
battle_pike,217,NORMAL
battle_pike,218,NORMAL
battle_pike,219,NORMAL
battle_pike,220,NORMAL
battle_pike,221,NORMAL
battle_pike,222,NORMAL
battle_pike,223,NORMAL
battle_pike,224,NORMAL
battle_pike,225,NORMAL
battle_pike,226,NORMAL
battle_pike,227,NORMAL
battle_pike,228,NORMAL
battle_pike,229,NORMAL
battle_pike,230,NORMAL
battle_pike,231,NORMAL
battle_pike,232,NORMAL
battle_pike,233,NORMAL
battle_pike,234,NORMAL
battle_pike,235,NORMAL
battle_pike,236,NORMAL
battle_pike,237,NORMAL
battle_pike,238,NORMAL
battle_pike,239,NORMAL
battle_pike,240,NORMAL
battle_pike,241,NORMAL
battle_pike,242,NORMAL
battle_pike,243,NORMAL
battle_pike,244,NORMAL
battle_pike,245,NORMAL
battle_pike,246,NORMAL
battle_pike,247,NORMAL
battle_pike,248,NORMAL
battle_pike,249,NORMAL
battle_pike,250,NORMAL
battle_pike,251,NORMAL
battle_pike,252,NORMAL
battle_pike,253,NORMAL
battle_pike,254,NORMAL
battle_pike,255,NORMAL
battle_pike,256,NORMAL
battle_pike,257,NORMAL
battle_pike,258,NORMAL
battle_pike,259,NORMAL
battle_pike,260,NORMAL
battle_pike,261,NORMAL
battle_pike,262,NORMAL
battle_pike,263,NORMAL
battle_pike,264,NORMAL
battle_pike,265,NORMAL
battle_pike,266,NORMAL
battle_pike,267,NORMAL
battle_pike,268,NORMAL
battle_pike,269,NORMAL
battle_pike,270,NORMAL
battle_pike,271,NORMAL
battle_pike,272,NORMAL
battle_pike,273,NORMAL
battle_pike,274,NORMAL
battle_pike,275,NORMAL
battle_pike,276,NORMAL
battle_pike,277,NORMAL
battle_pike,278,NORMAL
battle_pike,279,NORMAL
battle_pike,280,NORMAL
battle_pike,281,NORMAL
battle_pike,282,NORMAL
battle_pike,283,NORMAL
battle_pike,284,NORMAL
battle_pike,285,NORMAL
battle_pike,286,NORMAL
battle_pike,287,NORMAL
battle_pike,288,NORMAL
battle_pike,289,NORMAL
battle_pike,290,NORMAL
battle_pike,291,NORMAL
battle_pike,292,NORMAL
battle_pike,293,NORMAL
battle_pike,294,NORMAL
battle_pike,295,NORMAL
battle_pike,296,NORMAL
battle_pike,297,NORMAL
battle_pike,298,NORMAL
battle_pike,299,NORMAL
battle_pike,300,NORMAL
battle_pike,301,NORMAL
battle_pike,302,NORMAL
battle_pike,303,NORMAL
battle_pike,304,NORMAL
battle_pike,305,NORMAL
battle_pike,306,NORMAL
battle_pike,307,NORMAL
battle_pike,308,NORMAL
battle_pike,309,NORMAL
battle_pike,310,NORMAL
battle_pike,311,NORMAL
battle_pike,312,NORMAL
battle_pike,313,NORMAL
battle_pike,314,NORMAL
battle_pike,315,NORMAL
battle_pike,316,NORMAL
battle_pike,317,NORMAL
battle_pike,318,NORMAL
battle_pike,319,NORMAL
battle_pike,320,NORMAL
battle_pike,321,NORMAL
battle_pike,322,NORMAL
battle_pike,323,NORMAL
battle_pike,324,NORMAL
battle_pike,325,NORMAL
battle_pike,326,NORMAL
battle_pike,327,NORMAL
battle_pike,328,NORMAL
battle_pike,329,NORMAL
battle_pike,330,NORMAL
battle_pike,331,NORMAL
battle_pike,332,NORMAL
battle_pike,333,NORMAL
battle_pike,334,NORMAL
battle_pike,335,NORMAL
battle_pike,336,NORMAL
battle_pike,337,NORMAL
battle_pike,338,NORMAL
battle_pike,339,NORMAL
battle_pike,340,NORMAL
battle_pike,341,NORMAL
battle_pike,342,NORMAL
battle_pike,343,NORMAL
battle_pike,344,NORMAL
battle_pike,345,NORMAL
battle_pike,346,NORMAL
battle_factory,0,NORMAL
battle_factory,1,NORMAL
battle_factory,2,NORMAL
battle_factory,3,NORMAL
battle_factory,4,NORMAL
battle_factory,5,NORMAL
battle_factory,6,NORMAL
battle_factory,7,NORMAL
battle_factory,8,NORMAL
battle_factory,9,NORMAL
battle_factory,10,NORMAL
battle_factory,11,NORMAL
battle_factory,12,NORMAL
battle_factory,13,NORMAL
battle_factory,14,NORMAL
battle_factory,15,NORMAL
battle_factory,16,NORMAL
battle_factory,17,NORMAL
battle_factory,18,NORMAL
battle_factory,19,NORMAL
battle_factory,20,NORMAL
battle_factory,21,NORMAL
battle_factory,22,NORMAL
battle_factory,23,NORMAL
battle_factory,24,NORMAL
battle_factory,25,NORMAL
battle_factory,26,NORMAL
battle_factory,27,NORMAL
battle_factory,28,NORMAL
battle_factory,29,NORMAL
battle_factory,30,NORMAL
battle_factory,31,NORMAL
battle_factory,32,NORMAL
battle_factory,33,NORMAL
battle_factory,34,NORMAL
battle_factory,35,NORMAL
battle_factory,36,NORMAL
battle_factory,37,NORMAL
battle_factory,38,NORMAL
battle_factory,39,NORMAL
battle_factory,40,NORMAL
battle_factory,41,NORMAL
battle_factory,42,NORMAL
battle_factory,43,NORMAL
battle_factory,44,NORMAL
battle_factory,45,NORMAL
battle_factory,46,NORMAL
battle_factory,47,NORMAL
battle_factory,48,NORMAL
battle_factory,49,NORMAL
battle_factory,50,NORMAL
battle_factory,51,NORMAL
battle_factory,52,NORMAL
battle_factory,53,NORMAL
battle_factory,54,NORMAL
battle_factory,55,NORMAL
battle_factory,56,NORMAL
battle_factory,57,NORMAL
battle_factory,58,NORMAL
battle_factory,59,NORMAL
battle_factory,60,NORMAL
battle_factory,61,NORMAL
battle_factory,62,NORMAL
battle_factory,63,NORMAL
battle_factory,64,NORMAL
battle_factory,65,NORMAL
battle_factory,66,NORMAL
battle_factory,67,NORMAL
battle_factory,68,NORMAL
battle_factory,69,NORMAL
battle_factory,70,NORMAL
battle_factory,71,NORMAL
battle_factory,72,NORMAL
battle_factory,73,NORMAL
battle_factory,74,NORMAL
battle_factory,75,NORMAL
battle_factory,76,NORMAL
battle_factory,77,NORMAL
battle_factory,78,NORMAL
battle_factory,79,NORMAL
battle_factory,80,NORMAL
battle_factory,81,NORMAL
battle_factory,82,NORMAL
battle_factory,83,NORMAL
battle_factory,84,NORMAL
battle_factory,85,NORMAL
battle_factory,86,NORMAL
battle_factory,87,NORMAL
battle_factory,88,NORMAL
battle_factory,89,NORMAL
battle_factory,90,NORMAL
battle_factory,91,NORMAL
battle_factory,92,NORMAL
battle_factory,93,NORMAL
battle_factory,94,NORMAL
battle_factory,95,NORMAL
battle_factory,96,NORMAL
battle_factory,97,NORMAL
battle_factory,98,NORMAL
battle_factory,99,NORMAL
battle_factory,100,NORMAL
battle_factory,101,NORMAL
battle_factory,102,NORMAL
battle_factory,103,NORMAL
battle_factory,104,NORMAL
battle_factory,105,NORMAL
battle_factory,106,NORMAL
battle_factory,107,NORMAL
battle_factory,108,NORMAL
battle_factory,109,NORMAL
battle_factory,110,NORMAL
battle_factory,111,NORMAL
battle_factory,112,NORMAL
battle_factory,113,NORMAL
battle_factory,114,NORMAL
battle_factory,115,NORMAL
battle_factory,116,NORMAL
battle_factory,117,NORMAL
battle_factory,118,NORMAL
battle_factory,119,NORMAL
battle_factory,120,NORMAL
battle_factory,121,NORMAL
battle_factory,122,NORMAL
battle_factory,123,NORMAL
battle_factory,124,NORMAL
battle_factory,125,NORMAL
battle_factory,126,NORMAL
battle_factory,127,NORMAL
battle_factory,128,NORMAL
battle_factory,129,NORMAL
battle_factory,130,NORMAL
battle_factory,131,NORMAL
battle_factory,132,NORMAL
battle_factory,133,NORMAL
battle_factory,134,NORMAL
battle_factory,135,NORMAL
battle_factory,136,NORMAL
battle_factory,137,NORMAL
battle_factory,138,NORMAL
battle_factory,139,NORMAL
battle_factory,140,NORMAL
battle_factory,141,NORMAL
battle_factory,142,NORMAL
battle_factory,143,NORMAL
battle_factory,144,NORMAL
battle_factory,145,NORMAL
battle_factory,146,NORMAL
battle_factory,147,NORMAL
battle_factory,148,NORMAL
battle_factory,149,NORMAL
battle_factory,150,NORMAL
battle_factory,151,NORMAL
battle_factory,152,NORMAL
battle_factory,153,NORMAL
battle_factory,154,NORMAL
battle_factory,155,NORMAL
battle_factory,156,NORMAL
battle_factory,157,NORMAL
battle_factory,158,NORMAL
battle_factory,159,NORMAL
battle_factory,160,NORMAL
battle_factory,161,NORMAL
battle_factory,162,NORMAL
battle_factory,163,NORMAL
battle_factory,164,NORMAL
battle_factory,165,NORMAL
battle_factory,166,NORMAL
battle_factory,167,NORMAL
battle_factory,168,NORMAL
battle_factory,169,NORMAL
battle_factory,170,NORMAL
battle_factory,171,NORMAL
battle_factory,172,NORMAL
battle_factory,173,NORMAL
battle_factory,174,NORMAL
battle_factory,175,NORMAL
battle_factory,176,NORMAL
battle_factory,177,NORMAL
battle_factory,178,NORMAL
battle_factory,179,NORMAL
battle_factory,180,NORMAL
battle_factory,181,NORMAL
battle_factory,182,NORMAL
battle_factory,183,NORMAL
battle_factory,184,NORMAL
battle_factory,185,NORMAL
battle_factory,186,NORMAL
battle_factory,187,NORMAL
battle_factory,188,NORMAL
battle_factory,189,NORMAL
battle_factory,190,NORMAL
battle_factory,191,NORMAL
battle_factory,192,NORMAL
battle_factory,193,NORMAL
battle_factory,194,NORMAL
battle_factory,195,NORMAL
battle_factory,196,NORMAL
battle_factory,197,NORMAL
battle_factory,198,NORMAL
battle_factory,199,NORMAL
battle_factory,200,NORMAL
battle_factory,201,NORMAL
battle_factory,202,NORMAL
battle_factory,203,NORMAL
battle_factory,204,NORMAL
battle_factory,205,NORMAL
battle_factory,206,NORMAL
battle_factory,207,NORMAL
battle_factory,208,NORMAL
battle_factory,209,NORMAL
battle_factory,210,NORMAL
battle_factory,211,NORMAL
battle_factory,212,NORMAL
battle_factory,213,NORMAL
battle_factory,214,NORMAL
battle_factory,215,NORMAL
battle_factory,216,NORMAL
battle_factory,217,NORMAL
battle_factory,218,NORMAL
battle_factory,219,NORMAL
battle_factory,220,NORMAL
battle_factory,221,NORMAL
battle_factory,222,NORMAL
battle_factory,223,NORMAL
battle_factory,224,NORMAL
battle_factory,225,NORMAL
battle_factory,226,NORMAL
battle_factory,227,NORMAL
battle_factory,228,NORMAL
battle_factory,229,NORMAL
battle_factory,230,NORMAL
battle_factory,231,NORMAL
battle_factory,232,NORMAL
battle_factory,233,NORMAL
battle_factory,234,NORMAL
battle_factory,235,NORMAL
battle_factory,236,NORMAL
battle_factory,237,NORMAL
battle_factory,238,NORMAL
battle_factory,239,NORMAL
battle_factory,240,NORMAL
battle_factory,241,NORMAL
battle_factory,242,NORMAL
battle_factory,243,NORMAL
battle_factory,244,NORMAL
battle_factory,245,NORMAL
battle_factory,246,NORMAL
battle_factory,247,NORMAL
battle_factory,248,NORMAL
battle_factory,249,NORMAL
battle_factory,250,NORMAL
battle_factory,251,NORMAL
battle_factory,252,NORMAL
battle_factory,253,NORMAL
battle_factory,254,NORMAL
battle_factory,255,NORMAL
battle_factory,256,NORMAL
battle_factory,257,NORMAL
battle_factory,258,NORMAL
battle_factory,259,NORMAL
battle_factory,260,NORMAL
battle_factory,261,NORMAL
battle_factory,262,NORMAL
battle_factory,263,NORMAL
battle_factory,264,NORMAL
battle_factory,265,NORMAL
battle_factory,266,NORMAL
battle_factory,267,NORMAL
battle_factory,268,NORMAL
battle_factory,269,NORMAL
battle_factory,270,NORMAL
battle_factory,271,NORMAL
battle_factory,272,NORMAL
battle_factory,273,NORMAL
battle_factory,274,NORMAL
battle_factory,275,NORMAL
battle_factory,276,NORMAL
battle_factory,277,NORMAL
battle_factory,278,NORMAL
battle_factory,279,NORMAL
battle_factory,280,NORMAL
battle_factory,281,NORMAL
battle_factory,282,NORMAL
battle_factory,283,NORMAL
battle_factory,284,NORMAL
battle_factory,285,NORMAL
battle_factory,286,NORMAL
battle_factory,287,NORMAL
battle_factory,288,NORMAL
battle_factory,289,NORMAL
battle_factory,290,NORMAL
battle_factory,291,NORMAL
battle_factory,292,NORMAL
battle_factory,293,NORMAL
battle_factory,294,NORMAL
battle_factory,295,NORMAL
battle_factory,296,NORMAL
battle_factory,297,NORMAL
battle_factory,298,NORMAL
battle_factory,299,NORMAL
battle_factory,300,NORMAL
battle_factory,301,NORMAL
battle_factory,302,NORMAL
battle_factory,303,NORMAL
battle_factory,304,NORMAL
battle_factory,305,NORMAL
battle_factory,306,NORMAL
battle_factory,307,NORMAL
battle_factory,308,NORMAL
battle_factory,309,NORMAL
battle_factory,310,NORMAL
battle_factory,311,NORMAL
battle_factory,312,NORMAL
battle_factory,313,NORMAL
battle_factory,314,NORMAL
battle_factory,315,NORMAL
battle_factory,316,NORMAL
battle_factory,317,NORMAL
battle_factory,318,NORMAL
battle_factory,319,NORMAL
battle_factory,320,NORMAL
battle_factory,321,NORMAL
battle_factory,322,NORMAL
battle_factory,323,NORMAL
battle_factory,324,NORMAL
battle_factory,325,NORMAL
battle_factory,326,NORMAL
battle_factory,327,NORMAL
battle_factory,328,NORMAL
battle_factory,329,NORMAL
battle_factory,330,NORMAL
battle_factory,331,NORMAL
battle_factory,332,NORMAL
battle_factory,333,NORMAL
battle_factory,334,NORMAL
battle_factory,335,NORMAL
battle_factory,336,NORMAL
battle_factory,337,NORMAL
battle_factory,338,NORMAL
battle_factory,339,NORMAL
battle_factory,340,NORMAL
battle_factory,341,NORMAL
battle_factory,342,NORMAL
battle_factory,343,NORMAL
battle_factory,344,NORMAL
battle_factory,345,NORMAL
battle_factory,346,NORMAL
battle_factory,347,NORMAL
battle_factory,348,NORMAL
battle_factory,349,NORMAL
battle_factory,350,NORMAL
battle_factory,351,NORMAL
battle_factory,352,NORMAL
battle_factory,353,NORMAL
twinleaf_rival,0,NORMAL
twinleaf_rival,1,NORMAL
twinleaf_rival,2,NORMAL
twinleaf_rival,3,NORMAL
twinleaf_rival,4,NORMAL
twinleaf_rival,5,NORMAL
twinleaf_rival,6,NORMAL
twinleaf_rival,7,NORMAL
twinleaf_rival,8,NORMAL
twinleaf_rival,9,NORMAL
twinleaf_rival,10,NORMAL
twinleaf_rival,11,NORMAL
twinleaf_rival,12,NORMAL
twinleaf_rival,13,NORMAL
twinleaf_rival,14,NORMAL
twinleaf_rival,15,NORMAL
twinleaf_rival,16,NORMAL
twinleaf_rival,17,NORMAL
twinleaf_rival,18,NORMAL
twinleaf_rival,19,NORMAL
twinleaf_rival,20,NORMAL
twinleaf_rival,21,NORMAL
twinleaf_rival,22,NORMAL
twinleaf_rival,23,NORMAL
twinleaf_rival,24,NORMAL
twinleaf_rival,25,NORMAL
twinleaf_rival,26,NORMAL
twinleaf_rival,27,NORMAL
twinleaf_rival,28,NORMAL
twinleaf_rival,29,NORMAL
twinleaf_rival,30,NORMAL
twinleaf_rival,31,NORMAL
twinleaf_rival,32,NORMAL
twinleaf_rival,33,NORMAL
twinleaf_rival,34,NORMAL
twinleaf_rival,35,NORMAL
twinleaf_rival,36,NORMAL
twinleaf_rival,37,NORMAL
twinleaf_rival,38,NORMAL
twinleaf_rival,39,NORMAL
twinleaf_rival,40,NORMAL
twinleaf_rival,41,NORMAL
twinleaf_rival,42,NORMAL
twinleaf_rival,43,NORMAL
twinleaf_rival,44,NORMAL
twinleaf_rival,45,NORMAL
twinleaf_rival,46,NORMAL
twinleaf_rival,47,NORMAL
twinleaf_rival,48,NORMAL
twinleaf_rival,49,NORMAL
twinleaf_rival,50,NORMAL
twinleaf_rival,51,NORMAL
twinleaf_rival,52,NORMAL
twinleaf_rival,53,NORMAL
twinleaf_rival,54,NORMAL
twinleaf_rival,55,NORMAL
twinleaf_rival,56,NORMAL
twinleaf_rival,57,NORMAL
twinleaf_rival,58,NORMAL
twinleaf_rival,59,NORMAL
twinleaf_rival,60,NORMAL
twinleaf_rival,61,NORMAL
twinleaf_rival,62,NORMAL
twinleaf_rival,63,NORMAL
twinleaf_rival,64,NORMAL
twinleaf_rival,65,NORMAL
twinleaf_rival,66,NORMAL
twinleaf_rival,67,NORMAL
twinleaf_rival,68,NORMAL
twinleaf_rival,69,NORMAL
twinleaf_rival,70,NORMAL
twinleaf_rival,71,NORMAL
twinleaf_rival,72,NORMAL
twinleaf_rival,73,NORMAL
twinleaf_rival,74,NORMAL
twinleaf_rival,75,NORMAL
twinleaf_rival,76,NORMAL
twinleaf_rival,77,NORMAL
twinleaf_rival,78,NORMAL
twinleaf_rival,79,NORMAL
twinleaf_rival,80,NORMAL
twinleaf_rival,81,NORMAL
twinleaf_rival,82,NORMAL
twinleaf_rival,83,NORMAL
twinleaf_rival,84,NORMAL
twinleaf_rival,85,NORMAL
twinleaf_rival,86,NORMAL
twinleaf_rival,87,NORMAL
twinleaf_rival,88,NORMAL
twinleaf_rival,89,NORMAL
twinleaf_rival,90,NORMAL
twinleaf_rival,91,NORMAL
twinleaf_rival,92,NORMAL
twinleaf_rival,93,NORMAL
twinleaf_rival,94,NORMAL
twinleaf_rival,95,NORMAL
twinleaf_rival,96,NORMAL
twinleaf_rival,97,NORMAL
twinleaf_rival,98,NORMAL
twinleaf_rival,99,NORMAL
twinleaf_rival,100,NORMAL
twinleaf_rival,101,NORMAL
twinleaf_rival,102,NORMAL
twinleaf_rival,103,NORMAL
twinleaf_rival,104,NORMAL
twinleaf_rival,105,NORMAL
twinleaf_rival,106,NORMAL
twinleaf_rival,107,NORMAL
twinleaf_rival,108,NORMAL
twinleaf_rival,109,NORMAL
twinleaf_rival,110,NORMAL
twinleaf_rival,111,NORMAL
twinleaf_rival,112,NORMAL
twinleaf_rival,113,NORMAL
twinleaf_rival,114,NORMAL
twinleaf_rival,115,NORMAL
twinleaf_rival,116,NORMAL
twinleaf_rival,117,NORMAL
twinleaf_rival,118,NORMAL
twinleaf_rival,119,NORMAL
twinleaf_rival,120,NORMAL
twinleaf_rival,121,NORMAL
twinleaf_rival,122,NORMAL
twinleaf_rival,123,NORMAL
twinleaf_rival,124,NORMAL
twinleaf_rival,125,NORMAL
twinleaf_rival,126,NORMAL
twinleaf_rival,127,NORMAL
gatehouse,0,NORMAL
gatehouse,1,NORMAL
gatehouse,2,NORMAL
gatehouse,3,NORMAL
gatehouse,4,NORMAL
gatehouse,5,NORMAL
gatehouse,6,NORMAL
gatehouse,7,NORMAL
gatehouse,8,NORMAL
gatehouse,9,NORMAL
gatehouse,10,NORMAL
gatehouse,11,NORMAL
gatehouse,12,NORMAL
gatehouse,13,NORMAL
gatehouse,14,NORMAL
gatehouse,15,NORMAL
gatehouse,16,NORMAL
gatehouse,17,NORMAL
gatehouse,18,NORMAL
gatehouse,19,NORMAL
gatehouse,20,NORMAL
gatehouse,21,NORMAL
gatehouse,22,NORMAL
gatehouse,23,NORMAL
gatehouse,24,NORMAL
gatehouse,25,NORMAL
gatehouse,26,NORMAL
gatehouse,27,NORMAL
gatehouse,28,NORMAL
gatehouse,29,NORMAL
gatehouse,30,NORMAL
gatehouse,31,NORMAL
gatehouse,32,NORMAL
gatehouse,33,NORMAL
gatehouse,34,NORMAL
gatehouse,35,NORMAL
gatehouse,36,NORMAL
gatehouse,37,NORMAL
gatehouse,38,NORMAL
gatehouse,39,NORMAL
gatehouse,40,NORMAL
gatehouse,41,NORMAL
gatehouse,42,NORMAL
gatehouse,43,NORMAL
gatehouse,44,NORMAL
gatehouse,45,NORMAL
gatehouse,46,NORMAL
gatehouse,47,NORMAL
gatehouse,48,NORMAL
gatehouse,49,NORMAL
gatehouse,50,NORMAL
gatehouse,51,NORMAL
gatehouse,52,NORMAL
gatehouse,53,NORMAL
gatehouse,54,NORMAL
gatehouse,55,NORMAL
gatehouse,56,NORMAL
gatehouse,57,NORMAL
gatehouse,58,NORMAL
gatehouse,59,NORMAL
gatehouse,60,NORMAL
gatehouse,61,NORMAL
gatehouse,62,NORMAL
gatehouse,63,NORMAL
gatehouse,64,NORMAL
gatehouse,65,NORMAL
gatehouse,66,NORMAL
gatehouse,67,NORMAL
gatehouse,68,NORMAL
gatehouse,69,NORMAL
gatehouse,70,NORMAL
gatehouse,71,NORMAL
gatehouse,72,NORMAL
gatehouse,73,NORMAL
gatehouse,74,NORMAL
gatehouse,75,NORMAL
gatehouse,76,NORMAL
gatehouse,77,NORMAL
gatehouse,78,NORMAL
gatehouse,79,NORMAL
gatehouse,80,NORMAL
gatehouse,81,NORMAL
gatehouse,82,NORMAL
gatehouse,83,NORMAL
gatehouse,84,NORMAL
gatehouse,85,NORMAL
gatehouse,86,NORMAL
gatehouse,87,NORMAL
gatehouse,88,NORMAL
gatehouse,89,NORMAL
gatehouse,90,NORMAL
gatehouse,91,NORMAL
gatehouse,92,NORMAL
gatehouse,93,NORMAL
gatehouse,94,NORMAL
gatehouse,95,NORMAL
gatehouse,96,NORMAL
gatehouse,97,NORMAL
gatehouse,98,NORMAL
gatehouse,99,NORMAL
gatehouse,100,NORMAL
gatehouse,101,NORMAL
gatehouse,102,NORMAL
gatehouse,103,NORMAL
gatehouse,104,NORMAL
gatehouse,105,NORMAL
gatehouse,106,NORMAL
gatehouse,107,NORMAL
gatehouse,108,NORMAL
gatehouse,109,NORMAL
gatehouse,110,NORMAL
gatehouse,111,NORMAL
gatehouse,112,NORMAL
gatehouse,113,NORMAL
gatehouse,114,NORMAL
gatehouse,115,NORMAL
gatehouse,116,NORMAL
gatehouse,117,NORMAL
gatehouse,118,NORMAL
gatehouse,119,NORMAL
gatehouse,120,NORMAL
gatehouse,121,NORMAL
gatehouse,122,NORMAL
gatehouse,123,NORMAL
gatehouse,124,NORMAL
gatehouse,125,NORMAL
gatehouse,126,NORMAL
gatehouse,127,NORMAL
floaroma_meadow,0,NORMAL
floaroma_meadow,1,NORMAL
floaroma_meadow,2,NORMAL
floaroma_meadow,3,NORMAL
floaroma_meadow,4,NORMAL
floaroma_meadow,5,NORMAL
floaroma_meadow,6,NORMAL
floaroma_meadow,7,NORMAL
floaroma_meadow,8,NORMAL
floaroma_meadow,9,NORMAL
floaroma_meadow,10,NORMAL
floaroma_meadow,11,NORMAL
floaroma_meadow,12,NORMAL
floaroma_meadow,13,NORMAL
floaroma_meadow,14,NORMAL
floaroma_meadow,15,NORMAL
floaroma_meadow,16,NORMAL
floaroma_meadow,17,NORMAL
floaroma_meadow,18,NORMAL
floaroma_meadow,19,NORMAL
floaroma_meadow,20,NORMAL
floaroma_meadow,21,NORMAL
floaroma_meadow,22,NORMAL
floaroma_meadow,23,NORMAL
floaroma_meadow,24,NORMAL
floaroma_meadow,25,NORMAL
floaroma_meadow,26,NORMAL
floaroma_meadow,27,NORMAL
floaroma_meadow,28,NORMAL
floaroma_meadow,29,NORMAL
floaroma_meadow,30,NORMAL
floaroma_meadow,31,NORMAL
floaroma_meadow,32,NORMAL
floaroma_meadow,33,NORMAL
floaroma_meadow,34,NORMAL
floaroma_meadow,35,NORMAL
floaroma_meadow,36,NORMAL
floaroma_meadow,37,NORMAL
floaroma_meadow,38,NORMAL
floaroma_meadow,39,NORMAL
floaroma_meadow,40,NORMAL
floaroma_meadow,41,NORMAL
floaroma_meadow,42,NORMAL
floaroma_meadow,43,NORMAL
floaroma_meadow,44,NORMAL
floaroma_meadow,45,NORMAL
floaroma_meadow,46,NORMAL
floaroma_meadow,47,NORMAL
floaroma_meadow,48,NORMAL
floaroma_meadow,49,NORMAL
floaroma_meadow,50,NORMAL
floaroma_meadow,51,NORMAL
floaroma_meadow,52,NORMAL
floaroma_meadow,53,NORMAL
floaroma_meadow,54,NORMAL
floaroma_meadow,55,NORMAL
floaroma_meadow,56,NORMAL
floaroma_meadow,57,NORMAL
floaroma_meadow,58,NORMAL
floaroma_meadow,59,NORMAL
floaroma_meadow,60,NORMAL
floaroma_meadow,61,NORMAL
floaroma_meadow,62,NORMAL
floaroma_meadow,63,NORMAL
floaroma_meadow,64,NORMAL
floaroma_meadow,65,NORMAL
floaroma_meadow,66,NORMAL
floaroma_meadow,67,NORMAL
floaroma_meadow,68,NORMAL
floaroma_meadow,69,NORMAL
floaroma_meadow,70,NORMAL
floaroma_meadow,71,NORMAL
floaroma_meadow,72,NORMAL
floaroma_meadow,73,NORMAL
floaroma_meadow,74,NORMAL
floaroma_meadow,75,NORMAL
floaroma_meadow,76,NORMAL
floaroma_meadow,77,NORMAL
floaroma_meadow,78,NORMAL
floaroma_meadow,79,NORMAL
floaroma_meadow,80,NORMAL
floaroma_meadow,81,NORMAL
floaroma_meadow,82,NORMAL
floaroma_meadow,83,NORMAL
floaroma_meadow,84,NORMAL
floaroma_meadow,85,NORMAL
floaroma_meadow,86,NORMAL
floaroma_meadow,87,NORMAL
floaroma_meadow,88,NORMAL
floaroma_meadow,89,NORMAL
floaroma_meadow,90,NORMAL
floaroma_meadow,91,NORMAL
floaroma_meadow,92,NORMAL
floaroma_meadow,93,NORMAL
floaroma_meadow,94,NORMAL
floaroma_meadow,95,NORMAL
floaroma_meadow,96,NORMAL
floaroma_meadow,97,NORMAL
floaroma_meadow,98,NORMAL
floaroma_meadow,99,NORMAL
floaroma_meadow,100,NORMAL
floaroma_meadow,101,NORMAL
floaroma_meadow,102,NORMAL
floaroma_meadow,103,NORMAL
floaroma_meadow,104,NORMAL
floaroma_meadow,105,NORMAL
floaroma_meadow,106,NORMAL
floaroma_meadow,107,NORMAL
floaroma_meadow,108,NORMAL
floaroma_meadow,109,NORMAL
floaroma_meadow,110,NORMAL
floaroma_meadow,111,NORMAL
floaroma_meadow,112,NORMAL
floaroma_meadow,113,NORMAL
floaroma_meadow,114,NORMAL
floaroma_meadow,115,NORMAL
floaroma_meadow,116,NORMAL
floaroma_meadow,117,NORMAL
floaroma_meadow,118,NORMAL
floaroma_meadow,119,NORMAL
floaroma_meadow,120,NORMAL
floaroma_meadow,121,NORMAL
floaroma_meadow,122,NORMAL
floaroma_meadow,123,NORMAL
floaroma_meadow,124,NORMAL
floaroma_meadow,125,NORMAL
floaroma_meadow,126,NORMAL
floaroma_meadow,127,NORMAL
floaroma_meadow,128,NORMAL
floaroma_meadow,129,NORMAL
floaroma_meadow,130,NORMAL
floaroma_meadow,131,NORMAL
floaroma_meadow,132,NORMAL
floaroma_meadow,133,NORMAL
floaroma_meadow,134,NORMAL
floaroma_meadow,135,NORMAL
floaroma_meadow,136,NORMAL
floaroma_meadow,137,NORMAL
floaroma_meadow,138,NORMAL
floaroma_meadow,139,NORMAL
floaroma_meadow,140,NORMAL
floaroma_meadow,141,NORMAL
floaroma_meadow,142,NORMAL
floaroma_meadow,143,NORMAL
floaroma_meadow,144,NORMAL
floaroma_meadow,145,NORMAL
floaroma_meadow,146,NORMAL
floaroma_meadow,147,NORMAL
floaroma_meadow,148,NORMAL
floaroma_meadow,149,NORMAL
floaroma_meadow,150,NORMAL
floaroma_meadow,151,NORMAL
floaroma_meadow,152,NORMAL
floaroma_meadow,153,NORMAL
floaroma_meadow,154,NORMAL
floaroma_meadow,155,NORMAL
floaroma_meadow,156,NORMAL
floaroma_meadow,157,NORMAL
floaroma_meadow,158,NORMAL
floaroma_meadow,159,NORMAL
floaroma_meadow,160,NORMAL
floaroma_meadow,161,NORMAL
floaroma_meadow,162,NORMAL
floaroma_meadow,163,NORMAL
floaroma_meadow,164,NORMAL
floaroma_meadow,165,NORMAL
floaroma_meadow,166,NORMAL
floaroma_meadow,167,NORMAL
floaroma_meadow,168,NORMAL
floaroma_meadow,169,NORMAL
floaroma_meadow,170,NORMAL
floaroma_meadow,171,NORMAL
floaroma_meadow,172,NORMAL
floaroma_meadow,173,NORMAL
floaroma_meadow,174,NORMAL
floaroma_meadow,175,NORMAL
floaroma_meadow,176,NORMAL
floaroma_meadow,177,NORMAL
floaroma_meadow,178,NORMAL
floaroma_meadow,179,NORMAL
floaroma_meadow,180,NORMAL
floaroma_meadow,181,NORMAL
floaroma_meadow,182,NORMAL
floaroma_meadow,183,NORMAL
floaroma_meadow,184,NORMAL
floaroma_meadow,185,NORMAL
floaroma_meadow,186,NORMAL
floaroma_meadow,187,NORMAL
floaroma_meadow,188,NORMAL
floaroma_meadow,189,NORMAL
floaroma_meadow,190,NORMAL
floaroma_meadow,191,NORMAL
floaroma_meadow,192,NORMAL
floaroma_meadow,193,NORMAL
floaroma_meadow,194,NORMAL
floaroma_meadow,195,NORMAL
floaroma_meadow,196,NORMAL
floaroma_meadow,197,NORMAL
floaroma_meadow,198,NORMAL
floaroma_meadow,199,NORMAL
floaroma_meadow,200,NORMAL
floaroma_meadow,201,NORMAL
floaroma_meadow,202,NORMAL
floaroma_meadow,203,NORMAL
floaroma_meadow,204,NORMAL
floaroma_meadow,205,NORMAL
floaroma_meadow,206,NORMAL
floaroma_meadow,207,NORMAL
floaroma_meadow,208,NORMAL
floaroma_meadow,209,NORMAL
floaroma_meadow,210,NORMAL
floaroma_meadow,211,NORMAL
floaroma_meadow,212,NORMAL
floaroma_meadow,213,NORMAL
floaroma_meadow,214,NORMAL
floaroma_meadow,215,NORMAL
floaroma_meadow,216,NORMAL
floaroma_meadow,217,NORMAL
floaroma_meadow,218,NORMAL
floaroma_meadow,219,NORMAL
floaroma_meadow,220,NORMAL
floaroma_meadow,221,NORMAL
floaroma_meadow,222,NORMAL
floaroma_meadow,223,NORMAL
floaroma_meadow,224,NORMAL
floaroma_meadow,225,NORMAL
floaroma_meadow,226,NORMAL
floaroma_meadow,227,NORMAL
floaroma_meadow,228,NORMAL
floaroma_meadow,229,NORMAL
floaroma_meadow,230,NORMAL
floaroma_meadow,231,NORMAL
floaroma_meadow,232,NORMAL
floaroma_meadow,233,NORMAL
floaroma_meadow,234,NORMAL
floaroma_meadow,235,NORMAL
floaroma_meadow,236,NORMAL
floaroma_meadow,237,NORMAL
floaroma_meadow,238,NORMAL
floaroma_meadow,239,NORMAL
floaroma_meadow,240,NORMAL
floaroma_meadow,241,NORMAL
floaroma_meadow,242,NORMAL
floaroma_meadow,243,NORMAL
floaroma_meadow,244,NORMAL
floaroma_meadow,245,NORMAL
floaroma_meadow,246,NORMAL
floaroma_meadow,247,NORMAL
floaroma_meadow,248,NORMAL
floaroma_meadow,249,NORMAL
floaroma_meadow,250,NORMAL
floaroma_meadow,251,NORMAL
floaroma_meadow,252,NORMAL
floaroma_meadow,253,NORMAL
floaroma_meadow,254,NORMAL
floaroma_meadow,255,NORMAL
rustboro,0,NORMAL
rustboro,1,NORMAL
rustboro,2,NORMAL
rustboro,3,NORMAL
rustboro,4,NORMAL
rustboro,5,NORMAL
rustboro,6,NORMAL
rustboro,7,NORMAL
rustboro,8,NORMAL
rustboro,9,NORMAL
rustboro,10,NORMAL
rustboro,11,NORMAL
rustboro,12,NORMAL
rustboro,13,NORMAL
rustboro,14,NORMAL
rustboro,15,NORMAL
rustboro,16,NORMAL
rustboro,17,NORMAL
rustboro,18,NORMAL
rustboro,19,NORMAL
rustboro,20,NORMAL
rustboro,21,NORMAL
rustboro,22,NORMAL
rustboro,23,NORMAL
rustboro,24,NORMAL
rustboro,25,NORMAL
rustboro,26,NORMAL
rustboro,27,NORMAL
rustboro,28,NORMAL
rustboro,29,NORMAL
rustboro,30,NORMAL
rustboro,31,NORMAL
rustboro,32,NORMAL
rustboro,33,NORMAL
rustboro,34,NORMAL
rustboro,35,NORMAL
rustboro,36,NORMAL
rustboro,37,NORMAL
rustboro,38,NORMAL
rustboro,39,NORMAL
rustboro,40,NORMAL
rustboro,41,NORMAL
rustboro,42,NORMAL
rustboro,43,NORMAL
rustboro,44,NORMAL
rustboro,45,NORMAL
rustboro,46,NORMAL
rustboro,47,NORMAL
rustboro,48,NORMAL
rustboro,49,NORMAL
rustboro,50,NORMAL
rustboro,51,NORMAL
rustboro,52,NORMAL
rustboro,53,NORMAL
rustboro,54,NORMAL
rustboro,55,NORMAL
rustboro,56,NORMAL
rustboro,57,NORMAL
rustboro,58,NORMAL
rustboro,59,NORMAL
rustboro,60,NORMAL
rustboro,61,NORMAL
rustboro,62,NORMAL
rustboro,63,NORMAL
rustboro,64,NORMAL
rustboro,65,NORMAL
rustboro,66,NORMAL
rustboro,67,NORMAL
rustboro,68,NORMAL
rustboro,69,NORMAL
rustboro,70,NORMAL
rustboro,71,NORMAL
rustboro,72,NORMAL
rustboro,73,NORMAL
rustboro,74,NORMAL
rustboro,75,NORMAL
rustboro,76,NORMAL
rustboro,77,NORMAL
rustboro,78,NORMAL
rustboro,79,NORMAL
rustboro,80,NORMAL
rustboro,81,NORMAL
rustboro,82,NORMAL
rustboro,83,NORMAL
rustboro,84,NORMAL
rustboro,85,NORMAL
rustboro,86,NORMAL
rustboro,87,NORMAL
rustboro,88,NORMAL
rustboro,89,NORMAL
rustboro,90,NORMAL
rustboro,91,NORMAL
rustboro,92,NORMAL
rustboro,93,NORMAL
rustboro,94,NORMAL
rustboro,95,NORMAL
rustboro,96,NORMAL
rustboro,97,NORMAL
rustboro,98,NORMAL
rustboro,99,NORMAL
rustboro,100,NORMAL
rustboro,101,NORMAL
rustboro,102,NORMAL
rustboro,103,NORMAL
rustboro,104,NORMAL
rustboro,105,NORMAL
rustboro,106,NORMAL
rustboro,107,NORMAL
rustboro,108,NORMAL
rustboro,109,NORMAL
rustboro,110,NORMAL
rustboro,111,NORMAL
rustboro,112,NORMAL
rustboro,113,NORMAL
rustboro,114,NORMAL
rustboro,115,NORMAL
rustboro,116,NORMAL
rustboro,117,NORMAL
rustboro,118,NORMAL
rustboro,119,NORMAL
rustboro,120,NORMAL
rustboro,121,NORMAL
rustboro,122,NORMAL
rustboro,123,NORMAL
rustboro,124,NORMAL
rustboro,125,NORMAL
rustboro,126,NORMAL
rustboro,127,NORMAL
rustboro,128,NORMAL
rustboro,129,NORMAL
rustboro,130,NORMAL
rustboro,131,NORMAL
rustboro,132,NORMAL
rustboro,133,NORMAL
rustboro,134,NORMAL
rustboro,135,NORMAL
rustboro,136,NORMAL
rustboro,137,NORMAL
rustboro,138,NORMAL
rustboro,139,NORMAL
rustboro,140,NORMAL
rustboro,141,NORMAL
rustboro,142,NORMAL
rustboro,143,NORMAL
rustboro,144,NORMAL
rustboro,145,NORMAL
rustboro,146,NORMAL
rustboro,147,NORMAL
rustboro,148,NORMAL
rustboro,149,NORMAL
rustboro,150,NORMAL
rustboro,151,NORMAL
rustboro,152,NORMAL
rustboro,153,NORMAL
rustboro,154,NORMAL
rustboro,155,NORMAL
rustboro,156,NORMAL
rustboro,157,NORMAL
rustboro,158,NORMAL
rustboro,159,NORMAL
rustboro,160,NORMAL
rustboro,161,NORMAL
rustboro,162,NORMAL
rustboro,163,NORMAL
rustboro,164,NORMAL
rustboro,165,NORMAL
rustboro,166,NORMAL
rustboro,167,NORMAL
rustboro,168,NORMAL
rustboro,169,NORMAL
rustboro,170,NORMAL
rustboro,171,NORMAL
rustboro,172,NORMAL
rustboro,173,NORMAL
rustboro,174,NORMAL
rustboro,175,NORMAL
rustboro,176,NORMAL
rustboro,177,NORMAL
rustboro,178,NORMAL
rustboro,179,NORMAL
rustboro,180,NORMAL
rustboro,181,NORMAL
rustboro,182,NORMAL
rustboro,183,NORMAL
rustboro,184,NORMAL
rustboro,185,NORMAL
rustboro,186,NORMAL
rustboro,187,NORMAL
rustboro,188,NORMAL
rustboro,189,NORMAL
rustboro,190,NORMAL
rustboro,191,NORMAL
rustboro,192,NORMAL
rustboro,193,NORMAL
rustboro,194,NORMAL
rustboro,195,NORMAL
rustboro,196,NORMAL
rustboro,197,NORMAL
rustboro,198,NORMAL
rustboro,199,NORMAL
rustboro,200,NORMAL
rustboro,201,NORMAL
rustboro,202,NORMAL
rustboro,203,NORMAL
rustboro,204,NORMAL
rustboro,205,NORMAL
rustboro,206,NORMAL
rustboro,207,NORMAL
rustboro,208,NORMAL
rustboro,209,NORMAL
rustboro,210,NORMAL
rustboro,211,NORMAL
rustboro,212,NORMAL
rustboro,213,NORMAL
rustboro,214,NORMAL
rustboro,215,NORMAL
rustboro,216,NORMAL
rustboro,217,NORMAL
rustboro,218,NORMAL
rustboro,219,NORMAL
rustboro,220,NORMAL
rustboro,221,NORMAL
rustboro,222,NORMAL
rustboro,223,NORMAL
rustboro,224,NORMAL
rustboro,225,NORMAL
rustboro,226,NORMAL
rustboro,227,NORMAL
rustboro,228,NORMAL
rustboro,229,NORMAL
rustboro,230,NORMAL
rustboro,231,NORMAL
rustboro,232,NORMAL
rustboro,233,NORMAL
rustboro,234,NORMAL
rustboro,235,NORMAL
rustboro,236,NORMAL
rustboro,237,NORMAL
rustboro,238,NORMAL
rustboro,239,NORMAL
rustboro,240,NORMAL
rustboro,241,NORMAL
rustboro,242,NORMAL
rustboro,243,NORMAL
rustboro,244,NORMAL
rustboro,245,NORMAL
rustboro,246,NORMAL
rustboro,247,NORMAL
rustboro,248,NORMAL
rustboro,249,NORMAL
rustboro,250,NORMAL
rustboro,251,NORMAL
rustboro,252,NORMAL
rustboro,253,NORMAL
rustboro,254,NORMAL
rustboro,255,NORMAL
rustboro,256,NORMAL
rustboro,257,NORMAL
rustboro,258,NORMAL
rustboro,259,NORMAL
rustboro,260,NORMAL
rustboro,261,NORMAL
rustboro,262,NORMAL
rustboro,263,NORMAL
rustboro,264,NORMAL
rustboro,265,NORMAL
rustboro,266,NORMAL
rustboro,267,NORMAL
rustboro,268,NORMAL
rustboro,269,NORMAL
rustboro,270,NORMAL
rustboro,271,NORMAL
rustboro,272,NORMAL
rustboro,273,NORMAL
rustboro,274,NORMAL
rustboro,275,NORMAL
rustboro,276,NORMAL
rustboro,277,NORMAL
rustboro,278,NORMAL
rustboro,279,NORMAL
rustboro,280,NORMAL
rustboro,281,NORMAL
rustboro,282,NORMAL
rustboro,283,NORMAL
rustboro,284,NORMAL
rustboro,285,NORMAL
rustboro,286,NORMAL
rustboro,287,NORMAL
rustboro,288,NORMAL
rustboro,289,NORMAL
rustboro,290,NORMAL
rustboro,291,NORMAL
rustboro,292,NORMAL
rustboro,293,NORMAL
rustboro,294,NORMAL
rustboro,295,NORMAL
rustboro,296,NORMAL
rustboro,297,NORMAL
rustboro,298,NORMAL
rustboro,299,NORMAL
rustboro,300,NORMAL
rustboro,301,NORMAL
rustboro,302,NORMAL
rustboro,303,NORMAL
rustboro,304,NORMAL
rustboro,305,NORMAL
rustboro,306,NORMAL
rustboro,307,NORMAL
rustboro,308,NORMAL
rustboro,309,NORMAL
rustboro,310,NORMAL
rustboro,311,NORMAL
rustboro,312,NORMAL
rustboro,313,NORMAL
rustboro,314,NORMAL
rustboro,315,NORMAL
rustboro,316,NORMAL
rustboro,317,NORMAL
rustboro,318,NORMAL
rustboro,319,NORMAL
rustboro,320,NORMAL
rustboro,321,NORMAL
rustboro,322,NORMAL
rustboro,323,NORMAL
rustboro,324,NORMAL
rustboro,325,NORMAL
rustboro,326,NORMAL
rustboro,327,NORMAL
rustboro,328,NORMAL
rustboro,329,NORMAL
rustboro,330,NORMAL
rustboro,331,NORMAL
rustboro,332,NORMAL
rustboro,333,NORMAL
rustboro,334,NORMAL
rustboro,335,NORMAL
rustboro,336,NORMAL
rustboro,337,NORMAL
rustboro,338,NORMAL
rustboro,339,NORMAL
rustboro,340,NORMAL
rustboro,341,NORMAL
rustboro,342,NORMAL
rustboro,343,NORMAL
rustboro,344,NORMAL
rustboro,345,NORMAL
rustboro,346,NORMAL
rustboro,347,NORMAL
rustboro,348,NORMAL
rustboro,349,NORMAL
lilycove_museum,0,NORMAL
lilycove_museum,1,NORMAL
lilycove_museum,2,NORMAL
lilycove_museum,3,NORMAL
lilycove_museum,4,NORMAL
lilycove_museum,5,NORMAL
lilycove_museum,6,NORMAL
lilycove_museum,7,NORMAL
lilycove_museum,8,NORMAL
lilycove_museum,9,NORMAL
lilycove_museum,10,NORMAL
lilycove_museum,11,NORMAL
lilycove_museum,12,NORMAL
lilycove_museum,13,NORMAL
lilycove_museum,14,NORMAL
lilycove_museum,15,NORMAL
lilycove_museum,16,NORMAL
lilycove_museum,17,NORMAL
lilycove_museum,18,NORMAL
lilycove_museum,19,NORMAL
lilycove_museum,20,NORMAL
lilycove_museum,21,NORMAL
lilycove_museum,22,NORMAL
lilycove_museum,23,NORMAL
lilycove_museum,24,NORMAL
lilycove_museum,25,NORMAL
lilycove_museum,26,NORMAL
lilycove_museum,27,NORMAL
lilycove_museum,28,NORMAL
lilycove_museum,29,NORMAL
lilycove_museum,30,NORMAL
lilycove_museum,31,NORMAL
lilycove_museum,32,NORMAL
lilycove_museum,33,NORMAL
lilycove_museum,34,NORMAL
lilycove_museum,35,NORMAL
lilycove_museum,36,NORMAL
lilycove_museum,37,NORMAL
lilycove_museum,38,NORMAL
lilycove_museum,39,NORMAL
lilycove_museum,40,NORMAL
lilycove_museum,41,NORMAL
lilycove_museum,42,NORMAL
lilycove_museum,43,NORMAL
lilycove_museum,44,NORMAL
lilycove_museum,45,NORMAL
lilycove_museum,46,NORMAL
lilycove_museum,47,NORMAL
lilycove_museum,48,NORMAL
lilycove_museum,49,NORMAL
lilycove_museum,50,NORMAL
lilycove_museum,51,NORMAL
lilycove_museum,52,NORMAL
lilycove_museum,53,NORMAL
lilycove_museum,54,NORMAL
lilycove_museum,55,NORMAL
lilycove_museum,56,NORMAL
lilycove_museum,57,NORMAL
lilycove_museum,58,NORMAL
lilycove_museum,59,NORMAL
lilycove_museum,60,NORMAL
lilycove_museum,61,NORMAL
lilycove_museum,62,NORMAL
lilycove_museum,63,NORMAL
lilycove_museum,64,NORMAL
lilycove_museum,65,NORMAL
lilycove_museum,66,NORMAL
lilycove_museum,67,NORMAL
lilycove_museum,68,NORMAL
lilycove_museum,69,NORMAL
lilycove_museum,70,NORMAL
lilycove_museum,71,NORMAL
lilycove_museum,72,NORMAL
lilycove_museum,73,NORMAL
lilycove_museum,74,NORMAL
lilycove_museum,75,NORMAL
lilycove_museum,76,NORMAL
lilycove_museum,77,NORMAL
lilycove_museum,78,NORMAL
lilycove_museum,79,NORMAL
lilycove_museum,80,NORMAL
lilycove_museum,81,NORMAL
lilycove_museum,82,NORMAL
lilycove_museum,83,NORMAL
lilycove_museum,84,NORMAL
lilycove_museum,85,NORMAL
lilycove_museum,86,NORMAL
lilycove_museum,87,NORMAL
lilycove_museum,88,NORMAL
lilycove_museum,89,NORMAL
lilycove_museum,90,NORMAL
lilycove_museum,91,NORMAL
lilycove_museum,92,NORMAL
lilycove_museum,93,NORMAL
lilycove_museum,94,NORMAL
lilycove_museum,95,NORMAL
lilycove_museum,96,NORMAL
lilycove_museum,97,NORMAL
lilycove_museum,98,NORMAL
lilycove_museum,99,NORMAL
lilycove_museum,100,NORMAL
lilycove_museum,101,NORMAL
lilycove_museum,102,NORMAL
lilycove_museum,103,NORMAL
lilycove_museum,104,NORMAL
lilycove_museum,105,NORMAL
lilycove_museum,106,NORMAL
lilycove_museum,107,NORMAL
lilycove_museum,108,NORMAL
lilycove_museum,109,NORMAL
lilycove_museum,110,NORMAL
lilycove_museum,111,NORMAL
lilycove_museum,112,NORMAL
lilycove_museum,113,NORMAL
lilycove_museum,114,NORMAL
lilycove_museum,115,NORMAL
lilycove_museum,116,NORMAL
lilycove_museum,117,NORMAL
lilycove_museum,118,NORMAL
lilycove_museum,119,NORMAL
lilycove_museum,120,NORMAL
lilycove_museum,121,NORMAL
lilycove_museum,122,NORMAL
lilycove_museum,123,NORMAL
lilycove_museum,124,NORMAL
lilycove_museum,125,NORMAL
lilycove_museum,126,NORMAL
lilycove_museum,127,NORMAL
lilycove_museum,128,NORMAL
lilycove_museum,129,NORMAL
lilycove_museum,130,NORMAL
lilycove_museum,131,NORMAL
lilycove_museum,132,NORMAL
lilycove_museum,133,NORMAL
lilycove_museum,134,NORMAL
lilycove_museum,135,NORMAL
lilycove_museum,136,NORMAL
lilycove_museum,137,NORMAL
lilycove_museum,138,NORMAL
lilycove_museum,139,NORMAL
lilycove_museum,140,NORMAL
lilycove_museum,141,NORMAL
lilycove_museum,142,NORMAL
dewford_gym,0,NORMAL
dewford_gym,1,NORMAL
dewford_gym,2,NORMAL
dewford_gym,3,NORMAL
dewford_gym,4,NORMAL
dewford_gym,5,NORMAL
dewford_gym,6,NORMAL
dewford_gym,7,NORMAL
dewford_gym,8,NORMAL
dewford_gym,9,NORMAL
dewford_gym,10,NORMAL
dewford_gym,11,NORMAL
dewford_gym,12,NORMAL
dewford_gym,13,NORMAL
dewford_gym,14,NORMAL
dewford_gym,15,NORMAL
dewford_gym,16,NORMAL
dewford_gym,17,NORMAL
dewford_gym,18,NORMAL
dewford_gym,19,NORMAL
dewford_gym,20,NORMAL
dewford_gym,21,NORMAL
dewford_gym,22,NORMAL
dewford_gym,23,NORMAL
dewford_gym,24,NORMAL
dewford_gym,25,NORMAL
dewford_gym,26,NORMAL
dewford_gym,27,NORMAL
dewford_gym,28,NORMAL
dewford_gym,29,NORMAL
dewford_gym,30,NORMAL
dewford_gym,31,NORMAL
dewford_gym,32,NORMAL
dewford_gym,33,NORMAL
dewford_gym,34,NORMAL
dewford_gym,35,NORMAL
dewford_gym,36,NORMAL
dewford_gym,37,NORMAL
dewford_gym,38,NORMAL
dewford_gym,39,NORMAL
dewford_gym,40,NORMAL
dewford_gym,41,NORMAL
dewford_gym,42,NORMAL
dewford_gym,43,NORMAL
dewford_gym,44,NORMAL
dewford_gym,45,NORMAL
dewford_gym,46,NORMAL
dewford_gym,47,NORMAL
dewford_gym,48,NORMAL
dewford_gym,49,NORMAL
dewford_gym,50,NORMAL
dewford_gym,51,NORMAL
dewford_gym,52,NORMAL
dewford_gym,53,NORMAL
dewford_gym,54,NORMAL
dewford_gym,55,NORMAL
dewford_gym,56,NORMAL
dewford_gym,57,NORMAL
dewford_gym,58,NORMAL
dewford_gym,59,NORMAL
dewford_gym,60,NORMAL
dewford_gym,61,NORMAL
dewford_gym,62,NORMAL
dewford_gym,63,NORMAL
dewford_gym,64,NORMAL
dewford_gym,65,NORMAL
dewford_gym,66,NORMAL
dewford_gym,67,NORMAL
dewford_gym,68,NORMAL
elite_four,0,NORMAL
elite_four,1,NORMAL
elite_four,2,NORMAL
elite_four,3,NORMAL
elite_four,4,NORMAL
elite_four,5,NORMAL
elite_four,6,NORMAL
elite_four,7,NORMAL
elite_four,8,NORMAL
elite_four,9,NORMAL
elite_four,10,NORMAL
elite_four,11,NORMAL
elite_four,12,NORMAL
elite_four,13,NORMAL
elite_four,14,NORMAL
elite_four,15,NORMAL
elite_four,16,NORMAL
elite_four,17,NORMAL
elite_four,18,NORMAL
elite_four,19,NORMAL
elite_four,20,NORMAL
elite_four,21,NORMAL
elite_four,22,NORMAL
elite_four,23,NORMAL
elite_four,24,NORMAL
elite_four,25,NORMAL
elite_four,26,NORMAL
elite_four,27,NORMAL
elite_four,28,NORMAL
elite_four,29,NORMAL
elite_four,30,NORMAL
elite_four,31,NORMAL
elite_four,32,NORMAL
elite_four,33,NORMAL
elite_four,34,NORMAL
elite_four,35,NORMAL
elite_four,36,NORMAL
elite_four,37,NORMAL
elite_four,38,NORMAL
elite_four,39,NORMAL
elite_four,40,NORMAL
elite_four,41,NORMAL
elite_four,42,NORMAL
elite_four,43,NORMAL
elite_four,44,NORMAL
elite_four,45,NORMAL
elite_four,46,NORMAL
elite_four,47,NORMAL
elite_four,48,NORMAL
elite_four,49,NORMAL
elite_four,50,NORMAL
elite_four,51,NORMAL
elite_four,52,NORMAL
elite_four,53,NORMAL
elite_four,54,NORMAL
elite_four,55,NORMAL
elite_four,56,NORMAL
elite_four,57,NORMAL
elite_four,58,NORMAL
elite_four,59,NORMAL
elite_four,60,NORMAL
elite_four,61,NORMAL
elite_four,62,NORMAL
elite_four,63,NORMAL
elite_four,64,NORMAL
elite_four,65,NORMAL
elite_four,66,NORMAL
elite_four,67,NORMAL
elite_four,68,NORMAL
elite_four,69,NORMAL
elite_four,70,NORMAL
elite_four,71,NORMAL
elite_four,72,NORMAL
elite_four,73,NORMAL
elite_four,74,NORMAL
elite_four,75,NORMAL
elite_four,76,NORMAL
elite_four,77,NORMAL
elite_four,78,NORMAL
elite_four,79,NORMAL
elite_four,80,NORMAL
elite_four,81,NORMAL
elite_four,82,NORMAL
elite_four,83,NORMAL
elite_four,84,NORMAL
elite_four,85,NORMAL
elite_four,86,NORMAL
elite_four,87,NORMAL
elite_four,88,NORMAL
elite_four,89,NORMAL
elite_four,90,NORMAL
elite_four,91,NORMAL
elite_four,92,NORMAL
elite_four,93,NORMAL
elite_four,94,NORMAL
elite_four,95,NORMAL
elite_four,96,NORMAL
elite_four,97,NORMAL
elite_four,98,NORMAL
elite_four,99,NORMAL
elite_four,100,NORMAL
elite_four,101,NORMAL
elite_four,102,NORMAL
elite_four,103,NORMAL
elite_four,104,NORMAL
elite_four,105,NORMAL
elite_four,106,NORMAL
elite_four,107,NORMAL
elite_four,108,NORMAL
elite_four,109,NORMAL
elite_four,110,NORMAL
elite_four,111,NORMAL
elite_four,112,NORMAL
elite_four,113,NORMAL
elite_four,114,NORMAL
elite_four,115,NORMAL
elite_four,116,NORMAL
elite_four,117,NORMAL
elite_four,118,NORMAL
elite_four,119,NORMAL
elite_four,120,NORMAL
elite_four,121,NORMAL
elite_four,122,NORMAL
elite_four,123,NORMAL
elite_four,124,NORMAL
elite_four,125,NORMAL
elite_four,126,NORMAL
elite_four,127,NORMAL
elite_four,128,NORMAL
elite_four,129,NORMAL
elite_four,130,NORMAL
elite_four,131,NORMAL
elite_four,132,NORMAL
elite_four,133,NORMAL
elite_four,134,NORMAL
elite_four,135,NORMAL
elite_four,136,NORMAL
elite_four,137,NORMAL
elite_four,138,NORMAL
elite_four,139,NORMAL
elite_four,140,NORMAL
elite_four,141,NORMAL
elite_four,142,NORMAL
elite_four,143,NORMAL
elite_four,144,NORMAL
elite_four,145,NORMAL
elite_four,146,NORMAL
elite_four,147,NORMAL
elite_four,148,NORMAL
elite_four,149,NORMAL
elite_four,150,NORMAL
elite_four,151,NORMAL
elite_four,152,NORMAL
elite_four,153,NORMAL
elite_four,154,NORMAL
elite_four,155,NORMAL
elite_four,156,NORMAL
elite_four,157,NORMAL
elite_four,158,NORMAL
elite_four,159,NORMAL
elite_four,160,NORMAL
elite_four,161,NORMAL
elite_four,162,NORMAL
elite_four,163,NORMAL
elite_four,164,NORMAL
elite_four,165,NORMAL
elite_four,166,NORMAL
elite_four,167,NORMAL
elite_four,168,NORMAL
elite_four,169,NORMAL
elite_four,170,NORMAL
elite_four,171,NORMAL
elite_four,172,NORMAL
elite_four,173,NORMAL
elite_four,174,NORMAL
elite_four,175,NORMAL
elite_four,176,NORMAL
elite_four,177,NORMAL
elite_four,178,NORMAL
elite_four,179,NORMAL
elite_four,180,NORMAL
elite_four,181,NORMAL
elite_four,182,NORMAL
elite_four,183,NORMAL
elite_four,184,NORMAL
elite_four,185,NORMAL
elite_four,186,NORMAL
elite_four,187,NORMAL
elite_four,188,NORMAL
elite_four,189,NORMAL
elite_four,190,NORMAL
elite_four,191,NORMAL
elite_four,192,NORMAL
elite_four,193,NORMAL
elite_four,194,NORMAL
elite_four,195,NORMAL
elite_four,196,NORMAL
elite_four,197,NORMAL
elite_four,198,NORMAL
elite_four,199,NORMAL
elite_four,200,NORMAL
elite_four,201,NORMAL
elite_four,202,NORMAL
elite_four,203,NORMAL
elite_four,204,NORMAL
elite_four,205,NORMAL
elite_four,206,NORMAL
elite_four,207,NORMAL
elite_four,208,NORMAL
elite_four,209,NORMAL
elite_four,210,NORMAL
elite_four,211,NORMAL
elite_four,212,NORMAL
elite_four,213,NORMAL
elite_four,214,NORMAL
elite_four,215,NORMAL
elite_four,216,NORMAL
elite_four,217,NORMAL
elite_four,218,NORMAL
elite_four,219,NORMAL
elite_four,220,NORMAL
elite_four,221,NORMAL
elite_four,222,NORMAL
elite_four,223,NORMAL
elite_four,224,NORMAL
elite_four,225,NORMAL
elite_four,226,NORMAL
elite_four,227,NORMAL
elite_four,228,NORMAL
elite_four,229,NORMAL
elite_four,230,NORMAL
elite_four,231,NORMAL
elite_four,232,NORMAL
elite_four,233,NORMAL
elite_four,234,NORMAL
elite_four,235,NORMAL
elite_four,236,NORMAL
elite_four,237,NORMAL
elite_four,238,NORMAL
elite_four,239,NORMAL
elite_four,240,NORMAL
elite_four,241,NORMAL
elite_four,242,NORMAL
elite_four,243,NORMAL
elite_four,244,NORMAL
elite_four,245,NORMAL
elite_four,246,NORMAL
elite_four,247,NORMAL
elite_four,248,NORMAL
elite_four,249,NORMAL
elite_four,250,NORMAL
elite_four,251,NORMAL
elite_four,252,NORMAL
elite_four,253,NORMAL
elite_four,254,NORMAL
elite_four,255,NORMAL
elite_four,256,NORMAL
elite_four,257,NORMAL
elite_four,258,NORMAL
elite_four,259,NORMAL
elite_four,260,NORMAL
elite_four,261,NORMAL
elite_four,262,NORMAL
elite_four,263,NORMAL
elite_four,264,NORMAL
elite_four,265,NORMAL
elite_four,266,NORMAL
elite_four,267,NORMAL
elite_four,268,NORMAL
elite_four,269,NORMAL
elite_four,270,NORMAL
elite_four,271,NORMAL
elite_four,272,NORMAL
elite_four,273,NORMAL
elite_four,274,NORMAL
elite_four,275,NORMAL
elite_four,276,NORMAL
elite_four,277,NORMAL
elite_four,278,NORMAL
elite_four,279,NORMAL
elite_four,280,NORMAL
elite_four,281,NORMAL
elite_four,282,NORMAL
elite_four,283,NORMAL
elite_four,284,NORMAL
elite_four,285,NORMAL
elite_four,286,NORMAL
elite_four,287,NORMAL
elite_four,288,NORMAL
elite_four,289,NORMAL
elite_four,290,NORMAL
elite_four,291,NORMAL
elite_four,292,NORMAL
elite_four,293,NORMAL
elite_four,294,NORMAL
elite_four,295,NORMAL
elite_four,296,NORMAL
elite_four,297,NORMAL
elite_four,298,NORMAL
elite_four,299,NORMAL
elite_four,300,NORMAL
elite_four,301,NORMAL
elite_four,302,NORMAL
elite_four,303,NORMAL
elite_four,304,NORMAL
elite_four,305,NORMAL
elite_four,306,NORMAL
elite_four,307,NORMAL
elite_four,308,NORMAL
elite_four,309,NORMAL
elite_four,310,NORMAL
elite_four,311,NORMAL
elite_four,312,NORMAL
elite_four,313,NORMAL
elite_four,314,NORMAL
elite_four,315,NORMAL
elite_four,316,NORMAL
elite_four,317,NORMAL
elite_four,318,NORMAL
elite_four,319,NORMAL
elite_four,320,NORMAL
elite_four,321,NORMAL
elite_four,322,NORMAL
elite_four,323,NORMAL
elite_four,324,NORMAL
elite_four,325,NORMAL
elite_four,326,NORMAL
elite_four,327,NORMAL
elite_four,328,NORMAL
elite_four,329,NORMAL
elite_four,330,NORMAL
elite_four,331,NORMAL
mystery_events_house,0,NORMAL
mystery_events_house,1,NORMAL
mystery_events_house,2,NORMAL
mystery_events_house,3,NORMAL
mystery_events_house,4,NORMAL
mystery_events_house,5,NORMAL
mystery_events_house,6,NORMAL
mystery_events_house,7,NORMAL
mystery_events_house,8,NORMAL
mystery_events_house,9,NORMAL
mystery_events_house,10,NORMAL
mystery_events_house,11,NORMAL
mystery_events_house,12,NORMAL
mystery_events_house,13,NORMAL
mystery_events_house,14,NORMAL
mystery_events_house,15,NORMAL
mystery_events_house,16,NORMAL
mystery_events_house,17,NORMAL
mystery_events_house,18,NORMAL
mystery_events_house,19,NORMAL
mystery_events_house,20,NORMAL
mystery_events_house,21,NORMAL
mystery_events_house,22,NORMAL
mystery_events_house,23,NORMAL
mystery_events_house,24,NORMAL
mystery_events_house,25,NORMAL
mystery_events_house,26,NORMAL
mystery_events_house,27,NORMAL
mystery_events_house,28,NORMAL
mystery_events_house,29,NORMAL
mystery_events_house,30,NORMAL
mystery_events_house,31,NORMAL
mystery_events_house,32,NORMAL
mystery_events_house,33,NORMAL
mystery_events_house,34,NORMAL
mystery_events_house,35,NORMAL
mystery_events_house,36,NORMAL
mystery_events_house,37,NORMAL
mystery_events_house,38,NORMAL
mystery_events_house,39,NORMAL
mystery_events_house,40,NORMAL
mystery_events_house,41,NORMAL
mystery_events_house,42,NORMAL
mystery_events_house,43,NORMAL
mystery_events_house,44,NORMAL
mystery_events_house,45,NORMAL
mystery_events_house,46,NORMAL
mystery_events_house,47,NORMAL
mystery_events_house,48,NORMAL
mystery_events_house,49,NORMAL
mystery_events_house,50,NORMAL
mystery_events_house,51,NORMAL
mystery_events_house,52,NORMAL
mystery_events_house,53,NORMAL
mystery_events_house,54,NORMAL
mystery_events_house,55,NORMAL
mystery_events_house,56,NORMAL
mystery_events_house,57,NORMAL
mystery_events_house,58,NORMAL
mystery_events_house,59,NORMAL
mystery_events_house,60,NORMAL
mystery_events_house,61,NORMAL
mystery_events_house,62,NORMAL
mystery_events_house,63,NORMAL
mystery_events_house,64,NORMAL
mystery_events_house,65,NORMAL
mystery_events_house,66,NORMAL
route_204_south,0,NORMAL
route_204_south,1,NORMAL
route_204_south,2,NORMAL
route_204_south,3,NORMAL
route_204_south,4,NORMAL
route_204_south,5,NORMAL
route_204_south,6,NORMAL
route_204_south,7,NORMAL
route_204_south,8,NORMAL
route_204_south,9,NORMAL
route_204_south,10,NORMAL
route_204_south,11,NORMAL
route_204_south,12,NORMAL
route_204_south,13,NORMAL
route_204_south,14,NORMAL
route_204_south,15,NORMAL
route_204_south,16,NORMAL
route_204_south,17,NORMAL
route_204_south,18,NORMAL
route_204_south,19,NORMAL
route_204_south,20,NORMAL
route_204_south,21,NORMAL
route_204_south,22,NORMAL
route_204_south,23,NORMAL
route_204_south,24,NORMAL
route_204_south,25,NORMAL
route_204_south,26,NORMAL
route_204_south,27,NORMAL
route_204_south,28,NORMAL
route_204_south,29,NORMAL
route_204_south,30,NORMAL
route_204_south,31,NORMAL
route_204_south,32,NORMAL
route_204_south,33,NORMAL
route_204_south,34,NORMAL
route_204_south,35,NORMAL
route_204_south,36,NORMAL
route_204_south,37,NORMAL
route_204_south,38,NORMAL
route_204_south,39,NORMAL
route_204_south,40,NORMAL
route_204_south,41,NORMAL
route_204_south,42,NORMAL
route_204_south,43,NORMAL
route_204_south,44,NORMAL
route_204_south,45,NORMAL
route_204_south,46,NORMAL
route_204_south,47,NORMAL
route_204_south,48,NORMAL
route_204_south,49,NORMAL
route_204_south,50,NORMAL
route_204_south,51,NORMAL
route_204_south,52,NORMAL
route_204_south,53,NORMAL
route_204_south,54,NORMAL
route_204_south,55,NORMAL
route_204_south,56,NORMAL
route_204_south,57,NORMAL
route_204_south,58,NORMAL
route_204_south,59,NORMAL
route_204_south,60,NORMAL
route_204_south,61,NORMAL
route_204_south,62,NORMAL
route_204_south,63,NORMAL
route_204_south,64,NORMAL
route_204_south,65,NORMAL
route_204_south,66,NORMAL
route_204_south,67,NORMAL
route_204_south,68,NORMAL
route_204_south,69,NORMAL
route_204_south,70,NORMAL
route_204_south,71,NORMAL
route_204_south,72,NORMAL
route_204_south,73,NORMAL
route_204_south,74,NORMAL
route_204_south,75,NORMAL
route_204_south,76,NORMAL
route_204_south,77,NORMAL
route_204_south,78,NORMAL
route_204_south,79,NORMAL
route_204_south,80,NORMAL
route_204_south,81,NORMAL
route_204_south,82,NORMAL
route_204_south,83,NORMAL
route_204_south,84,NORMAL
route_204_south,85,NORMAL
route_204_south,86,NORMAL
route_204_south,87,NORMAL
route_204_south,88,NORMAL
route_204_south,89,NORMAL
route_204_south,90,NORMAL
route_204_south,91,NORMAL
route_204_south,92,NORMAL
route_204_south,93,NORMAL
route_204_south,94,NORMAL
route_204_south,95,NORMAL
route_204_south,96,NORMAL
route_204_south,97,NORMAL
route_204_south,98,NORMAL
route_204_south,99,NORMAL
route_204_south,100,NORMAL
route_204_south,101,NORMAL
route_204_south,102,NORMAL
route_204_south,103,NORMAL
route_204_south,104,NORMAL
route_204_south,105,NORMAL
route_204_south,106,NORMAL
route_204_south,107,NORMAL
route_204_south,108,NORMAL
route_204_south,109,NORMAL
route_204_south,110,NORMAL
route_204_south,111,NORMAL
route_204_south,112,NORMAL
route_204_south,113,NORMAL
route_204_south,114,NORMAL
route_204_south,115,NORMAL
route_204_south,116,NORMAL
route_204_south,117,NORMAL
route_204_south,118,NORMAL
route_204_south,119,NORMAL
route_204_south,120,NORMAL
route_204_south,121,NORMAL
route_204_south,122,NORMAL
route_204_south,123,NORMAL
route_204_south,124,NORMAL
route_204_south,125,NORMAL
route_204_south,126,NORMAL
route_204_south,127,NORMAL
contest,0,NORMAL
contest,1,NORMAL
contest,2,NORMAL
contest,3,NORMAL
contest,4,NORMAL
contest,5,NORMAL
contest,6,NORMAL
contest,7,NORMAL
contest,8,NORMAL
contest,9,NORMAL
contest,10,NORMAL
contest,11,NORMAL
contest,12,NORMAL
contest,13,NORMAL
contest,14,NORMAL
contest,15,NORMAL
contest,16,NORMAL
contest,17,NORMAL
contest,18,NORMAL
contest,19,NORMAL
contest,20,NORMAL
contest,21,NORMAL
contest,22,NORMAL
contest,23,NORMAL
contest,24,NORMAL
contest,25,NORMAL
contest,26,NORMAL
contest,27,NORMAL
contest,28,NORMAL
contest,29,NORMAL
contest,30,NORMAL
contest,31,NORMAL
contest,32,NORMAL
contest,33,NORMAL
contest,34,NORMAL
contest,35,NORMAL
contest,36,NORMAL
contest,37,NORMAL
contest,38,NORMAL
contest,39,NORMAL
contest,40,NORMAL
contest,41,NORMAL
contest,42,NORMAL
contest,43,NORMAL
contest,44,NORMAL
contest,45,NORMAL
contest,46,NORMAL
contest,47,NORMAL
contest,48,NORMAL
contest,49,NORMAL
contest,50,NORMAL
contest,51,NORMAL
contest,52,NORMAL
contest,53,NORMAL
contest,54,NORMAL
contest,55,NORMAL
contest,56,NORMAL
contest,57,NORMAL
contest,58,NORMAL
contest,59,NORMAL
contest,60,NORMAL
contest,61,NORMAL
contest,62,NORMAL
contest,63,NORMAL
contest,64,NORMAL
contest,65,NORMAL
contest,66,NORMAL
contest,67,NORMAL
contest,68,NORMAL
contest,69,NORMAL
contest,70,NORMAL
contest,71,NORMAL
contest,72,NORMAL
contest,73,NORMAL
contest,74,NORMAL
contest,75,NORMAL
contest,76,NORMAL
contest,77,NORMAL
contest,78,NORMAL
contest,79,NORMAL
contest,80,NORMAL
contest,81,NORMAL
contest,82,NORMAL
contest,83,NORMAL
contest,84,NORMAL
contest,85,NORMAL
contest,86,NORMAL
contest,87,NORMAL
contest,88,NORMAL
contest,89,NORMAL
contest,90,NORMAL
contest,91,NORMAL
contest,92,NORMAL
contest,93,NORMAL
contest,94,NORMAL
contest,95,NORMAL
contest,96,NORMAL
contest,97,NORMAL
contest,98,NORMAL
contest,99,NORMAL
contest,100,NORMAL
contest,101,NORMAL
contest,102,NORMAL
contest,103,NORMAL
contest,104,NORMAL
contest,105,NORMAL
contest,106,NORMAL
contest,107,NORMAL
contest,108,NORMAL
contest,109,NORMAL
contest,110,NORMAL
contest,111,NORMAL
contest,112,NORMAL
contest,113,NORMAL
contest,114,NORMAL
contest,115,NORMAL
contest,116,NORMAL
contest,117,NORMAL
contest,118,NORMAL
contest,119,NORMAL
contest,120,NORMAL
contest,121,NORMAL
contest,122,NORMAL
contest,123,NORMAL
contest,124,NORMAL
contest,125,NORMAL
contest,126,NORMAL
contest,127,NORMAL
contest,128,NORMAL
contest,129,NORMAL
contest,130,NORMAL
contest,131,NORMAL
contest,132,NORMAL
contest,133,NORMAL
contest,134,NORMAL
contest,135,NORMAL
contest,136,NORMAL
contest,137,NORMAL
contest,138,NORMAL
contest,139,NORMAL
contest,140,NORMAL
contest,141,NORMAL
contest,142,NORMAL
contest,143,NORMAL
contest,144,NORMAL
contest,145,NORMAL
contest,146,NORMAL
contest,147,NORMAL
contest,148,NORMAL
contest,149,NORMAL
contest,150,NORMAL
contest,151,NORMAL
contest,152,NORMAL
contest,153,NORMAL
contest,154,NORMAL
contest,155,NORMAL
contest,156,NORMAL
contest,157,NORMAL
contest,158,NORMAL
contest,159,NORMAL
contest,160,NORMAL
contest,161,NORMAL
contest,162,NORMAL
contest,163,NORMAL
contest,164,NORMAL
contest,165,NORMAL
contest,166,NORMAL
contest,167,NORMAL
contest,168,NORMAL
contest,169,NORMAL
contest,170,NORMAL
contest,171,NORMAL
contest,172,NORMAL
contest,173,NORMAL
contest,174,NORMAL
contest,175,NORMAL
contest,176,NORMAL
contest,177,NORMAL
contest,178,NORMAL
contest,179,NORMAL
contest,180,NORMAL
contest,181,NORMAL
contest,182,NORMAL
contest,183,NORMAL
contest,184,NORMAL
contest,185,NORMAL
contest,186,NORMAL
contest,187,NORMAL
contest,188,NORMAL
contest,189,NORMAL
contest,190,NORMAL
contest,191,NORMAL
contest,192,NORMAL
contest,193,NORMAL
contest,194,NORMAL
contest,195,NORMAL
contest,196,NORMAL
contest,197,NORMAL
contest,198,NORMAL
contest,199,NORMAL
contest,200,NORMAL
contest,201,NORMAL
contest,202,NORMAL
contest,203,NORMAL
contest,204,NORMAL
contest,205,NORMAL
contest,206,NORMAL
contest,207,NORMAL
contest,208,NORMAL
contest,209,NORMAL
contest,210,NORMAL
contest,211,NORMAL
contest,212,NORMAL
contest,213,NORMAL
contest,214,NORMAL
contest,215,NORMAL
contest,216,NORMAL
contest,217,NORMAL
contest,218,NORMAL
contest,219,NORMAL
contest,220,NORMAL
contest,221,NORMAL
contest,222,NORMAL
contest,223,NORMAL
contest,224,NORMAL
contest,225,NORMAL
contest,226,NORMAL
contest,227,NORMAL
contest,228,NORMAL
contest,229,NORMAL
contest,230,NORMAL
contest,231,NORMAL
contest,232,NORMAL
pokemon_school,0,NORMAL
pokemon_school,1,NORMAL
pokemon_school,2,NORMAL
pokemon_school,3,NORMAL
pokemon_school,4,NORMAL
pokemon_school,5,NORMAL
pokemon_school,6,NORMAL
pokemon_school,7,NORMAL
pokemon_school,8,NORMAL
pokemon_school,9,NORMAL
pokemon_school,10,NORMAL
pokemon_school,11,NORMAL
pokemon_school,12,NORMAL
pokemon_school,13,NORMAL
pokemon_school,14,NORMAL
pokemon_school,15,NORMAL
pokemon_school,16,NORMAL
pokemon_school,17,NORMAL
pokemon_school,18,NORMAL
pokemon_school,19,NORMAL
pokemon_school,20,NORMAL
pokemon_school,21,NORMAL
pokemon_school,22,NORMAL
pokemon_school,23,NORMAL
pokemon_school,24,NORMAL
pokemon_school,25,NORMAL
pokemon_school,26,NORMAL
pokemon_school,27,NORMAL
pokemon_school,28,NORMAL
pokemon_school,29,NORMAL
pokemon_school,30,NORMAL
pokemon_school,31,NORMAL
pokemon_school,32,NORMAL
pokemon_school,33,NORMAL
pokemon_school,34,NORMAL
pokemon_school,35,NORMAL
pokemon_school,36,NORMAL
pokemon_school,37,NORMAL
pokemon_school,38,NORMAL
pokemon_school,39,NORMAL
pokemon_school,40,NORMAL
pokemon_school,41,NORMAL
pokemon_school,42,NORMAL
pokemon_school,43,NORMAL
pokemon_school,44,NORMAL
pokemon_school,45,NORMAL
pokemon_school,46,NORMAL
pokemon_school,47,NORMAL
pokemon_school,48,NORMAL
pokemon_school,49,NORMAL
pokemon_school,50,NORMAL
pokemon_school,51,NORMAL
pokemon_school,52,NORMAL
pokemon_school,53,NORMAL
pokemon_school,54,NORMAL
pokemon_school,55,NORMAL
pokemon_school,56,NORMAL
pokemon_school,57,NORMAL
route_203,0,NORMAL
route_203,1,NORMAL
route_203,2,NORMAL
route_203,3,NORMAL
route_203,4,NORMAL
route_203,5,NORMAL
route_203,6,NORMAL
route_203,7,NORMAL
route_203,8,NORMAL
route_203,9,NORMAL
route_203,10,NORMAL
route_203,11,NORMAL
route_203,12,NORMAL
route_203,13,NORMAL
route_203,14,NORMAL
route_203,15,NORMAL
route_203,16,NORMAL
route_203,17,NORMAL
route_203,18,NORMAL
route_203,19,NORMAL
route_203,20,NORMAL
route_203,21,NORMAL
route_203,22,NORMAL
route_203,23,NORMAL
route_203,24,NORMAL
route_203,25,NORMAL
route_203,26,NORMAL
route_203,27,NORMAL
route_203,28,NORMAL
route_203,29,NORMAL
route_203,30,NORMAL
route_203,31,NORMAL
route_203,32,NORMAL
route_203,33,NORMAL
route_203,34,NORMAL
route_203,35,NORMAL
route_203,36,NORMAL
route_203,37,NORMAL
route_203,38,NORMAL
route_203,39,NORMAL
route_203,40,NORMAL
route_203,41,NORMAL
route_203,42,NORMAL
route_203,43,NORMAL
route_203,44,NORMAL
route_203,45,NORMAL
route_203,46,NORMAL
route_203,47,NORMAL
route_203,48,NORMAL
route_203,49,NORMAL
route_203,50,NORMAL
route_203,51,NORMAL
route_203,52,NORMAL
route_203,53,NORMAL
route_203,54,NORMAL
route_203,55,NORMAL
route_203,56,NORMAL
route_203,57,NORMAL
route_203,58,NORMAL
route_203,59,NORMAL
route_203,60,NORMAL
route_203,61,NORMAL
route_203,62,NORMAL
route_203,63,NORMAL
route_203,64,NORMAL
route_203,65,NORMAL
route_203,66,NORMAL
route_203,67,NORMAL
route_203,68,NORMAL
route_203,69,NORMAL
route_203,70,NORMAL
route_203,71,NORMAL
route_203,72,NORMAL
route_203,73,NORMAL
route_203,74,NORMAL
route_203,75,NORMAL
route_203,76,NORMAL
route_203,77,NORMAL
route_203,78,NORMAL
route_203,79,NORMAL
route_203,80,NORMAL
route_203,81,NORMAL
route_203,82,NORMAL
route_203,83,NORMAL
route_203,84,NORMAL
route_203,85,NORMAL
route_203,86,NORMAL
route_203,87,NORMAL
route_203,88,NORMAL
route_203,89,NORMAL
route_203,90,NORMAL
route_203,91,NORMAL
route_203,92,NORMAL
route_203,93,NORMAL
route_203,94,NORMAL
route_203,95,NORMAL
route_203,96,NORMAL
route_203,97,NORMAL
route_203,98,NORMAL
route_203,99,NORMAL
route_203,100,NORMAL
route_203,101,NORMAL
route_203,102,NORMAL
route_203,103,NORMAL
route_203,104,NORMAL
route_203,105,NORMAL
route_203,106,NORMAL
route_203,107,NORMAL
route_203,108,NORMAL
route_203,109,NORMAL
route_203,110,NORMAL
route_203,111,NORMAL
route_203,112,NORMAL
route_203,113,NORMAL
route_203,114,NORMAL
route_203,115,NORMAL
route_203,116,NORMAL
route_203,117,NORMAL
route_203,118,NORMAL
route_203,119,NORMAL
route_203,120,NORMAL
route_203,121,NORMAL
route_203,122,NORMAL
route_203,123,NORMAL
route_203,124,NORMAL
route_203,125,NORMAL
route_203,126,NORMAL
route_203,127,NORMAL
valley_windworks,0,NORMAL
valley_windworks,1,NORMAL
valley_windworks,2,NORMAL
valley_windworks,3,NORMAL
valley_windworks,4,NORMAL
valley_windworks,5,NORMAL
valley_windworks,6,NORMAL
valley_windworks,7,NORMAL
valley_windworks,8,NORMAL
valley_windworks,9,NORMAL
valley_windworks,10,NORMAL
valley_windworks,11,NORMAL
valley_windworks,12,NORMAL
valley_windworks,13,NORMAL
valley_windworks,14,NORMAL
valley_windworks,15,NORMAL
valley_windworks,16,NORMAL
valley_windworks,17,NORMAL
valley_windworks,18,NORMAL
valley_windworks,19,NORMAL
valley_windworks,20,NORMAL
valley_windworks,21,NORMAL
valley_windworks,22,NORMAL
valley_windworks,23,NORMAL
valley_windworks,24,NORMAL
valley_windworks,25,NORMAL
valley_windworks,26,NORMAL
valley_windworks,27,NORMAL
valley_windworks,28,NORMAL
valley_windworks,29,NORMAL
valley_windworks,30,NORMAL
valley_windworks,31,NORMAL
valley_windworks,32,NORMAL
valley_windworks,33,NORMAL
valley_windworks,34,NORMAL
valley_windworks,35,NORMAL
valley_windworks,36,NORMAL
valley_windworks,37,NORMAL
valley_windworks,38,NORMAL
valley_windworks,39,NORMAL
valley_windworks,40,NORMAL
valley_windworks,41,NORMAL
valley_windworks,42,NORMAL
valley_windworks,43,NORMAL
valley_windworks,44,NORMAL
valley_windworks,45,NORMAL
valley_windworks,46,NORMAL
valley_windworks,47,NORMAL
valley_windworks,48,NORMAL
valley_windworks,49,NORMAL
valley_windworks,50,NORMAL
valley_windworks,51,NORMAL
valley_windworks,52,NORMAL
valley_windworks,53,NORMAL
valley_windworks,54,NORMAL
valley_windworks,55,NORMAL
valley_windworks,56,NORMAL
valley_windworks,57,NORMAL
valley_windworks,58,NORMAL
valley_windworks,59,NORMAL
valley_windworks,60,NORMAL
valley_windworks,61,NORMAL
valley_windworks,62,NORMAL
valley_windworks,63,NORMAL
valley_windworks,64,NORMAL
valley_windworks,65,NORMAL
valley_windworks,66,NORMAL
valley_windworks,67,NORMAL
valley_windworks,68,NORMAL
valley_windworks,69,NORMAL
valley_windworks,70,NORMAL
valley_windworks,71,NORMAL
valley_windworks,72,NORMAL
valley_windworks,73,NORMAL
valley_windworks,74,NORMAL
valley_windworks,75,NORMAL
valley_windworks,76,NORMAL
valley_windworks,77,NORMAL
valley_windworks,78,NORMAL
valley_windworks,79,NORMAL
valley_windworks,80,NORMAL
valley_windworks,81,NORMAL
valley_windworks,82,NORMAL
valley_windworks,83,NORMAL
valley_windworks,84,NORMAL
valley_windworks,85,NORMAL
valley_windworks,86,NORMAL
valley_windworks,87,NORMAL
valley_windworks,88,NORMAL
valley_windworks,89,NORMAL
valley_windworks,90,NORMAL
valley_windworks,91,NORMAL
valley_windworks,92,NORMAL
valley_windworks,93,NORMAL
valley_windworks,94,NORMAL
valley_windworks,95,NORMAL
valley_windworks,96,NORMAL
valley_windworks,97,NORMAL
valley_windworks,98,NORMAL
valley_windworks,99,NORMAL
valley_windworks,100,NORMAL
valley_windworks,101,NORMAL
valley_windworks,102,NORMAL
valley_windworks,103,NORMAL
valley_windworks,104,NORMAL
valley_windworks,105,NORMAL
valley_windworks,106,NORMAL
valley_windworks,107,NORMAL
valley_windworks,108,NORMAL
valley_windworks,109,NORMAL
valley_windworks,110,NORMAL
valley_windworks,111,NORMAL
valley_windworks,112,NORMAL
valley_windworks,113,NORMAL
valley_windworks,114,NORMAL
valley_windworks,115,NORMAL
valley_windworks,116,NORMAL
valley_windworks,117,NORMAL
valley_windworks,118,NORMAL
valley_windworks,119,NORMAL
valley_windworks,120,NORMAL
valley_windworks,121,NORMAL
valley_windworks,122,NORMAL
valley_windworks,123,NORMAL
valley_windworks,124,NORMAL
valley_windworks,125,NORMAL
valley_windworks,126,NORMAL
valley_windworks,127,NORMAL
valley_windworks,128,NORMAL
valley_windworks,129,NORMAL
valley_windworks,130,NORMAL
valley_windworks,131,NORMAL
valley_windworks,132,NORMAL
valley_windworks,133,NORMAL
valley_windworks,134,NORMAL
valley_windworks,135,NORMAL
valley_windworks,136,NORMAL
valley_windworks,137,NORMAL
valley_windworks,138,NORMAL
valley_windworks,139,NORMAL
valley_windworks,140,NORMAL
valley_windworks,141,NORMAL
valley_windworks,142,NORMAL
valley_windworks,143,NORMAL
valley_windworks,144,NORMAL
valley_windworks,145,NORMAL
valley_windworks,146,NORMAL
valley_windworks,147,NORMAL
valley_windworks,148,NORMAL
valley_windworks,149,NORMAL
valley_windworks,150,NORMAL
valley_windworks,151,NORMAL
valley_windworks,152,NORMAL
valley_windworks,153,NORMAL
valley_windworks,154,NORMAL
valley_windworks,155,NORMAL
valley_windworks,156,NORMAL
valley_windworks,157,NORMAL
valley_windworks,158,NORMAL
valley_windworks,159,NORMAL
valley_windworks,160,NORMAL
valley_windworks,161,NORMAL
valley_windworks,162,NORMAL
valley_windworks,163,NORMAL
valley_windworks,164,NORMAL
valley_windworks,165,NORMAL
valley_windworks,166,NORMAL
valley_windworks,167,NORMAL
valley_windworks,168,NORMAL
valley_windworks,169,NORMAL
valley_windworks,170,NORMAL
valley_windworks,171,NORMAL
valley_windworks,172,NORMAL
valley_windworks,173,NORMAL
valley_windworks,174,NORMAL
valley_windworks,175,NORMAL
valley_windworks,176,NORMAL
valley_windworks,177,NORMAL
valley_windworks,178,NORMAL
valley_windworks,179,NORMAL
valley_windworks,180,NORMAL
valley_windworks,181,NORMAL
valley_windworks,182,NORMAL
valley_windworks,183,NORMAL
valley_windworks,184,NORMAL
valley_windworks,185,NORMAL
valley_windworks,186,NORMAL
valley_windworks,187,NORMAL
valley_windworks,188,NORMAL
valley_windworks,189,NORMAL
valley_windworks,190,NORMAL
valley_windworks,191,NORMAL
valley_windworks,192,NORMAL
valley_windworks,193,NORMAL
valley_windworks,194,NORMAL
valley_windworks,195,NORMAL
valley_windworks,196,NORMAL
valley_windworks,197,NORMAL
valley_windworks,198,NORMAL
valley_windworks,199,NORMAL
valley_windworks,200,NORMAL
valley_windworks,201,NORMAL
valley_windworks,202,NORMAL
valley_windworks,203,NORMAL
valley_windworks,204,NORMAL
valley_windworks,205,NORMAL
valley_windworks,206,NORMAL
valley_windworks,207,NORMAL
valley_windworks,208,NORMAL
valley_windworks,209,NORMAL
valley_windworks,210,NORMAL
valley_windworks,211,NORMAL
valley_windworks,212,NORMAL
valley_windworks,213,NORMAL
valley_windworks,214,NORMAL
valley_windworks,215,NORMAL
valley_windworks,216,NORMAL
valley_windworks,217,NORMAL
valley_windworks,218,NORMAL
valley_windworks,219,NORMAL
valley_windworks,220,NORMAL
valley_windworks,221,NORMAL
valley_windworks,222,NORMAL
valley_windworks,223,NORMAL
valley_windworks,224,NORMAL
valley_windworks,225,NORMAL
valley_windworks,226,NORMAL
valley_windworks,227,NORMAL
valley_windworks,228,NORMAL
valley_windworks,229,NORMAL
valley_windworks,230,NORMAL
valley_windworks,231,NORMAL
valley_windworks,232,NORMAL
valley_windworks,233,NORMAL
valley_windworks,234,NORMAL
valley_windworks,235,NORMAL
valley_windworks,236,NORMAL
valley_windworks,237,NORMAL
valley_windworks,238,NORMAL
valley_windworks,239,NORMAL
valley_windworks,240,NORMAL
valley_windworks,241,NORMAL
valley_windworks,242,NORMAL
valley_windworks,243,NORMAL
valley_windworks,244,NORMAL
valley_windworks,245,NORMAL
valley_windworks,246,NORMAL
valley_windworks,247,NORMAL
valley_windworks,248,NORMAL
valley_windworks,249,NORMAL
valley_windworks,250,NORMAL
valley_windworks,251,NORMAL
valley_windworks,252,NORMAL
valley_windworks,253,NORMAL
valley_windworks,254,NORMAL
valley_windworks,255,NORMAL
mirage_tower,0,NORMAL
mirage_tower,1,NORMAL
mirage_tower,2,NORMAL
mirage_tower,3,NORMAL
mirage_tower,4,NORMAL
mirage_tower,5,NORMAL
mirage_tower,6,NORMAL
mirage_tower,7,NORMAL
mirage_tower,8,NORMAL
mirage_tower,9,NORMAL
mirage_tower,10,NORMAL
mirage_tower,11,NORMAL
mirage_tower,12,NORMAL
mirage_tower,13,NORMAL
mirage_tower,14,NORMAL
mirage_tower,15,NORMAL
mirage_tower,16,NORMAL
mirage_tower,17,NORMAL
mirage_tower,18,NORMAL
mirage_tower,19,NORMAL
mirage_tower,20,NORMAL
mirage_tower,21,NORMAL
mirage_tower,22,NORMAL
mirage_tower,23,NORMAL
mirage_tower,24,NORMAL
mirage_tower,25,NORMAL
mirage_tower,26,NORMAL
mirage_tower,27,NORMAL
mirage_tower,28,NORMAL
mirage_tower,29,NORMAL
mirage_tower,30,NORMAL
mirage_tower,31,NORMAL
mirage_tower,32,NORMAL
mirage_tower,33,NORMAL
mirage_tower,34,NORMAL
mirage_tower,35,NORMAL
mirage_tower,36,NORMAL
mirage_tower,37,NORMAL
mirage_tower,38,NORMAL
mirage_tower,39,NORMAL
mirage_tower,40,NORMAL
mirage_tower,41,NORMAL
mirage_tower,42,NORMAL
mirage_tower,43,NORMAL
mirage_tower,44,NORMAL
mirage_tower,45,NORMAL
mirage_tower,46,NORMAL
mirage_tower,47,NORMAL
mirage_tower,48,NORMAL
mirage_tower,49,NORMAL
mirage_tower,50,NORMAL
mirage_tower,51,NORMAL
mirage_tower,52,NORMAL
mirage_tower,53,NORMAL
mirage_tower,54,NORMAL
mirage_tower,55,NORMAL
mirage_tower,56,NORMAL
mirage_tower,57,NORMAL
mirage_tower,58,NORMAL
mirage_tower,59,NORMAL
mirage_tower,60,NORMAL
mirage_tower,61,NORMAL
mirage_tower,62,NORMAL
mirage_tower,63,NORMAL
mirage_tower,64,NORMAL
mirage_tower,65,NORMAL
mirage_tower,66,NORMAL
mirage_tower,67,NORMAL
mirage_tower,68,NORMAL
mirage_tower,69,NORMAL
mirage_tower,70,NORMAL
mirage_tower,71,NORMAL
mirage_tower,72,NORMAL
mirage_tower,73,NORMAL
mirage_tower,74,NORMAL
mirage_tower,75,NORMAL
mirage_tower,76,NORMAL
mirage_tower,77,NORMAL
mirage_tower,78,NORMAL
mirage_tower,79,NORMAL
mirage_tower,80,NORMAL
mirage_tower,81,NORMAL
mirage_tower,82,NORMAL
mirage_tower,83,NORMAL
mirage_tower,84,NORMAL
mirage_tower,85,NORMAL
mirage_tower,86,NORMAL
mirage_tower,87,NORMAL
mirage_tower,88,NORMAL
mirage_tower,89,NORMAL
mirage_tower,90,NORMAL
mirage_tower,91,NORMAL
mirage_tower,92,NORMAL
mirage_tower,93,NORMAL
mirage_tower,94,NORMAL
mirage_tower,95,NORMAL
mirage_tower,96,NORMAL
mirage_tower,97,NORMAL
mirage_tower,98,NORMAL
mirage_tower,99,NORMAL
mirage_tower,100,NORMAL
mirage_tower,101,NORMAL
mirage_tower,102,NORMAL
mirage_tower,103,NORMAL
mirage_tower,104,NORMAL
mirage_tower,105,NORMAL
mirage_tower,106,NORMAL
mirage_tower,107,NORMAL
mirage_tower,108,NORMAL
mirage_tower,109,NORMAL
mirage_tower,110,NORMAL
mirage_tower,111,NORMAL
mirage_tower,112,NORMAL
mirage_tower,113,NORMAL
mirage_tower,114,NORMAL
mirage_tower,115,NORMAL
mirage_tower,116,NORMAL
mirage_tower,117,NORMAL
mirage_tower,118,NORMAL
mirage_tower,119,NORMAL
mirage_tower,120,NORMAL
mirage_tower,121,NORMAL
mirage_tower,122,NORMAL
mirage_tower,123,NORMAL
mirage_tower,124,NORMAL
mirage_tower,125,NORMAL
mirage_tower,126,NORMAL
mirage_tower,127,NORMAL
mirage_tower,128,NORMAL
mirage_tower,129,NORMAL
mirage_tower,130,NORMAL
mirage_tower,131,NORMAL
mirage_tower,132,NORMAL
mirage_tower,133,NORMAL
mirage_tower,134,NORMAL
mirage_tower,135,NORMAL
mirage_tower,136,NORMAL
mirage_tower,137,NORMAL
mirage_tower,138,NORMAL
mirage_tower,139,NORMAL
mirage_tower,140,NORMAL
mirage_tower,141,NORMAL
mirage_tower,142,NORMAL
mirage_tower,143,NORMAL
mirage_tower,144,NORMAL
mirage_tower,145,NORMAL
mirage_tower,146,NORMAL
mirage_tower,147,NORMAL
mirage_tower,148,NORMAL
mirage_tower,149,NORMAL
mirage_tower,150,NORMAL
mirage_tower,151,NORMAL
mirage_tower,152,NORMAL
mirage_tower,153,NORMAL
mirage_tower,154,NORMAL
mirage_tower,155,NORMAL
mirage_tower,156,NORMAL
mirage_tower,157,NORMAL
mirage_tower,158,NORMAL
mirage_tower,159,NORMAL
mirage_tower,160,NORMAL
mirage_tower,161,NORMAL
mirage_tower,162,NORMAL
mirage_tower,163,NORMAL
mirage_tower,164,NORMAL
mirage_tower,165,NORMAL
mirage_tower,166,NORMAL
mirage_tower,167,NORMAL
mirage_tower,168,NORMAL
mirage_tower,169,NORMAL
mirage_tower,170,NORMAL
mirage_tower,171,NORMAL
mirage_tower,172,NORMAL
mirage_tower,173,NORMAL
mirage_tower,174,NORMAL
mirage_tower,175,NORMAL
mirage_tower,176,NORMAL
mirage_tower,177,NORMAL
mirage_tower,178,NORMAL
mirage_tower,179,NORMAL
mirage_tower,180,NORMAL
mirage_tower,181,NORMAL
mirage_tower,182,NORMAL
mirage_tower,183,NORMAL
mirage_tower,184,NORMAL
mirage_tower,185,NORMAL
mirage_tower,186,NORMAL
mirage_tower,187,NORMAL
mirage_tower,188,NORMAL
mirage_tower,189,NORMAL
mirage_tower,190,NORMAL
mirage_tower,191,NORMAL
mirage_tower,192,NORMAL
mirage_tower,193,NORMAL
mirage_tower,194,NORMAL
mirage_tower,195,NORMAL
mirage_tower,196,NORMAL
mirage_tower,197,NORMAL
mirage_tower,198,NORMAL
mirage_tower,199,NORMAL
mirage_tower,200,NORMAL
mirage_tower,201,NORMAL
mirage_tower,202,NORMAL
mirage_tower,203,NORMAL
mirage_tower,204,NORMAL
mirage_tower,205,NORMAL
mirage_tower,206,NORMAL
mirage_tower,207,NORMAL
mirage_tower,208,NORMAL
mirage_tower,209,NORMAL
mirage_tower,210,NORMAL
mirage_tower,211,NORMAL
mirage_tower,212,NORMAL
mirage_tower,213,NORMAL
mirage_tower,214,NORMAL
mirage_tower,215,NORMAL
mirage_tower,216,NORMAL
mirage_tower,217,NORMAL
mirage_tower,218,NORMAL
mirage_tower,219,NORMAL
mirage_tower,220,NORMAL
mirage_tower,221,NORMAL
mirage_tower,222,NORMAL
mirage_tower,223,NORMAL
mirage_tower,224,NORMAL
mirage_tower,225,NORMAL
mirage_tower,226,NORMAL
mirage_tower,227,NORMAL
mirage_tower,228,NORMAL
mirage_tower,229,NORMAL
mirage_tower,230,NORMAL
mirage_tower,231,NORMAL
mirage_tower,232,NORMAL
mirage_tower,233,NORMAL
mirage_tower,234,NORMAL
mirage_tower,235,NORMAL
mirage_tower,236,NORMAL
mirage_tower,237,NORMAL
mirage_tower,238,NORMAL
mirage_tower,239,NORMAL
mirage_tower,240,NORMAL
mirage_tower,241,NORMAL
mirage_tower,242,NORMAL
mirage_tower,243,NORMAL
mirage_tower,244,NORMAL
mirage_tower,245,NORMAL
mirage_tower,246,NORMAL
mirage_tower,247,NORMAL
mirage_tower,248,NORMAL
mirage_tower,249,NORMAL
mirage_tower,250,NORMAL
mirage_tower,251,NORMAL
mirage_tower,252,NORMAL
mirage_tower,253,NORMAL
mirage_tower,254,NORMAL
mirage_tower,255,NORMAL
mirage_tower,256,NORMAL
mirage_tower,257,NORMAL
mirage_tower,258,NORMAL
mirage_tower,259,NORMAL
mirage_tower,260,NORMAL
mirage_tower,261,NORMAL
mirage_tower,262,NORMAL
mirage_tower,263,NORMAL
mirage_tower,264,NORMAL
mirage_tower,265,NORMAL
mirage_tower,266,NORMAL
mirage_tower,267,NORMAL
mirage_tower,268,NORMAL
mirage_tower,269,NORMAL
mirage_tower,270,NORMAL
mirage_tower,271,NORMAL
mirage_tower,272,NORMAL
mirage_tower,273,NORMAL
mirage_tower,274,NORMAL
mirage_tower,275,NORMAL
mirage_tower,276,NORMAL
mirage_tower,277,NORMAL
mirage_tower,278,NORMAL
mirage_tower,279,NORMAL
mirage_tower,280,NORMAL
mirage_tower,281,NORMAL
mirage_tower,282,NORMAL
mirage_tower,283,NORMAL
mirage_tower,284,NORMAL
mirage_tower,285,NORMAL
mirage_tower,286,NORMAL
mirage_tower,287,NORMAL
mirage_tower,288,NORMAL
mirage_tower,289,NORMAL
mirage_tower,290,NORMAL
mirage_tower,291,NORMAL
mirage_tower,292,NORMAL
mirage_tower,293,NORMAL
mirage_tower,294,NORMAL
mirage_tower,295,NORMAL
mirage_tower,296,NORMAL
mirage_tower,297,NORMAL
mirage_tower,298,NORMAL
mirage_tower,299,NORMAL
mirage_tower,300,NORMAL
mirage_tower,301,NORMAL
mirage_tower,302,NORMAL
mirage_tower,303,NORMAL
mirage_tower,304,NORMAL
mirage_tower,305,NORMAL
mirage_tower,306,NORMAL
mirage_tower,307,NORMAL
mirage_tower,308,NORMAL
mirage_tower,309,NORMAL
mirage_tower,310,NORMAL
mirage_tower,311,NORMAL
mirage_tower,312,NORMAL
mirage_tower,313,NORMAL
mirage_tower,314,NORMAL
mirage_tower,315,NORMAL
mirage_tower,316,NORMAL
mirage_tower,317,NORMAL
mirage_tower,318,NORMAL
mirage_tower,319,NORMAL
mirage_tower,320,NORMAL
mirage_tower,321,NORMAL
mirage_tower,322,NORMAL
mirage_tower,323,NORMAL
mirage_tower,324,NORMAL
mirage_tower,325,NORMAL
mirage_tower,326,NORMAL
mirage_tower,327,NORMAL
mirage_tower,328,NORMAL
mirage_tower,329,NORMAL
mirage_tower,330,NORMAL
mirage_tower,331,NORMAL
mirage_tower,332,NORMAL
mirage_tower,333,NORMAL
mirage_tower,334,NORMAL
mirage_tower,335,NORMAL
mirage_tower,336,NORMAL
mirage_tower,337,NORMAL
mirage_tower,338,NORMAL
mirage_tower,339,NORMAL
mirage_tower,340,NORMAL
mirage_tower,341,NORMAL
mirage_tower,342,NORMAL
mirage_tower,343,NORMAL
mirage_tower,344,NORMAL
mirage_tower,345,NORMAL
mirage_tower,346,NORMAL
mirage_tower,347,NORMAL
mirage_tower,348,NORMAL
mirage_tower,349,NORMAL
mirage_tower,350,NORMAL
mirage_tower,351,NORMAL
mirage_tower,352,NORMAL
mirage_tower,353,NORMAL
mirage_tower,354,NORMAL
mirage_tower,355,NORMAL
mirage_tower,356,NORMAL
mirage_tower,357,NORMAL
mirage_tower,358,NORMAL
mirage_tower,359,NORMAL
mirage_tower,360,NORMAL
mirage_tower,361,NORMAL
mirage_tower,362,NORMAL
mirage_tower,363,NORMAL
mirage_tower,364,NORMAL
mirage_tower,365,NORMAL
mirage_tower,366,NORMAL
mirage_tower,367,NORMAL
mirage_tower,368,NORMAL
mirage_tower,369,NORMAL
mirage_tower,370,NORMAL
mirage_tower,371,NORMAL
mirage_tower,372,NORMAL
mirage_tower,373,NORMAL
mirage_tower,374,NORMAL
mirage_tower,375,NORMAL
mirage_tower,376,NORMAL
mirage_tower,377,NORMAL
mirage_tower,378,NORMAL
mirage_tower,379,NORMAL
mirage_tower,380,NORMAL
mirage_tower,381,NORMAL
mirage_tower,382,NORMAL
mirage_tower,383,NORMAL
mirage_tower,384,NORMAL
mirage_tower,385,NORMAL
mirage_tower,386,NORMAL
mirage_tower,387,NORMAL
mirage_tower,388,NORMAL
mirage_tower,389,NORMAL
mirage_tower,390,NORMAL
mirage_tower,391,NORMAL
mirage_tower,392,NORMAL
mirage_tower,393,NORMAL
mirage_tower,394,NORMAL
mirage_tower,395,NORMAL
mirage_tower,396,NORMAL
mirage_tower,397,NORMAL
mirage_tower,398,NORMAL
mirage_tower,399,NORMAL
mirage_tower,400,NORMAL
mirage_tower,401,NORMAL
mirage_tower,402,NORMAL
mirage_tower,403,NORMAL
mirage_tower,404,NORMAL
mirage_tower,405,NORMAL
mirage_tower,406,NORMAL
mirage_tower,407,NORMAL
mirage_tower,408,NORMAL
mirage_tower,409,NORMAL
mirage_tower,410,NORMAL
mirage_tower,411,NORMAL
mirage_tower,412,NORMAL
mirage_tower,413,NORMAL
lilycove,0,NORMAL
lilycove,1,NORMAL
lilycove,2,NORMAL
lilycove,3,NORMAL
lilycove,4,NORMAL
lilycove,5,NORMAL
lilycove,6,NORMAL
lilycove,7,NORMAL
lilycove,8,NORMAL
lilycove,9,NORMAL
lilycove,10,NORMAL
lilycove,11,NORMAL
lilycove,12,NORMAL
lilycove,13,NORMAL
lilycove,14,NORMAL
lilycove,15,NORMAL
lilycove,16,NORMAL
lilycove,17,NORMAL
lilycove,18,NORMAL
lilycove,19,NORMAL
lilycove,20,NORMAL
lilycove,21,NORMAL
lilycove,22,NORMAL
lilycove,23,NORMAL
lilycove,24,NORMAL
lilycove,25,NORMAL
lilycove,26,NORMAL
lilycove,27,NORMAL
lilycove,28,NORMAL
lilycove,29,NORMAL
lilycove,30,NORMAL
lilycove,31,NORMAL
lilycove,32,NORMAL
lilycove,33,NORMAL
lilycove,34,NORMAL
lilycove,35,NORMAL
lilycove,36,NORMAL
lilycove,37,NORMAL
lilycove,38,NORMAL
lilycove,39,NORMAL
lilycove,40,NORMAL
lilycove,41,NORMAL
lilycove,42,NORMAL
lilycove,43,NORMAL
lilycove,44,NORMAL
lilycove,45,NORMAL
lilycove,46,NORMAL
lilycove,47,NORMAL
lilycove,48,NORMAL
lilycove,49,NORMAL
lilycove,50,NORMAL
lilycove,51,NORMAL
lilycove,52,NORMAL
lilycove,53,NORMAL
lilycove,54,NORMAL
lilycove,55,NORMAL
lilycove,56,NORMAL
lilycove,57,NORMAL
lilycove,58,NORMAL
lilycove,59,NORMAL
lilycove,60,NORMAL
lilycove,61,NORMAL
lilycove,62,NORMAL
lilycove,63,NORMAL
lilycove,64,NORMAL
lilycove,65,NORMAL
lilycove,66,NORMAL
lilycove,67,NORMAL
lilycove,68,NORMAL
lilycove,69,NORMAL
lilycove,70,NORMAL
lilycove,71,NORMAL
lilycove,72,NORMAL
lilycove,73,NORMAL
lilycove,74,NORMAL
lilycove,75,NORMAL
lilycove,76,NORMAL
lilycove,77,NORMAL
lilycove,78,NORMAL
lilycove,79,NORMAL
lilycove,80,NORMAL
lilycove,81,NORMAL
lilycove,82,NORMAL
lilycove,83,NORMAL
lilycove,84,NORMAL
lilycove,85,NORMAL
lilycove,86,NORMAL
lilycove,87,NORMAL
lilycove,88,NORMAL
lilycove,89,NORMAL
lilycove,90,NORMAL
lilycove,91,NORMAL
lilycove,92,NORMAL
lilycove,93,NORMAL
lilycove,94,NORMAL
lilycove,95,NORMAL
lilycove,96,NORMAL
lilycove,97,NORMAL
lilycove,98,NORMAL
lilycove,99,NORMAL
lilycove,100,NORMAL
lilycove,101,NORMAL
lilycove,102,NORMAL
lilycove,103,NORMAL
lilycove,104,NORMAL
lilycove,105,NORMAL
lilycove,106,NORMAL
lilycove,107,NORMAL
lilycove,108,NORMAL
lilycove,109,NORMAL
lilycove,110,NORMAL
lilycove,111,NORMAL
lilycove,112,NORMAL
lilycove,113,NORMAL
lilycove,114,NORMAL
lilycove,115,NORMAL
lilycove,116,NORMAL
lilycove,117,NORMAL
lilycove,118,NORMAL
lilycove,119,NORMAL
lilycove,120,NORMAL
lilycove,121,NORMAL
lilycove,122,NORMAL
lilycove,123,NORMAL
lilycove,124,NORMAL
lilycove,125,NORMAL
lilycove,126,NORMAL
lilycove,127,NORMAL
lilycove,128,NORMAL
lilycove,129,NORMAL
lilycove,130,NORMAL
lilycove,131,NORMAL
lilycove,132,NORMAL
lilycove,133,NORMAL
lilycove,134,NORMAL
lilycove,135,NORMAL
lilycove,136,NORMAL
lilycove,137,NORMAL
lilycove,138,NORMAL
lilycove,139,NORMAL
lilycove,140,NORMAL
lilycove,141,NORMAL
lilycove,142,NORMAL
lilycove,143,NORMAL
lilycove,144,NORMAL
lilycove,145,NORMAL
lilycove,146,NORMAL
lilycove,147,NORMAL
lilycove,148,NORMAL
lilycove,149,NORMAL
lilycove,150,NORMAL
lilycove,151,NORMAL
lilycove,152,NORMAL
lilycove,153,NORMAL
lilycove,154,NORMAL
lilycove,155,NORMAL
lilycove,156,NORMAL
lilycove,157,NORMAL
lilycove,158,NORMAL
lilycove,159,NORMAL
lilycove,160,NORMAL
lilycove,161,NORMAL
lilycove,162,NORMAL
lilycove,163,NORMAL
lilycove,164,NORMAL
lilycove,165,NORMAL
lilycove,166,NORMAL
lilycove,167,NORMAL
lilycove,168,NORMAL
lilycove,169,NORMAL
lilycove,170,NORMAL
lilycove,171,NORMAL
lilycove,172,NORMAL
lilycove,173,NORMAL
lilycove,174,NORMAL
lilycove,175,NORMAL
lilycove,176,NORMAL
lilycove,177,NORMAL
lilycove,178,NORMAL
lilycove,179,NORMAL
lilycove,180,NORMAL
lilycove,181,NORMAL
lilycove,182,NORMAL
lilycove,183,NORMAL
lilycove,184,NORMAL
lilycove,185,NORMAL
lilycove,186,NORMAL
lilycove,187,NORMAL
lilycove,188,NORMAL
lilycove,189,NORMAL
lilycove,190,NORMAL
lilycove,191,NORMAL
lilycove,192,NORMAL
lilycove,193,NORMAL
lilycove,194,NORMAL
lilycove,195,NORMAL
lilycove,196,NORMAL
lilycove,197,NORMAL
lilycove,198,NORMAL
lilycove,199,NORMAL
lilycove,200,NORMAL
lilycove,201,NORMAL
lilycove,202,NORMAL
lilycove,203,NORMAL
lilycove,204,NORMAL
lilycove,205,NORMAL
lilycove,206,NORMAL
lilycove,207,NORMAL
lilycove,208,NORMAL
lilycove,209,NORMAL
lilycove,210,NORMAL
lilycove,211,NORMAL
lilycove,212,NORMAL
lilycove,213,NORMAL
lilycove,214,NORMAL
lilycove,215,NORMAL
lilycove,216,NORMAL
lilycove,217,NORMAL
lilycove,218,NORMAL
lilycove,219,NORMAL
lilycove,220,NORMAL
lilycove,221,NORMAL
lilycove,222,NORMAL
lilycove,223,NORMAL
lilycove,224,NORMAL
lilycove,225,NORMAL
lilycove,226,NORMAL
lilycove,227,NORMAL
lilycove,228,NORMAL
lilycove,229,NORMAL
lilycove,230,NORMAL
lilycove,231,NORMAL
lilycove,232,NORMAL
lilycove,233,NORMAL
lilycove,234,NORMAL
lilycove,235,NORMAL
lilycove,236,NORMAL
lilycove,237,NORMAL
lilycove,238,NORMAL
lilycove,239,NORMAL
lilycove,240,NORMAL
lilycove,241,NORMAL
lilycove,242,NORMAL
lilycove,243,NORMAL
lilycove,244,NORMAL
lilycove,245,NORMAL
lilycove,246,NORMAL
lilycove,247,NORMAL
lilycove,248,NORMAL
lilycove,249,NORMAL
lilycove,250,NORMAL
lilycove,251,NORMAL
lilycove,252,NORMAL
lilycove,253,NORMAL
lilycove,254,NORMAL
lilycove,255,NORMAL
lilycove,256,NORMAL
lilycove,257,NORMAL
lilycove,258,NORMAL
lilycove,259,NORMAL
lilycove,260,NORMAL
lilycove,261,NORMAL
lilycove,262,NORMAL
lilycove,263,NORMAL
lilycove,264,NORMAL
lilycove,265,NORMAL
lilycove,266,NORMAL
lilycove,267,NORMAL
lilycove,268,NORMAL
lilycove,269,NORMAL
lilycove,270,NORMAL
lilycove,271,NORMAL
lilycove,272,NORMAL
lilycove,273,NORMAL
lilycove,274,NORMAL
lilycove,275,NORMAL
lilycove,276,NORMAL
lilycove,277,NORMAL
lilycove,278,NORMAL
lilycove,279,NORMAL
lilycove,280,NORMAL
lilycove,281,NORMAL
lilycove,282,NORMAL
lilycove,283,NORMAL
lilycove,284,NORMAL
lilycove,285,NORMAL
lilycove,286,NORMAL
lilycove,287,NORMAL
lilycove,288,NORMAL
lilycove,289,NORMAL
lilycove,290,NORMAL
lilycove,291,NORMAL
lilycove,292,NORMAL
lilycove,293,NORMAL
lilycove,294,NORMAL
lilycove,295,NORMAL
lilycove,296,NORMAL
lilycove,297,NORMAL
lilycove,298,NORMAL
lilycove,299,NORMAL
lilycove,300,NORMAL
lilycove,301,NORMAL
lilycove,302,NORMAL
lilycove,303,NORMAL
lilycove,304,NORMAL
lilycove,305,NORMAL
lilycove,306,NORMAL
lilycove,307,NORMAL
lilycove,308,NORMAL
lilycove,309,NORMAL
lilycove,310,NORMAL
lilycove,311,NORMAL
lilycove,312,NORMAL
lilycove,313,NORMAL
lilycove,314,NORMAL
lilycove,315,NORMAL
lilycove,316,NORMAL
lilycove,317,NORMAL
lilycove,318,NORMAL
lilycove,319,NORMAL
lilycove,320,NORMAL
lilycove,321,NORMAL
lilycove,322,NORMAL
lilycove,323,NORMAL
lilycove,324,NORMAL
lilycove,325,NORMAL
lilycove,326,NORMAL
lilycove,327,NORMAL
lilycove,328,NORMAL
lilycove,329,NORMAL
lilycove,330,NORMAL
lilycove,331,NORMAL
lilycove,332,NORMAL
lilycove,333,NORMAL
lilycove,334,NORMAL
lilycove,335,NORMAL
lilycove,336,NORMAL
lilycove,337,NORMAL
lilycove,338,NORMAL
lilycove,339,NORMAL
lilycove,340,NORMAL
lilycove,341,NORMAL
lilycove,342,NORMAL
lilycove,343,NORMAL
lilycove,344,NORMAL
lilycove,345,NORMAL
lilycove,346,NORMAL
lilycove,347,NORMAL
lilycove,348,NORMAL
lilycove,349,NORMAL
lilycove,350,NORMAL
rustboro_gym,0,NORMAL
rustboro_gym,1,NORMAL
rustboro_gym,2,NORMAL
rustboro_gym,3,NORMAL
rustboro_gym,4,NORMAL
rustboro_gym,5,NORMAL
rustboro_gym,6,NORMAL
rustboro_gym,7,NORMAL
rustboro_gym,8,NORMAL
rustboro_gym,9,NORMAL
rustboro_gym,10,NORMAL
rustboro_gym,11,NORMAL
rustboro_gym,12,NORMAL
rustboro_gym,13,NORMAL
rustboro_gym,14,NORMAL
rustboro_gym,15,NORMAL
rustboro_gym,16,NORMAL
rustboro_gym,17,NORMAL
rustboro_gym,18,NORMAL
rustboro_gym,19,NORMAL
rustboro_gym,20,NORMAL
rustboro_gym,21,NORMAL
rustboro_gym,22,NORMAL
rustboro_gym,23,NORMAL
rustboro_gym,24,NORMAL
rustboro_gym,25,NORMAL
rustboro_gym,26,NORMAL
rustboro_gym,27,NORMAL
rustboro_gym,28,NORMAL
rustboro_gym,29,NORMAL
rustboro_gym,30,NORMAL
rustboro_gym,31,NORMAL
rustboro_gym,32,NORMAL
rustboro_gym,33,NORMAL
rustboro_gym,34,NORMAL
rustboro_gym,35,NORMAL
rustboro_gym,36,NORMAL
rustboro_gym,37,NORMAL
rustboro_gym,38,NORMAL
rustboro_gym,39,NORMAL
rustboro_gym,40,NORMAL
rustboro_gym,41,NORMAL
rustboro_gym,42,NORMAL
rustboro_gym,43,NORMAL
rustboro_gym,44,NORMAL
rustboro_gym,45,NORMAL
rustboro_gym,46,NORMAL
rustboro_gym,47,NORMAL
rustboro_gym,48,NORMAL
rustboro_gym,49,NORMAL
rustboro_gym,50,NORMAL
rustboro_gym,51,NORMAL
rustboro_gym,52,NORMAL
rustboro_gym,53,NORMAL
rustboro_gym,54,NORMAL
rustboro_gym,55,NORMAL
battle_tent,0,NORMAL
battle_tent,1,NORMAL
battle_tent,2,NORMAL
battle_tent,3,NORMAL
battle_tent,4,NORMAL
battle_tent,5,NORMAL
battle_tent,6,NORMAL
battle_tent,7,NORMAL
battle_tent,8,NORMAL
battle_tent,9,NORMAL
battle_tent,10,NORMAL
battle_tent,11,NORMAL
battle_tent,12,NORMAL
battle_tent,13,NORMAL
battle_tent,14,NORMAL
battle_tent,15,NORMAL
battle_tent,16,NORMAL
battle_tent,17,NORMAL
battle_tent,18,NORMAL
battle_tent,19,NORMAL
battle_tent,20,NORMAL
battle_tent,21,NORMAL
battle_tent,22,NORMAL
battle_tent,23,NORMAL
battle_tent,24,NORMAL
battle_tent,25,NORMAL
battle_tent,26,NORMAL
battle_tent,27,NORMAL
battle_tent,28,NORMAL
battle_tent,29,NORMAL
battle_tent,30,NORMAL
battle_tent,31,NORMAL
battle_tent,32,NORMAL
battle_tent,33,NORMAL
battle_tent,34,NORMAL
battle_tent,35,NORMAL
battle_tent,36,NORMAL
battle_tent,37,NORMAL
battle_tent,38,NORMAL
battle_tent,39,NORMAL
battle_tent,40,NORMAL
battle_tent,41,NORMAL
battle_tent,42,NORMAL
battle_tent,43,NORMAL
battle_tent,44,NORMAL
battle_tent,45,NORMAL
battle_tent,46,NORMAL
battle_tent,47,NORMAL
battle_tent,48,NORMAL
battle_tent,49,NORMAL
battle_tent,50,NORMAL
battle_tent,51,NORMAL
battle_tent,52,NORMAL
battle_tent,53,NORMAL
battle_tent,54,NORMAL
battle_tent,55,NORMAL
battle_tent,56,NORMAL
battle_tent,57,NORMAL
battle_tent,58,NORMAL
battle_tent,59,NORMAL
battle_tent,60,NORMAL
battle_tent,61,NORMAL
battle_tent,62,NORMAL
battle_tent,63,NORMAL
battle_tent,64,NORMAL
battle_tent,65,NORMAL
battle_tent,66,NORMAL
battle_tent,67,NORMAL
battle_tent,68,NORMAL
battle_tent,69,NORMAL
battle_tent,70,NORMAL
battle_tent,71,NORMAL
battle_tent,72,NORMAL
battle_tent,73,NORMAL
battle_tent,74,NORMAL
battle_tent,75,NORMAL
battle_tent,76,NORMAL
battle_tent,77,NORMAL
battle_tent,78,NORMAL
battle_tent,79,NORMAL
battle_tent,80,NORMAL
battle_tent,81,NORMAL
battle_tent,82,NORMAL
battle_tent,83,NORMAL
battle_tent,84,NORMAL
battle_tent,85,NORMAL
battle_tent,86,NORMAL
battle_tent,87,NORMAL
battle_tent,88,NORMAL
battle_tent,89,NORMAL
battle_tent,90,NORMAL
battle_tent,91,NORMAL
battle_tent,92,NORMAL
battle_tent,93,NORMAL
battle_tent,94,NORMAL
battle_tent,95,NORMAL
battle_tent,96,NORMAL
battle_tent,97,NORMAL
battle_tent,98,NORMAL
battle_tent,99,NORMAL
battle_tent,100,NORMAL
battle_tent,101,NORMAL
battle_tent,102,NORMAL
battle_tent,103,NORMAL
battle_tent,104,NORMAL
battle_tent,105,NORMAL
battle_tent,106,NORMAL
battle_tent,107,NORMAL
battle_tent,108,NORMAL
battle_tent,109,NORMAL
battle_tent,110,NORMAL
battle_tent,111,NORMAL
battle_tent,112,NORMAL
battle_tent,113,NORMAL
battle_tent,114,NORMAL
battle_tent,115,NORMAL
battle_tent,116,NORMAL
battle_tent,117,NORMAL
battle_tent,118,NORMAL
battle_tent,119,NORMAL
battle_tent,120,NORMAL
battle_tent,121,NORMAL
battle_tent,122,NORMAL
battle_tent,123,NORMAL
battle_tent,124,NORMAL
battle_tent,125,NORMAL
battle_tent,126,NORMAL
battle_tent,127,NORMAL
battle_tent,128,NORMAL
battle_tent,129,NORMAL
battle_tent,130,NORMAL
battle_tent,131,NORMAL
battle_tent,132,NORMAL
battle_tent,133,NORMAL
battle_tent,134,NORMAL
battle_tent,135,NORMAL
battle_tent,136,NORMAL
battle_tent,137,NORMAL
battle_tent,138,NORMAL
battle_tent,139,NORMAL
battle_tent,140,NORMAL
battle_tent,141,NORMAL
battle_tent,142,NORMAL
battle_tent,143,NORMAL
battle_tent,144,NORMAL
battle_tent,145,NORMAL
battle_tent,146,NORMAL
battle_tent,147,NORMAL
battle_tent,148,NORMAL
battle_tent,149,NORMAL
battle_tent,150,NORMAL
battle_tent,151,NORMAL
battle_tent,152,NORMAL
battle_tent,153,NORMAL
battle_tent,154,NORMAL
battle_tent,155,NORMAL
battle_tent,156,NORMAL
battle_tent,157,NORMAL
battle_tent,158,NORMAL
battle_tent,159,NORMAL
battle_tent,160,NORMAL
battle_tent,161,NORMAL
battle_tent,162,NORMAL
battle_tent,163,NORMAL
battle_tent,164,NORMAL
battle_tent,165,NORMAL
battle_tent,166,NORMAL
battle_tent,167,NORMAL
battle_tent,168,NORMAL
battle_tent,169,NORMAL
battle_tent,170,NORMAL
battle_tent,171,NORMAL
battle_tent,172,NORMAL
battle_tent,173,NORMAL
battle_tent,174,NORMAL
battle_tent,175,NORMAL
battle_tent,176,NORMAL
battle_tent,177,NORMAL
battle_tent,178,NORMAL
battle_tent,179,NORMAL
battle_tent,180,NORMAL
battle_tent,181,NORMAL
battle_tent,182,NORMAL
battle_tent,183,NORMAL
battle_tent,184,NORMAL
battle_tent,185,NORMAL
battle_tent,186,NORMAL
battle_tent,187,NORMAL
battle_tent,188,NORMAL
battle_tent,189,NORMAL
battle_tent,190,NORMAL
battle_tent,191,NORMAL
battle_tent,192,NORMAL
battle_tent,193,NORMAL
battle_tent,194,NORMAL
battle_tent,195,NORMAL
battle_tent,196,NORMAL
battle_tent,197,NORMAL
battle_tent,198,NORMAL
battle_tent,199,NORMAL
battle_tent,200,NORMAL
battle_tent,201,NORMAL
battle_tent,202,NORMAL
battle_tent,203,NORMAL
battle_tent,204,NORMAL
battle_tent,205,NORMAL
battle_tent,206,NORMAL
battle_tent,207,NORMAL
battle_tent,208,NORMAL
battle_tent,209,NORMAL
battle_tent,210,NORMAL
battle_tent,211,NORMAL
battle_tent,212,NORMAL
battle_tent,213,NORMAL
battle_tent,214,NORMAL
battle_tent,215,NORMAL
battle_tent,216,NORMAL
battle_tent,217,NORMAL
battle_tent,218,NORMAL
battle_tent,219,NORMAL
battle_tent,220,NORMAL
battle_tent,221,NORMAL
battle_tent,222,NORMAL
battle_tent,223,NORMAL
battle_tent,224,NORMAL
battle_tent,225,NORMAL
battle_tent,226,NORMAL
battle_tent,227,NORMAL
battle_tent,228,NORMAL
battle_tent,229,NORMAL
battle_tent,230,NORMAL
battle_tent,231,NORMAL
battle_tent,232,NORMAL
battle_tent,233,NORMAL
battle_tent,234,NORMAL
battle_tent,235,NORMAL
battle_tent,236,NORMAL
battle_tent,237,NORMAL
battle_tent,238,NORMAL
battle_tent,239,NORMAL
battle_tent,240,NORMAL
battle_tent,241,NORMAL
battle_tent,242,NORMAL
battle_tent,243,NORMAL
battle_tent,244,NORMAL
battle_tent,245,NORMAL
battle_tent,246,NORMAL
battle_tent,247,NORMAL
battle_tent,248,NORMAL
battle_tent,249,NORMAL
battle_tent,250,NORMAL
battle_tent,251,NORMAL
battle_tent,252,NORMAL
battle_tent,253,NORMAL
battle_tent,254,NORMAL
battle_tent,255,NORMAL
battle_tent,256,NORMAL
battle_tent,257,NORMAL
battle_tent,258,NORMAL
battle_tent,259,NORMAL
battle_tent,260,NORMAL
battle_tent,261,NORMAL
battle_tent,262,NORMAL
battle_tent,263,NORMAL
battle_tent,264,NORMAL
battle_tent,265,NORMAL
battle_tent,266,NORMAL
battle_tent,267,NORMAL
battle_tent,268,NORMAL
battle_palace,0,NORMAL
battle_palace,1,NORMAL
battle_palace,2,NORMAL
battle_palace,3,NORMAL
battle_palace,4,NORMAL
battle_palace,5,NORMAL
battle_palace,6,NORMAL
battle_palace,7,NORMAL
battle_palace,8,NORMAL
battle_palace,9,NORMAL
battle_palace,10,NORMAL
battle_palace,11,NORMAL
battle_palace,12,NORMAL
battle_palace,13,NORMAL
battle_palace,14,NORMAL
battle_palace,15,NORMAL
battle_palace,16,NORMAL
battle_palace,17,NORMAL
battle_palace,18,NORMAL
battle_palace,19,NORMAL
battle_palace,20,NORMAL
battle_palace,21,NORMAL
battle_palace,22,NORMAL
battle_palace,23,NORMAL
battle_palace,24,NORMAL
battle_palace,25,NORMAL
battle_palace,26,NORMAL
battle_palace,27,NORMAL
battle_palace,28,NORMAL
battle_palace,29,NORMAL
battle_palace,30,NORMAL
battle_palace,31,NORMAL
battle_palace,32,NORMAL
battle_palace,33,NORMAL
battle_palace,34,NORMAL
battle_palace,35,NORMAL
battle_palace,36,NORMAL
battle_palace,37,NORMAL
battle_palace,38,NORMAL
battle_palace,39,NORMAL
battle_palace,40,NORMAL
battle_palace,41,NORMAL
battle_palace,42,NORMAL
battle_palace,43,NORMAL
battle_palace,44,NORMAL
battle_palace,45,NORMAL
battle_palace,46,NORMAL
battle_palace,47,NORMAL
battle_palace,48,NORMAL
battle_palace,49,NORMAL
battle_palace,50,NORMAL
battle_palace,51,NORMAL
battle_palace,52,NORMAL
battle_palace,53,NORMAL
battle_palace,54,NORMAL
battle_palace,55,NORMAL
battle_palace,56,NORMAL
battle_palace,57,NORMAL
battle_palace,58,NORMAL
battle_palace,59,NORMAL
battle_palace,60,NORMAL
battle_palace,61,NORMAL
battle_palace,62,NORMAL
battle_palace,63,NORMAL
battle_palace,64,NORMAL
battle_palace,65,NORMAL
battle_palace,66,NORMAL
battle_palace,67,NORMAL
battle_palace,68,NORMAL
battle_palace,69,NORMAL
battle_palace,70,NORMAL
battle_palace,71,NORMAL
battle_palace,72,NORMAL
battle_palace,73,NORMAL
battle_palace,74,NORMAL
battle_palace,75,NORMAL
battle_palace,76,NORMAL
battle_palace,77,NORMAL
battle_palace,78,NORMAL
battle_palace,79,NORMAL
battle_palace,80,NORMAL
battle_palace,81,NORMAL
battle_palace,82,NORMAL
battle_palace,83,NORMAL
battle_palace,84,NORMAL
battle_palace,85,NORMAL
battle_palace,86,NORMAL
battle_palace,87,NORMAL
battle_palace,88,NORMAL
battle_palace,89,NORMAL
battle_palace,90,NORMAL
battle_palace,91,NORMAL
battle_palace,92,NORMAL
battle_palace,93,NORMAL
battle_palace,94,NORMAL
battle_palace,95,NORMAL
battle_palace,96,NORMAL
battle_palace,97,NORMAL
battle_palace,98,NORMAL
battle_palace,99,NORMAL
battle_palace,100,NORMAL
battle_palace,101,NORMAL
battle_palace,102,NORMAL
battle_palace,103,NORMAL
battle_palace,104,NORMAL
battle_palace,105,NORMAL
battle_palace,106,NORMAL
battle_palace,107,NORMAL
battle_palace,108,NORMAL
battle_palace,109,NORMAL
battle_palace,110,NORMAL
battle_palace,111,NORMAL
battle_palace,112,NORMAL
battle_palace,113,NORMAL
battle_palace,114,NORMAL
battle_palace,115,NORMAL
battle_palace,116,NORMAL
battle_palace,117,NORMAL
battle_palace,118,NORMAL
battle_palace,119,NORMAL
battle_palace,120,NORMAL
battle_palace,121,NORMAL
battle_palace,122,NORMAL
battle_palace,123,NORMAL
battle_palace,124,NORMAL
battle_palace,125,NORMAL
battle_palace,126,NORMAL
battle_palace,127,NORMAL
battle_palace,128,NORMAL
battle_palace,129,NORMAL
battle_palace,130,NORMAL
battle_palace,131,NORMAL
battle_palace,132,NORMAL
battle_palace,133,NORMAL
battle_palace,134,NORMAL
battle_palace,135,NORMAL
battle_palace,136,NORMAL
battle_palace,137,NORMAL
battle_palace,138,NORMAL
battle_palace,139,NORMAL
battle_palace,140,NORMAL
battle_palace,141,NORMAL
battle_palace,142,NORMAL
battle_palace,143,NORMAL
battle_palace,144,NORMAL
battle_palace,145,NORMAL
battle_palace,146,NORMAL
battle_palace,147,NORMAL
battle_palace,148,NORMAL
battle_palace,149,NORMAL
battle_palace,150,NORMAL
battle_palace,151,NORMAL
battle_palace,152,NORMAL
battle_palace,153,NORMAL
battle_palace,154,NORMAL
battle_palace,155,NORMAL
battle_palace,156,NORMAL
battle_palace,157,NORMAL
battle_palace,158,NORMAL
battle_palace,159,NORMAL
battle_palace,160,NORMAL
battle_palace,161,NORMAL
battle_palace,162,NORMAL
battle_palace,163,NORMAL
battle_palace,164,NORMAL
battle_palace,165,NORMAL
battle_palace,166,NORMAL
battle_palace,167,NORMAL
battle_palace,168,NORMAL
battle_palace,169,NORMAL
battle_palace,170,NORMAL
battle_palace,171,NORMAL
battle_palace,172,NORMAL
battle_palace,173,NORMAL
sandgem,0,NORMAL
sandgem,1,NORMAL
sandgem,2,NORMAL
sandgem,3,NORMAL
sandgem,4,NORMAL
sandgem,5,NORMAL
sandgem,6,NORMAL
sandgem,7,NORMAL
sandgem,8,NORMAL
sandgem,9,NORMAL
sandgem,10,NORMAL
sandgem,11,NORMAL
sandgem,12,NORMAL
sandgem,13,NORMAL
sandgem,14,NORMAL
sandgem,15,NORMAL
sandgem,16,NORMAL
sandgem,17,NORMAL
sandgem,18,NORMAL
sandgem,19,NORMAL
sandgem,20,NORMAL
sandgem,21,NORMAL
sandgem,22,NORMAL
sandgem,23,NORMAL
sandgem,24,NORMAL
sandgem,25,NORMAL
sandgem,26,NORMAL
sandgem,27,NORMAL
sandgem,28,NORMAL
sandgem,29,NORMAL
sandgem,30,NORMAL
sandgem,31,NORMAL
sandgem,32,NORMAL
sandgem,33,NORMAL
sandgem,34,NORMAL
sandgem,35,NORMAL
sandgem,36,NORMAL
sandgem,37,NORMAL
sandgem,38,NORMAL
sandgem,39,NORMAL
sandgem,40,NORMAL
sandgem,41,NORMAL
sandgem,42,NORMAL
sandgem,43,NORMAL
sandgem,44,NORMAL
sandgem,45,NORMAL
sandgem,46,NORMAL
sandgem,47,NORMAL
sandgem,48,NORMAL
sandgem,49,NORMAL
sandgem,50,NORMAL
sandgem,51,NORMAL
sandgem,52,NORMAL
sandgem,53,NORMAL
sandgem,54,NORMAL
sandgem,55,NORMAL
sandgem,56,NORMAL
sandgem,57,NORMAL
sandgem,58,NORMAL
sandgem,59,NORMAL
sandgem,60,NORMAL
sandgem,61,NORMAL
sandgem,62,NORMAL
sandgem,63,NORMAL
sandgem,64,NORMAL
sandgem,65,NORMAL
sandgem,66,NORMAL
sandgem,67,NORMAL
sandgem,68,NORMAL
sandgem,69,NORMAL
sandgem,70,NORMAL
sandgem,71,NORMAL
sandgem,72,NORMAL
sandgem,73,NORMAL
sandgem,74,NORMAL
sandgem,75,NORMAL
sandgem,76,NORMAL
sandgem,77,NORMAL
sandgem,78,NORMAL
sandgem,79,NORMAL
sandgem,80,NORMAL
sandgem,81,NORMAL
sandgem,82,NORMAL
sandgem,83,NORMAL
sandgem,84,NORMAL
sandgem,85,NORMAL
sandgem,86,NORMAL
sandgem,87,NORMAL
sandgem,88,NORMAL
sandgem,89,NORMAL
sandgem,90,NORMAL
sandgem,91,NORMAL
sandgem,92,NORMAL
sandgem,93,NORMAL
sandgem,94,NORMAL
sandgem,95,NORMAL
sandgem,96,NORMAL
sandgem,97,NORMAL
sandgem,98,NORMAL
sandgem,99,NORMAL
sandgem,100,NORMAL
sandgem,101,NORMAL
sandgem,102,NORMAL
sandgem,103,NORMAL
sandgem,104,NORMAL
sandgem,105,NORMAL
sandgem,106,NORMAL
sandgem,107,NORMAL
sandgem,108,NORMAL
sandgem,109,NORMAL
sandgem,110,NORMAL
sandgem,111,NORMAL
sandgem,112,NORMAL
sandgem,113,NORMAL
sandgem,114,NORMAL
sandgem,115,NORMAL
sandgem,116,NORMAL
sandgem,117,NORMAL
sandgem,118,NORMAL
sandgem,119,NORMAL
sandgem,120,NORMAL
sandgem,121,NORMAL
sandgem,122,NORMAL
sandgem,123,NORMAL
sandgem,124,NORMAL
sandgem,125,NORMAL
sandgem,126,NORMAL
sandgem,127,NORMAL
sandgem,128,NORMAL
sandgem,129,NORMAL
sandgem,130,NORMAL
sandgem,131,NORMAL
sandgem,132,NORMAL
sandgem,133,NORMAL
sandgem,134,NORMAL
sandgem,135,NORMAL
sandgem,136,NORMAL
sandgem,137,NORMAL
sandgem,138,NORMAL
sandgem,139,NORMAL
sandgem,140,NORMAL
sandgem,141,NORMAL
sandgem,142,NORMAL
sandgem,143,NORMAL
sandgem,144,NORMAL
sandgem,145,NORMAL
sandgem,146,NORMAL
sandgem,147,NORMAL
sandgem,148,NORMAL
sandgem,149,NORMAL
sandgem,150,NORMAL
sandgem,151,NORMAL
sandgem,152,NORMAL
sandgem,153,NORMAL
sandgem,154,NORMAL
sandgem,155,NORMAL
sandgem,156,NORMAL
sandgem,157,NORMAL
sandgem,158,NORMAL
sandgem,159,NORMAL
sandgem,160,NORMAL
sandgem,161,NORMAL
sandgem,162,NORMAL
sandgem,163,NORMAL
sandgem,164,NORMAL
sandgem,165,NORMAL
sandgem,166,NORMAL
sandgem,167,NORMAL
sandgem,168,NORMAL
sandgem,169,NORMAL
sandgem,170,NORMAL
sandgem,171,NORMAL
sandgem,172,NORMAL
sandgem,173,NORMAL
sandgem,174,NORMAL
sandgem,175,NORMAL
sandgem,176,NORMAL
sandgem,177,NORMAL
sandgem,178,NORMAL
sandgem,179,NORMAL
sandgem,180,NORMAL
sandgem,181,NORMAL
sandgem,182,NORMAL
sandgem,183,NORMAL
sandgem,184,NORMAL
sandgem,185,NORMAL
sandgem,186,NORMAL
sandgem,187,NORMAL
sandgem,188,NORMAL
sandgem,189,NORMAL
sandgem,190,NORMAL
sandgem,191,NORMAL
sandgem,192,NORMAL
sandgem,193,NORMAL
sandgem,194,NORMAL
sandgem,195,NORMAL
sandgem,196,NORMAL
sandgem,197,NORMAL
sandgem,198,NORMAL
sandgem,199,NORMAL
sandgem,200,NORMAL
sandgem,201,NORMAL
sandgem,202,NORMAL
sandgem,203,NORMAL
sandgem,204,NORMAL
sandgem,205,NORMAL
sandgem,206,NORMAL
sandgem,207,NORMAL
sandgem,208,NORMAL
sandgem,209,NORMAL
sandgem,210,NORMAL
sandgem,211,NORMAL
sandgem,212,NORMAL
sandgem,213,NORMAL
sandgem,214,NORMAL
sandgem,215,NORMAL
sandgem,216,NORMAL
sandgem,217,NORMAL
sandgem,218,NORMAL
sandgem,219,NORMAL
sandgem,220,NORMAL
sandgem,221,NORMAL
sandgem,222,NORMAL
sandgem,223,NORMAL
sandgem,224,NORMAL
sandgem,225,NORMAL
sandgem,226,NORMAL
sandgem,227,NORMAL
sandgem,228,NORMAL
sandgem,229,NORMAL
sandgem,230,NORMAL
sandgem,231,NORMAL
sandgem,232,NORMAL
sandgem,233,NORMAL
sandgem,234,NORMAL
sandgem,235,NORMAL
sandgem,236,NORMAL
sandgem,237,NORMAL
sandgem,238,NORMAL
sandgem,239,NORMAL
sandgem,240,NORMAL
sandgem,241,NORMAL
sandgem,242,NORMAL
sandgem,243,NORMAL
sandgem,244,NORMAL
sandgem,245,NORMAL
sandgem,246,NORMAL
sandgem,247,NORMAL
sandgem,248,NORMAL
sandgem,249,NORMAL
sandgem,250,NORMAL
sandgem,251,NORMAL
sandgem,252,NORMAL
sandgem,253,NORMAL
sandgem,254,NORMAL
sandgem,255,NORMAL
shop,0,NORMAL
shop,1,NORMAL
shop,2,NORMAL
shop,3,NORMAL
shop,4,NORMAL
shop,5,NORMAL
shop,6,NORMAL
shop,7,NORMAL
shop,8,NORMAL
shop,9,NORMAL
shop,10,NORMAL
shop,11,NORMAL
shop,12,NORMAL
shop,13,NORMAL
shop,14,NORMAL
shop,15,NORMAL
shop,16,NORMAL
shop,17,NORMAL
shop,18,NORMAL
shop,19,NORMAL
shop,20,NORMAL
shop,21,NORMAL
shop,22,NORMAL
shop,23,NORMAL
shop,24,NORMAL
shop,25,NORMAL
shop,26,NORMAL
shop,27,NORMAL
shop,28,NORMAL
shop,29,NORMAL
shop,30,NORMAL
shop,31,NORMAL
shop,32,NORMAL
shop,33,NORMAL
shop,34,NORMAL
shop,35,NORMAL
shop,36,NORMAL
shop,37,NORMAL
shop,38,NORMAL
shop,39,NORMAL
shop,40,NORMAL
shop,41,NORMAL
shop,42,NORMAL
shop,43,NORMAL
shop,44,NORMAL
shop,45,NORMAL
shop,46,NORMAL
shop,47,NORMAL
shop,48,NORMAL
shop,49,NORMAL
shop,50,NORMAL
shop,51,NORMAL
shop,52,NORMAL
shop,53,NORMAL
shop,54,NORMAL
shop,55,NORMAL
shop,56,NORMAL
shop,57,NORMAL
shop,58,NORMAL
shop,59,NORMAL
shop,60,NORMAL
shop,61,NORMAL
shop,62,NORMAL
shop,63,NORMAL
shop,64,NORMAL
shop,65,NORMAL
shop,66,NORMAL
shop,67,NORMAL
shop,68,NORMAL
shop,69,NORMAL
shop,70,NORMAL
shop,71,NORMAL
shop,72,NORMAL
shop,73,NORMAL
shop,74,NORMAL
shop,75,NORMAL
shop,76,NORMAL
shop,77,NORMAL
shop,78,NORMAL
shop,79,NORMAL
shop,80,NORMAL
shop,81,NORMAL
shop,82,NORMAL
shop,83,NORMAL
shop,84,NORMAL
shop,85,NORMAL
shop,86,NORMAL
shop,87,NORMAL
shop,88,NORMAL
shop,89,NORMAL
shop,90,NORMAL
shop,91,NORMAL
shop,92,NORMAL
shop,93,NORMAL
shop,94,NORMAL
shop,95,NORMAL
shop,96,NORMAL
shop,97,NORMAL
shop,98,NORMAL
shop,99,NORMAL
shop,100,NORMAL
shop,101,NORMAL
shop,102,NORMAL
shop,103,NORMAL
shop,104,NORMAL
shop,105,NORMAL
shop,106,NORMAL
shop,107,NORMAL
shop,108,NORMAL
shop,109,NORMAL
shop,110,NORMAL
shop,111,NORMAL
shop,112,NORMAL
shop,113,NORMAL
shop,114,NORMAL
shop,115,NORMAL
shop,116,NORMAL
shop,117,NORMAL
shop,118,NORMAL
shop,119,NORMAL
shop,120,NORMAL
shop,121,NORMAL
shop,122,NORMAL
shop,123,NORMAL
shop,124,NORMAL
shop,125,NORMAL
shop,126,NORMAL
shop,127,NORMAL
shop,128,NORMAL
shop,129,NORMAL
shop,130,NORMAL
shop,131,NORMAL
shop,132,NORMAL
shop,133,NORMAL
shop,134,NORMAL
shop,135,NORMAL
shop,136,NORMAL
shop,137,NORMAL
shop,138,NORMAL
shop,139,NORMAL
shop,140,NORMAL
shop,141,NORMAL
shop,142,NORMAL
shop,143,NORMAL
shop,144,NORMAL
shop,145,NORMAL
shop,146,NORMAL
shop,147,NORMAL
shop,148,NORMAL
shop,149,NORMAL
shop,150,NORMAL
shop,151,NORMAL
shop,152,NORMAL
shop,153,NORMAL
shop,154,NORMAL
shop,155,NORMAL
shop,156,NORMAL
shop,157,NORMAL
shop,158,NORMAL
shop,159,NORMAL
shop,160,NORMAL
shop,161,NORMAL
shop,162,NORMAL
shop,163,NORMAL
shop,164,NORMAL
shop,165,NORMAL
shop,166,NORMAL
shop,167,NORMAL
shop,168,NORMAL
shop,169,NORMAL
shop,170,NORMAL
shop,171,NORMAL
shop,172,NORMAL
shop,173,NORMAL
shop,174,NORMAL
shop,175,NORMAL
shop,176,NORMAL
shop,177,NORMAL
shop,178,NORMAL
shop,179,NORMAL
shop,180,NORMAL
shop,181,NORMAL
shop,182,NORMAL
shop,183,NORMAL
shop,184,NORMAL
shop,185,NORMAL
shop,186,NORMAL
shop,187,NORMAL
shop,188,NORMAL
shop,189,NORMAL
shop,190,NORMAL
shop,191,NORMAL
shop,192,NORMAL
shop,193,NORMAL
shop,194,NORMAL
shop,195,NORMAL
shop,196,NORMAL
shop,197,NORMAL
shop,198,NORMAL
shop,199,NORMAL
shop,200,NORMAL
shop,201,NORMAL
shop,202,NORMAL
shop,203,NORMAL
shop,204,NORMAL
shop,205,NORMAL
shop,206,NORMAL
shop,207,NORMAL
shop,208,NORMAL
shop,209,NORMAL
shop,210,NORMAL
shop,211,NORMAL
shop,212,NORMAL
shop,213,NORMAL
shop,214,NORMAL
shop,215,NORMAL
shop,216,NORMAL
shop,217,NORMAL
shop,218,NORMAL
shop,219,NORMAL
shop,220,NORMAL
shop,221,NORMAL
shop,222,NORMAL
shop,223,NORMAL
shop,224,NORMAL
shop,225,NORMAL
shop,226,NORMAL
shop,227,NORMAL
shop,228,NORMAL
shop,229,NORMAL
shop,230,NORMAL
shop,231,NORMAL
shop,232,NORMAL
shop,233,NORMAL
shop,234,NORMAL
shop,235,NORMAL
shop,236,NORMAL
shop,237,NORMAL
shop,238,NORMAL
shop,239,NORMAL
shop,240,NORMAL
shop,241,NORMAL
shop,242,NORMAL
shop,243,NORMAL
shop,244,NORMAL
shop,245,NORMAL
shop,246,NORMAL
shop,247,NORMAL
shop,248,NORMAL
shop,249,NORMAL
shop,250,NORMAL
shop,251,NORMAL
shop,252,NORMAL
shop,253,NORMAL
shop,254,NORMAL
shop,255,NORMAL
shop,256,NORMAL
shop,257,NORMAL
shop,258,NORMAL
shop,259,NORMAL
shop,260,NORMAL
shop,261,NORMAL
shop,262,NORMAL
shop,263,NORMAL
shop,264,NORMAL
shop,265,NORMAL
shop,266,NORMAL
shop,267,NORMAL
shop,268,NORMAL
shop,269,NORMAL
shop,270,NORMAL
shop,271,NORMAL
shop,272,NORMAL
shop,273,NORMAL
shop,274,NORMAL
shop,275,NORMAL
shop,276,NORMAL
shop,277,NORMAL
shop,278,NORMAL
shop,279,NORMAL
shop,280,NORMAL
shop,281,NORMAL
shop,282,NORMAL
shop,283,NORMAL
shop,284,NORMAL
shop,285,NORMAL
shop,286,NORMAL
shop,287,NORMAL
shop,288,NORMAL
route_201,0,NORMAL
route_201,1,NORMAL
route_201,2,NORMAL
route_201,3,NORMAL
route_201,4,NORMAL
route_201,5,NORMAL
route_201,6,NORMAL
route_201,7,NORMAL
route_201,8,NORMAL
route_201,9,NORMAL
route_201,10,NORMAL
route_201,11,NORMAL
route_201,12,NORMAL
route_201,13,NORMAL
route_201,14,NORMAL
route_201,15,NORMAL
route_201,16,NORMAL
route_201,17,NORMAL
route_201,18,NORMAL
route_201,19,NORMAL
route_201,20,NORMAL
route_201,21,NORMAL
route_201,22,NORMAL
route_201,23,NORMAL
route_201,24,NORMAL
route_201,25,NORMAL
route_201,26,NORMAL
route_201,27,NORMAL
route_201,28,NORMAL
route_201,29,NORMAL
route_201,30,NORMAL
route_201,31,NORMAL
route_201,32,NORMAL
route_201,33,NORMAL
route_201,34,NORMAL
route_201,35,NORMAL
route_201,36,NORMAL
route_201,37,NORMAL
route_201,38,NORMAL
route_201,39,NORMAL
route_201,40,NORMAL
route_201,41,NORMAL
route_201,42,NORMAL
route_201,43,NORMAL
route_201,44,NORMAL
route_201,45,NORMAL
route_201,46,NORMAL
route_201,47,NORMAL
route_201,48,NORMAL
route_201,49,NORMAL
route_201,50,NORMAL
route_201,51,NORMAL
route_201,52,NORMAL
route_201,53,NORMAL
route_201,54,NORMAL
route_201,55,NORMAL
route_201,56,NORMAL
route_201,57,NORMAL
route_201,58,NORMAL
route_201,59,NORMAL
route_201,60,NORMAL
route_201,61,NORMAL
route_201,62,NORMAL
route_201,63,NORMAL
route_201,64,NORMAL
route_201,65,NORMAL
route_201,66,NORMAL
route_201,67,NORMAL
route_201,68,NORMAL
route_201,69,NORMAL
route_201,70,NORMAL
route_201,71,NORMAL
route_201,72,NORMAL
route_201,73,NORMAL
route_201,74,NORMAL
route_201,75,NORMAL
route_201,76,NORMAL
route_201,77,NORMAL
route_201,78,NORMAL
route_201,79,NORMAL
route_201,80,NORMAL
route_201,81,NORMAL
route_201,82,NORMAL
route_201,83,NORMAL
route_201,84,NORMAL
route_201,85,NORMAL
route_201,86,NORMAL
route_201,87,NORMAL
route_201,88,NORMAL
route_201,89,NORMAL
route_201,90,NORMAL
route_201,91,NORMAL
route_201,92,NORMAL
route_201,93,NORMAL
route_201,94,NORMAL
route_201,95,NORMAL
route_201,96,NORMAL
route_201,97,NORMAL
route_201,98,NORMAL
route_201,99,NORMAL
route_201,100,NORMAL
route_201,101,NORMAL
route_201,102,NORMAL
route_201,103,NORMAL
route_201,104,NORMAL
route_201,105,NORMAL
route_201,106,NORMAL
route_201,107,NORMAL
route_201,108,NORMAL
route_201,109,NORMAL
route_201,110,NORMAL
route_201,111,NORMAL
route_201,112,NORMAL
route_201,113,NORMAL
route_201,114,NORMAL
route_201,115,NORMAL
route_201,116,NORMAL
route_201,117,NORMAL
route_201,118,NORMAL
route_201,119,NORMAL
route_201,120,NORMAL
route_201,121,NORMAL
route_201,122,NORMAL
route_201,123,NORMAL
route_201,124,NORMAL
route_201,125,NORMAL
route_201,126,NORMAL
route_201,127,NORMAL
jubilife_tower,0,NORMAL
jubilife_tower,1,NORMAL
jubilife_tower,2,NORMAL
jubilife_tower,3,NORMAL
jubilife_tower,4,NORMAL
jubilife_tower,5,NORMAL
jubilife_tower,6,NORMAL
jubilife_tower,7,NORMAL
jubilife_tower,8,NORMAL
jubilife_tower,9,NORMAL
jubilife_tower,10,NORMAL
jubilife_tower,11,NORMAL
jubilife_tower,12,NORMAL
jubilife_tower,13,NORMAL
jubilife_tower,14,NORMAL
jubilife_tower,15,NORMAL
jubilife_tower,16,NORMAL
jubilife_tower,17,NORMAL
jubilife_tower,18,NORMAL
jubilife_tower,19,NORMAL
jubilife_tower,20,NORMAL
jubilife_tower,21,NORMAL
jubilife_tower,22,NORMAL
jubilife_tower,23,NORMAL
jubilife_tower,24,NORMAL
jubilife_tower,25,NORMAL
jubilife_tower,26,NORMAL
jubilife_tower,27,NORMAL
jubilife_tower,28,NORMAL
jubilife_tower,29,NORMAL
jubilife_tower,30,NORMAL
jubilife_tower,31,NORMAL
jubilife_tower,32,NORMAL
jubilife_tower,33,NORMAL
jubilife_tower,34,NORMAL
jubilife_tower,35,NORMAL
jubilife_tower,36,NORMAL
jubilife_tower,37,NORMAL
jubilife_tower,38,NORMAL
jubilife_tower,39,NORMAL
jubilife_tower,40,NORMAL
jubilife_tower,41,NORMAL
jubilife_tower,42,NORMAL
jubilife_tower,43,NORMAL
jubilife_tower,44,NORMAL
jubilife_tower,45,NORMAL
jubilife_tower,46,NORMAL
jubilife_tower,47,NORMAL
jubilife_tower,48,NORMAL
jubilife_tower,49,NORMAL
jubilife_tower,50,NORMAL
jubilife_tower,51,NORMAL
jubilife_tower,52,NORMAL
jubilife_tower,53,NORMAL
jubilife_tower,54,NORMAL
jubilife_tower,55,NORMAL
jubilife_tower,56,NORMAL
jubilife_tower,57,NORMAL
jubilife_tower,58,NORMAL
jubilife_tower,59,NORMAL
jubilife_tower,60,NORMAL
jubilife_tower,61,NORMAL
jubilife_tower,62,NORMAL
jubilife_tower,63,NORMAL
jubilife_tower,64,NORMAL
jubilife_tower,65,NORMAL
jubilife_tower,66,NORMAL
jubilife_tower,67,NORMAL
jubilife_tower,68,NORMAL
jubilife_tower,69,NORMAL
jubilife_tower,70,NORMAL
jubilife_tower,71,NORMAL
jubilife_tower,72,NORMAL
jubilife_tower,73,NORMAL
jubilife_tower,74,NORMAL
jubilife_tower,75,NORMAL
jubilife_tower,76,NORMAL
jubilife_tower,77,NORMAL
jubilife_tower,78,NORMAL
jubilife_tower,79,NORMAL
jubilife_tower,80,NORMAL
jubilife_tower,81,NORMAL
jubilife_tower,82,NORMAL
jubilife_tower,83,NORMAL
jubilife_tower,84,NORMAL
jubilife_tower,85,NORMAL
jubilife_tower,86,NORMAL
jubilife_tower,87,NORMAL
jubilife_tower,88,NORMAL
jubilife_tower,89,NORMAL
jubilife_tower,90,NORMAL
jubilife_tower,91,NORMAL
jubilife_tower,92,NORMAL
jubilife_tower,93,NORMAL
jubilife_tower,94,NORMAL
jubilife_tower,95,NORMAL
jubilife_tower,96,NORMAL
jubilife_tower,97,NORMAL
jubilife_tower,98,NORMAL
jubilife_tower,99,NORMAL
jubilife_tower,100,NORMAL
jubilife_tower,101,NORMAL
jubilife_tower,102,NORMAL
jubilife_tower,103,NORMAL
jubilife_tower,104,NORMAL
jubilife_tower,105,NORMAL
jubilife_tower,106,NORMAL
jubilife_tower,107,NORMAL
jubilife_tower,108,NORMAL
jubilife_tower,109,NORMAL
jubilife_tower,110,NORMAL
jubilife_tower,111,NORMAL
jubilife_tower,112,NORMAL
jubilife_tower,113,NORMAL
jubilife_tower,114,NORMAL
jubilife_tower,115,NORMAL
jubilife_tower,116,NORMAL
jubilife_tower,117,NORMAL
jubilife_tower,118,NORMAL
jubilife_tower,119,NORMAL
jubilife_tower,120,NORMAL
jubilife_tower,121,NORMAL
jubilife_tower,122,NORMAL
jubilife_tower,123,NORMAL
jubilife_tower,124,NORMAL
jubilife_tower,125,NORMAL
jubilife_tower,126,NORMAL
jubilife_tower,127,NORMAL
petalburg,0,NORMAL
petalburg,1,NORMAL
petalburg,2,NORMAL
petalburg,3,NORMAL
petalburg,4,NORMAL
petalburg,5,NORMAL
petalburg,6,NORMAL
petalburg,7,NORMAL
petalburg,8,NORMAL
petalburg,9,NORMAL
petalburg,10,NORMAL
petalburg,11,NORMAL
petalburg,12,NORMAL
petalburg,13,NORMAL
petalburg,14,NORMAL
petalburg,15,NORMAL
petalburg,16,NORMAL
petalburg,17,NORMAL
petalburg,18,NORMAL
petalburg,19,NORMAL
petalburg,20,NORMAL
petalburg,21,NORMAL
petalburg,22,NORMAL
petalburg,23,NORMAL
petalburg,24,NORMAL
petalburg,25,NORMAL
petalburg,26,NORMAL
petalburg,27,NORMAL
petalburg,28,NORMAL
petalburg,29,NORMAL
petalburg,30,NORMAL
petalburg,31,NORMAL
petalburg,32,NORMAL
petalburg,33,NORMAL
petalburg,34,NORMAL
petalburg,35,NORMAL
petalburg,36,NORMAL
petalburg,37,NORMAL
petalburg,38,NORMAL
petalburg,39,NORMAL
petalburg,40,NORMAL
petalburg,41,NORMAL
petalburg,42,NORMAL
petalburg,43,NORMAL
petalburg,44,NORMAL
petalburg,45,NORMAL
petalburg,46,NORMAL
petalburg,47,NORMAL
petalburg,48,NORMAL
petalburg,49,NORMAL
petalburg,50,NORMAL
petalburg,51,NORMAL
petalburg,52,NORMAL
petalburg,53,NORMAL
petalburg,54,NORMAL
petalburg,55,NORMAL
petalburg,56,NORMAL
petalburg,57,NORMAL
petalburg,58,NORMAL
petalburg,59,NORMAL
petalburg,60,NORMAL
petalburg,61,NORMAL
petalburg,62,NORMAL
petalburg,63,NORMAL
petalburg,64,NORMAL
petalburg,65,NORMAL
petalburg,66,NORMAL
petalburg,67,NORMAL
petalburg,68,NORMAL
petalburg,69,NORMAL
petalburg,70,NORMAL
petalburg,71,NORMAL
petalburg,72,NORMAL
petalburg,73,NORMAL
petalburg,74,NORMAL
petalburg,75,NORMAL
petalburg,76,NORMAL
petalburg,77,NORMAL
petalburg,78,NORMAL
petalburg,79,NORMAL
petalburg,80,NORMAL
petalburg,81,NORMAL
petalburg,82,NORMAL
petalburg,83,NORMAL
petalburg,84,NORMAL
petalburg,85,NORMAL
petalburg,86,NORMAL
petalburg,87,NORMAL
petalburg,88,NORMAL
petalburg,89,NORMAL
petalburg,90,NORMAL
petalburg,91,NORMAL
petalburg,92,NORMAL
petalburg,93,NORMAL
petalburg,94,NORMAL
petalburg,95,NORMAL
petalburg,96,NORMAL
petalburg,97,NORMAL
petalburg,98,NORMAL
petalburg,99,NORMAL
petalburg,100,NORMAL
petalburg,101,NORMAL
petalburg,102,NORMAL
petalburg,103,NORMAL
petalburg,104,NORMAL
petalburg,105,NORMAL
petalburg,106,NORMAL
petalburg,107,NORMAL
petalburg,108,NORMAL
petalburg,109,NORMAL
petalburg,110,NORMAL
petalburg,111,NORMAL
petalburg,112,NORMAL
petalburg,113,NORMAL
petalburg,114,NORMAL
petalburg,115,NORMAL
petalburg,116,NORMAL
petalburg,117,NORMAL
petalburg,118,NORMAL
petalburg,119,NORMAL
petalburg,120,NORMAL
petalburg,121,NORMAL
petalburg,122,NORMAL
petalburg,123,NORMAL
petalburg,124,NORMAL
petalburg,125,NORMAL
petalburg,126,NORMAL
petalburg,127,NORMAL
petalburg,128,NORMAL
petalburg,129,NORMAL
petalburg,130,NORMAL
petalburg,131,NORMAL
petalburg,132,NORMAL
petalburg,133,NORMAL
petalburg,134,NORMAL
petalburg,135,NORMAL
petalburg,136,NORMAL
petalburg,137,NORMAL
petalburg,138,NORMAL
petalburg,139,NORMAL
petalburg,140,NORMAL
petalburg,141,NORMAL
petalburg,142,NORMAL
petalburg,143,NORMAL
battle_dome,0,NORMAL
battle_dome,1,NORMAL
battle_dome,2,NORMAL
battle_dome,3,NORMAL
battle_dome,4,NORMAL
battle_dome,5,NORMAL
battle_dome,6,NORMAL
battle_dome,7,NORMAL
battle_dome,8,NORMAL
battle_dome,9,NORMAL
battle_dome,10,NORMAL
battle_dome,11,NORMAL
battle_dome,12,NORMAL
battle_dome,13,NORMAL
battle_dome,14,NORMAL
battle_dome,15,NORMAL
battle_dome,16,NORMAL
battle_dome,17,NORMAL
battle_dome,18,NORMAL
battle_dome,19,NORMAL
battle_dome,20,NORMAL
battle_dome,21,NORMAL
battle_dome,22,NORMAL
battle_dome,23,NORMAL
battle_dome,24,NORMAL
battle_dome,25,NORMAL
battle_dome,26,NORMAL
battle_dome,27,NORMAL
battle_dome,28,NORMAL
battle_dome,29,NORMAL
battle_dome,30,NORMAL
battle_dome,31,NORMAL
battle_dome,32,NORMAL
battle_dome,33,NORMAL
battle_dome,34,NORMAL
battle_dome,35,NORMAL
battle_dome,36,NORMAL
battle_dome,37,NORMAL
battle_dome,38,NORMAL
battle_dome,39,NORMAL
battle_dome,40,NORMAL
battle_dome,41,NORMAL
battle_dome,42,NORMAL
battle_dome,43,NORMAL
battle_dome,44,NORMAL
battle_dome,45,NORMAL
battle_dome,46,NORMAL
battle_dome,47,NORMAL
battle_dome,48,NORMAL
battle_dome,49,NORMAL
battle_dome,50,NORMAL
battle_dome,51,NORMAL
battle_dome,52,NORMAL
battle_dome,53,NORMAL
battle_dome,54,NORMAL
battle_dome,55,NORMAL
battle_dome,56,NORMAL
battle_dome,57,NORMAL
battle_dome,58,NORMAL
battle_dome,59,NORMAL
battle_dome,60,NORMAL
battle_dome,61,NORMAL
battle_dome,62,NORMAL
battle_dome,63,NORMAL
battle_dome,64,NORMAL
battle_dome,65,NORMAL
battle_dome,66,NORMAL
battle_dome,67,NORMAL
battle_dome,68,NORMAL
battle_dome,69,NORMAL
battle_dome,70,NORMAL
battle_dome,71,NORMAL
battle_dome,72,NORMAL
battle_dome,73,NORMAL
battle_dome,74,NORMAL
battle_dome,75,NORMAL
battle_dome,76,NORMAL
battle_dome,77,NORMAL
battle_dome,78,NORMAL
battle_dome,79,NORMAL
battle_dome,80,NORMAL
battle_dome,81,NORMAL
battle_dome,82,NORMAL
battle_dome,83,NORMAL
battle_dome,84,NORMAL
battle_dome,85,NORMAL
battle_dome,86,NORMAL
battle_dome,87,NORMAL
battle_dome,88,NORMAL
battle_dome,89,NORMAL
battle_dome,90,NORMAL
battle_dome,91,NORMAL
battle_dome,92,NORMAL
battle_dome,93,NORMAL
battle_dome,94,NORMAL
battle_dome,95,NORMAL
battle_dome,96,NORMAL
battle_dome,97,NORMAL
battle_dome,98,NORMAL
battle_dome,99,NORMAL
battle_dome,100,NORMAL
battle_dome,101,NORMAL
battle_dome,102,NORMAL
battle_dome,103,NORMAL
battle_dome,104,NORMAL
battle_dome,105,NORMAL
battle_dome,106,NORMAL
battle_dome,107,NORMAL
battle_dome,108,NORMAL
battle_dome,109,NORMAL
battle_dome,110,NORMAL
battle_dome,111,NORMAL
battle_dome,112,NORMAL
battle_dome,113,NORMAL
battle_dome,114,NORMAL
battle_dome,115,NORMAL
battle_dome,116,NORMAL
battle_dome,117,NORMAL
battle_dome,118,NORMAL
battle_dome,119,NORMAL
battle_dome,120,NORMAL
battle_dome,121,NORMAL
battle_dome,122,NORMAL
battle_dome,123,NORMAL
battle_dome,124,NORMAL
battle_dome,125,NORMAL
battle_dome,126,NORMAL
battle_dome,127,NORMAL
battle_dome,128,NORMAL
battle_dome,129,NORMAL
battle_dome,130,NORMAL
battle_dome,131,NORMAL
battle_dome,132,NORMAL
battle_dome,133,NORMAL
battle_dome,134,NORMAL
battle_dome,135,NORMAL
battle_dome,136,NORMAL
battle_dome,137,NORMAL
battle_dome,138,NORMAL
battle_dome,139,NORMAL
battle_dome,140,NORMAL
battle_dome,141,NORMAL
battle_dome,142,NORMAL
battle_dome,143,NORMAL
battle_dome,144,NORMAL
battle_dome,145,NORMAL
battle_dome,146,NORMAL
battle_dome,147,NORMAL
battle_dome,148,NORMAL
battle_dome,149,NORMAL
battle_dome,150,NORMAL
battle_dome,151,NORMAL
battle_dome,152,NORMAL
battle_dome,153,NORMAL
battle_dome,154,NORMAL
battle_dome,155,NORMAL
battle_dome,156,NORMAL
battle_dome,157,NORMAL
battle_dome,158,NORMAL
battle_dome,159,NORMAL
battle_dome,160,NORMAL
battle_dome,161,NORMAL
battle_dome,162,NORMAL
battle_dome,163,NORMAL
battle_dome,164,NORMAL
battle_dome,165,NORMAL
battle_dome,166,NORMAL
battle_dome,167,NORMAL
battle_dome,168,NORMAL
battle_dome,169,NORMAL
battle_dome,170,NORMAL
battle_dome,171,NORMAL
battle_dome,172,NORMAL
battle_dome,173,NORMAL
battle_dome,174,NORMAL
battle_dome,175,NORMAL
battle_dome,176,NORMAL
battle_dome,177,NORMAL
battle_dome,178,NORMAL
battle_dome,179,NORMAL
battle_dome,180,NORMAL
battle_dome,181,NORMAL
battle_dome,182,NORMAL
battle_dome,183,NORMAL
battle_dome,184,NORMAL
battle_dome,185,NORMAL
battle_dome,186,NORMAL
battle_dome,187,NORMAL
battle_dome,188,NORMAL
battle_dome,189,NORMAL
battle_dome,190,NORMAL
battle_dome,191,NORMAL
battle_dome,192,NORMAL
battle_dome,193,NORMAL
battle_dome,194,NORMAL
battle_dome,195,NORMAL
battle_dome,196,NORMAL
battle_dome,197,NORMAL
battle_dome,198,NORMAL
battle_dome,199,NORMAL
battle_dome,200,NORMAL
battle_dome,201,NORMAL
battle_dome,202,NORMAL
battle_dome,203,NORMAL
battle_dome,204,NORMAL
battle_dome,205,NORMAL
battle_dome,206,NORMAL
battle_dome,207,NORMAL
battle_dome,208,NORMAL
battle_dome,209,NORMAL
battle_dome,210,NORMAL
battle_dome,211,NORMAL
battle_dome,212,NORMAL
battle_dome,213,NORMAL
battle_dome,214,NORMAL
battle_dome,215,NORMAL
battle_dome,216,NORMAL
battle_dome,217,NORMAL
battle_dome,218,NORMAL
battle_dome,219,NORMAL
battle_dome,220,NORMAL
battle_dome,221,NORMAL
battle_dome,222,NORMAL
battle_dome,223,NORMAL
battle_dome,224,NORMAL
battle_dome,225,NORMAL
battle_dome,226,NORMAL
battle_dome,227,NORMAL
battle_dome,228,NORMAL
battle_dome,229,NORMAL
battle_dome,230,NORMAL
battle_dome,231,NORMAL
battle_dome,232,NORMAL
battle_dome,233,NORMAL
battle_dome,234,NORMAL
battle_dome,235,NORMAL
battle_dome,236,NORMAL
battle_dome,237,NORMAL
battle_dome,238,NORMAL
battle_dome,239,NORMAL
battle_dome,240,NORMAL
battle_dome,241,NORMAL
battle_dome,242,NORMAL
battle_dome,243,NORMAL
battle_dome,244,NORMAL
battle_dome,245,NORMAL
battle_dome,246,NORMAL
battle_dome,247,NORMAL
battle_dome,248,NORMAL
battle_dome,249,NORMAL
battle_dome,250,NORMAL
battle_dome,251,NORMAL
battle_dome,252,NORMAL
battle_dome,253,NORMAL
battle_dome,254,NORMAL
battle_dome,255,NORMAL
battle_dome,256,NORMAL
battle_dome,257,NORMAL
battle_dome,258,NORMAL
battle_dome,259,NORMAL
battle_dome,260,NORMAL
battle_dome,261,NORMAL
battle_dome,262,NORMAL
battle_dome,263,NORMAL
battle_dome,264,NORMAL
battle_dome,265,NORMAL
battle_dome,266,NORMAL
battle_dome,267,NORMAL
battle_dome,268,NORMAL
battle_dome,269,NORMAL
battle_dome,270,NORMAL
battle_dome,271,NORMAL
battle_dome,272,NORMAL
battle_dome,273,NORMAL
battle_dome,274,NORMAL
battle_dome,275,NORMAL
battle_dome,276,NORMAL
battle_dome,277,NORMAL
battle_dome,278,NORMAL
battle_dome,279,NORMAL
battle_dome,280,NORMAL
battle_dome,281,NORMAL
battle_dome,282,NORMAL
battle_dome,283,NORMAL
battle_dome,284,NORMAL
battle_dome,285,NORMAL
battle_dome,286,NORMAL
battle_dome,287,NORMAL
battle_dome,288,NORMAL
battle_dome,289,NORMAL
battle_dome,290,NORMAL
battle_dome,291,NORMAL
battle_dome,292,NORMAL
battle_dome,293,NORMAL
battle_dome,294,NORMAL
battle_dome,295,NORMAL
battle_dome,296,NORMAL
battle_dome,297,NORMAL
battle_dome,298,NORMAL
battle_dome,299,NORMAL
battle_dome,300,NORMAL
battle_dome,301,NORMAL
battle_dome,302,NORMAL
battle_dome,303,NORMAL
battle_dome,304,NORMAL
battle_dome,305,NORMAL
battle_dome,306,NORMAL
battle_dome,307,NORMAL
battle_dome,308,NORMAL
battle_dome,309,NORMAL
battle_dome,310,NORMAL
battle_dome,311,NORMAL
battle_dome,312,NORMAL
battle_dome,313,NORMAL
battle_dome,314,NORMAL
battle_dome,315,NORMAL
battle_dome,316,NORMAL
battle_dome,317,NORMAL
battle_dome,318,NORMAL
battle_dome,319,NORMAL
battle_dome,320,NORMAL
battle_dome,321,NORMAL
battle_dome,322,NORMAL
battle_dome,323,NORMAL
battle_dome,324,NORMAL
battle_dome,325,NORMAL
battle_dome,326,NORMAL
battle_dome,327,NORMAL
battle_dome,328,NORMAL
battle_dome,329,NORMAL
battle_dome,330,NORMAL
battle_dome,331,NORMAL
battle_dome,332,NORMAL
battle_dome,333,NORMAL
battle_dome,334,NORMAL
battle_dome,335,NORMAL
battle_dome,336,NORMAL
battle_dome,337,NORMAL
battle_dome,338,NORMAL
battle_dome,339,NORMAL
battle_dome,340,NORMAL
battle_dome,341,NORMAL
battle_dome,342,NORMAL
battle_dome,343,NORMAL
battle_dome,344,NORMAL
battle_dome,345,NORMAL
battle_dome,346,NORMAL
battle_dome,347,NORMAL
battle_dome,348,NORMAL
battle_dome,349,NORMAL
battle_dome,350,NORMAL
battle_dome,351,NORMAL
battle_dome,352,NORMAL
battle_dome,353,NORMAL
battle_dome,354,NORMAL
battle_dome,355,NORMAL
battle_dome,356,NORMAL
battle_dome,357,NORMAL
battle_dome,358,NORMAL
battle_dome,359,NORMAL
battle_dome,360,NORMAL
battle_dome,361,NORMAL
battle_dome,362,NORMAL
battle_dome,363,NORMAL
battle_dome,364,NORMAL
battle_dome,365,NORMAL
battle_dome,366,NORMAL
battle_dome,367,NORMAL
battle_dome,368,NORMAL
battle_dome,369,NORMAL
battle_dome,370,NORMAL
battle_dome,371,NORMAL
battle_dome,372,NORMAL
battle_dome,373,NORMAL
battle_dome,374,NORMAL
battle_dome,375,NORMAL
battle_dome,376,NORMAL
battle_dome,377,NORMAL
battle_dome,378,NORMAL
battle_dome,379,NORMAL
battle_dome,380,NORMAL
battle_dome,381,NORMAL
battle_dome,382,NORMAL
battle_dome,383,NORMAL
battle_dome,384,NORMAL
battle_dome,385,NORMAL
battle_dome,386,NORMAL
battle_dome,387,NORMAL
battle_dome,388,NORMAL
battle_dome,389,NORMAL
battle_dome,390,NORMAL
battle_dome,391,NORMAL
battle_dome,392,NORMAL
battle_dome,393,NORMAL
battle_dome,394,NORMAL
battle_dome,395,NORMAL
battle_dome,396,NORMAL
battle_dome,397,NORMAL
battle_dome,398,NORMAL
battle_dome,399,NORMAL
battle_dome,400,NORMAL
battle_dome,401,NORMAL
battle_dome,402,NORMAL
battle_dome,403,NORMAL
battle_dome,404,NORMAL
battle_dome,405,NORMAL
battle_dome,406,NORMAL
battle_dome,407,NORMAL
battle_dome,408,NORMAL
battle_dome,409,NORMAL
battle_dome,410,NORMAL
battle_dome,411,NORMAL
battle_dome,412,NORMAL
battle_dome,413,NORMAL
battle_dome,414,NORMAL
battle_dome,415,NORMAL
battle_dome,416,NORMAL
battle_dome,417,NORMAL
battle_dome,418,NORMAL
battle_dome,419,NORMAL
battle_dome,420,NORMAL
battle_dome,421,NORMAL
battle_dome,422,NORMAL
battle_dome,423,NORMAL
battle_dome,424,NORMAL
battle_dome,425,NORMAL
battle_dome,426,NORMAL
ever_grande,0,NORMAL
ever_grande,1,NORMAL
ever_grande,2,NORMAL
ever_grande,3,NORMAL
ever_grande,4,NORMAL
ever_grande,5,NORMAL
ever_grande,6,NORMAL
ever_grande,7,NORMAL
ever_grande,8,NORMAL
ever_grande,9,NORMAL
ever_grande,10,NORMAL
ever_grande,11,NORMAL
ever_grande,12,NORMAL
ever_grande,13,NORMAL
ever_grande,14,NORMAL
ever_grande,15,NORMAL
ever_grande,16,NORMAL
ever_grande,17,NORMAL
ever_grande,18,NORMAL
ever_grande,19,NORMAL
ever_grande,20,NORMAL
ever_grande,21,NORMAL
ever_grande,22,NORMAL
ever_grande,23,NORMAL
ever_grande,24,NORMAL
ever_grande,25,NORMAL
ever_grande,26,NORMAL
ever_grande,27,NORMAL
ever_grande,28,NORMAL
ever_grande,29,NORMAL
ever_grande,30,NORMAL
ever_grande,31,NORMAL
ever_grande,32,NORMAL
ever_grande,33,NORMAL
ever_grande,34,NORMAL
ever_grande,35,NORMAL
ever_grande,36,NORMAL
ever_grande,37,NORMAL
ever_grande,38,NORMAL
ever_grande,39,NORMAL
ever_grande,40,NORMAL
ever_grande,41,NORMAL
ever_grande,42,NORMAL
ever_grande,43,NORMAL
ever_grande,44,NORMAL
ever_grande,45,NORMAL
ever_grande,46,NORMAL
ever_grande,47,NORMAL
ever_grande,48,NORMAL
ever_grande,49,NORMAL
ever_grande,50,NORMAL
ever_grande,51,NORMAL
ever_grande,52,NORMAL
ever_grande,53,NORMAL
ever_grande,54,NORMAL
ever_grande,55,NORMAL
ever_grande,56,NORMAL
ever_grande,57,NORMAL
ever_grande,58,NORMAL
ever_grande,59,NORMAL
ever_grande,60,NORMAL
ever_grande,61,NORMAL
ever_grande,62,NORMAL
ever_grande,63,NORMAL
ever_grande,64,NORMAL
ever_grande,65,NORMAL
ever_grande,66,NORMAL
ever_grande,67,NORMAL
ever_grande,68,NORMAL
ever_grande,69,NORMAL
ever_grande,70,NORMAL
ever_grande,71,NORMAL
ever_grande,72,NORMAL
ever_grande,73,NORMAL
ever_grande,74,NORMAL
ever_grande,75,NORMAL
ever_grande,76,NORMAL
ever_grande,77,NORMAL
ever_grande,78,NORMAL
ever_grande,79,NORMAL
ever_grande,80,NORMAL
ever_grande,81,NORMAL
ever_grande,82,NORMAL
ever_grande,83,NORMAL
ever_grande,84,NORMAL
ever_grande,85,NORMAL
ever_grande,86,NORMAL
ever_grande,87,NORMAL
ever_grande,88,NORMAL
ever_grande,89,NORMAL
ever_grande,90,NORMAL
ever_grande,91,NORMAL
ever_grande,92,NORMAL
ever_grande,93,NORMAL
ever_grande,94,NORMAL
ever_grande,95,NORMAL
ever_grande,96,NORMAL
ever_grande,97,NORMAL
ever_grande,98,NORMAL
ever_grande,99,NORMAL
ever_grande,100,NORMAL
ever_grande,101,NORMAL
ever_grande,102,NORMAL
ever_grande,103,NORMAL
ever_grande,104,NORMAL
ever_grande,105,NORMAL
ever_grande,106,NORMAL
ever_grande,107,NORMAL
ever_grande,108,NORMAL
ever_grande,109,NORMAL
ever_grande,110,NORMAL
ever_grande,111,NORMAL
ever_grande,112,NORMAL
ever_grande,113,NORMAL
ever_grande,114,NORMAL
ever_grande,115,NORMAL
ever_grande,116,NORMAL
ever_grande,117,NORMAL
ever_grande,118,NORMAL
ever_grande,119,NORMAL
ever_grande,120,NORMAL
ever_grande,121,NORMAL
ever_grande,122,NORMAL
ever_grande,123,NORMAL
ever_grande,124,NORMAL
ever_grande,125,NORMAL
ever_grande,126,NORMAL
ever_grande,127,NORMAL
ever_grande,128,NORMAL
ever_grande,129,NORMAL
ever_grande,130,NORMAL
ever_grande,131,NORMAL
ever_grande,132,NORMAL
ever_grande,133,NORMAL
ever_grande,134,NORMAL
ever_grande,135,NORMAL
ever_grande,136,NORMAL
ever_grande,137,NORMAL
ever_grande,138,NORMAL
ever_grande,139,NORMAL
ever_grande,140,NORMAL
ever_grande,141,NORMAL
ever_grande,142,NORMAL
ever_grande,143,NORMAL
ever_grande,144,NORMAL
ever_grande,145,NORMAL
ever_grande,146,NORMAL
ever_grande,147,NORMAL
ever_grande,148,NORMAL
ever_grande,149,NORMAL
ever_grande,150,NORMAL
ever_grande,151,NORMAL
ever_grande,152,NORMAL
ever_grande,153,NORMAL
ever_grande,154,NORMAL
ever_grande,155,NORMAL
ever_grande,156,NORMAL
ever_grande,157,NORMAL
ever_grande,158,NORMAL
ever_grande,159,NORMAL
ever_grande,160,NORMAL
ever_grande,161,NORMAL
ever_grande,162,NORMAL
ever_grande,163,NORMAL
ever_grande,164,NORMAL
ever_grande,165,NORMAL
ever_grande,166,NORMAL
ever_grande,167,NORMAL
ravaged_path,0,NORMAL
ravaged_path,1,NORMAL
ravaged_path,2,NORMAL
ravaged_path,3,NORMAL
ravaged_path,4,NORMAL
ravaged_path,5,NORMAL
ravaged_path,6,NORMAL
ravaged_path,7,NORMAL
ravaged_path,8,NORMAL
ravaged_path,9,NORMAL
ravaged_path,10,NORMAL
ravaged_path,11,NORMAL
ravaged_path,12,NORMAL
ravaged_path,13,NORMAL
ravaged_path,14,NORMAL
ravaged_path,15,NORMAL
ravaged_path,16,NORMAL
ravaged_path,17,NORMAL
ravaged_path,18,NORMAL
ravaged_path,19,NORMAL
ravaged_path,20,NORMAL
ravaged_path,21,NORMAL
ravaged_path,22,NORMAL
ravaged_path,23,NORMAL
ravaged_path,24,NORMAL
ravaged_path,25,NORMAL
ravaged_path,26,NORMAL
ravaged_path,27,NORMAL
ravaged_path,28,NORMAL
ravaged_path,29,NORMAL
ravaged_path,30,NORMAL
ravaged_path,31,NORMAL
ravaged_path,32,NORMAL
ravaged_path,33,NORMAL
ravaged_path,34,NORMAL
ravaged_path,35,NORMAL
ravaged_path,36,NORMAL
ravaged_path,37,NORMAL
ravaged_path,38,NORMAL
ravaged_path,39,NORMAL
ravaged_path,40,NORMAL
ravaged_path,41,NORMAL
ravaged_path,42,NORMAL
ravaged_path,43,NORMAL
ravaged_path,44,NORMAL
ravaged_path,45,NORMAL
ravaged_path,46,NORMAL
ravaged_path,47,NORMAL
ravaged_path,48,NORMAL
ravaged_path,49,NORMAL
ravaged_path,50,NORMAL
ravaged_path,51,NORMAL
ravaged_path,52,NORMAL
ravaged_path,53,NORMAL
ravaged_path,54,NORMAL
ravaged_path,55,NORMAL
ravaged_path,56,NORMAL
ravaged_path,57,NORMAL
ravaged_path,58,NORMAL
ravaged_path,59,NORMAL
ravaged_path,60,NORMAL
ravaged_path,61,NORMAL
ravaged_path,62,NORMAL
ravaged_path,63,NORMAL
ravaged_path,64,NORMAL
ravaged_path,65,NORMAL
ravaged_path,66,NORMAL
ravaged_path,67,NORMAL
ravaged_path,68,NORMAL
ravaged_path,69,NORMAL
ravaged_path,70,NORMAL
ravaged_path,71,NORMAL
ravaged_path,72,NORMAL
ravaged_path,73,NORMAL
ravaged_path,74,NORMAL
ravaged_path,75,NORMAL
ravaged_path,76,NORMAL
ravaged_path,77,NORMAL
ravaged_path,78,NORMAL
ravaged_path,79,NORMAL
ravaged_path,80,NORMAL
ravaged_path,81,NORMAL
ravaged_path,82,NORMAL
ravaged_path,83,NORMAL
ravaged_path,84,NORMAL
ravaged_path,85,NORMAL
ravaged_path,86,NORMAL
ravaged_path,87,NORMAL
ravaged_path,88,NORMAL
ravaged_path,89,NORMAL
ravaged_path,90,NORMAL
ravaged_path,91,NORMAL
ravaged_path,92,NORMAL
ravaged_path,93,NORMAL
ravaged_path,94,NORMAL
ravaged_path,95,NORMAL
ravaged_path,96,NORMAL
ravaged_path,97,NORMAL
ravaged_path,98,NORMAL
ravaged_path,99,NORMAL
ravaged_path,100,NORMAL
ravaged_path,101,NORMAL
ravaged_path,102,NORMAL
ravaged_path,103,NORMAL
ravaged_path,104,NORMAL
ravaged_path,105,NORMAL
ravaged_path,106,NORMAL
ravaged_path,107,NORMAL
ravaged_path,108,NORMAL
ravaged_path,109,NORMAL
ravaged_path,110,NORMAL
ravaged_path,111,NORMAL
ravaged_path,112,NORMAL
ravaged_path,113,NORMAL
ravaged_path,114,NORMAL
ravaged_path,115,NORMAL
ravaged_path,116,NORMAL
ravaged_path,117,NORMAL
ravaged_path,118,NORMAL
ravaged_path,119,NORMAL
ravaged_path,120,NORMAL
ravaged_path,121,NORMAL
ravaged_path,122,NORMAL
ravaged_path,123,NORMAL
ravaged_path,124,NORMAL
ravaged_path,125,NORMAL
ravaged_path,126,NORMAL
ravaged_path,127,NORMAL
mossdeep_game_corner,0,NORMAL
mossdeep_game_corner,1,NORMAL
mossdeep_game_corner,2,NORMAL
mossdeep_game_corner,3,NORMAL
mossdeep_game_corner,4,NORMAL
mossdeep_game_corner,5,NORMAL
mossdeep_game_corner,6,NORMAL
mossdeep_game_corner,7,NORMAL
mossdeep_game_corner,8,NORMAL
mossdeep_game_corner,9,NORMAL
mossdeep_game_corner,10,NORMAL
mossdeep_game_corner,11,NORMAL
mossdeep_game_corner,12,NORMAL
mossdeep_game_corner,13,NORMAL
mossdeep_game_corner,14,NORMAL
mossdeep_game_corner,15,NORMAL
mossdeep_game_corner,16,NORMAL
mossdeep_game_corner,17,NORMAL
mossdeep_game_corner,18,NORMAL
mossdeep_game_corner,19,NORMAL
mossdeep_game_corner,20,NORMAL
mossdeep_game_corner,21,NORMAL
mossdeep_game_corner,22,NORMAL
mossdeep_game_corner,23,NORMAL
mossdeep_game_corner,24,NORMAL
mossdeep_game_corner,25,NORMAL
mossdeep_game_corner,26,NORMAL
mossdeep_game_corner,27,NORMAL
mossdeep_game_corner,28,NORMAL
mossdeep_game_corner,29,NORMAL
mossdeep_game_corner,30,NORMAL
mossdeep_game_corner,31,NORMAL
mossdeep_game_corner,32,NORMAL
mossdeep_game_corner,33,NORMAL
mossdeep_game_corner,34,NORMAL
mossdeep_game_corner,35,NORMAL
mossdeep_game_corner,36,NORMAL
mossdeep_game_corner,37,NORMAL
mossdeep_game_corner,38,NORMAL
mossdeep_game_corner,39,NORMAL
mossdeep_game_corner,40,NORMAL
mossdeep_game_corner,41,NORMAL
mossdeep_game_corner,42,NORMAL
mossdeep_game_corner,43,NORMAL
mossdeep_game_corner,44,NORMAL
mossdeep_game_corner,45,NORMAL
mossdeep_game_corner,46,NORMAL
mossdeep_game_corner,47,NORMAL
mossdeep_game_corner,48,NORMAL
mossdeep_game_corner,49,NORMAL
mossdeep_game_corner,50,NORMAL
mossdeep_game_corner,51,NORMAL
mossdeep_game_corner,52,NORMAL
pretty_petal_flower_shop,0,NORMAL
pretty_petal_flower_shop,1,NORMAL
pretty_petal_flower_shop,2,NORMAL
pretty_petal_flower_shop,3,NORMAL
pretty_petal_flower_shop,4,NORMAL
pretty_petal_flower_shop,5,NORMAL
pretty_petal_flower_shop,6,NORMAL
pretty_petal_flower_shop,7,NORMAL
pretty_petal_flower_shop,8,NORMAL
pretty_petal_flower_shop,9,NORMAL
pretty_petal_flower_shop,10,NORMAL
pretty_petal_flower_shop,11,NORMAL
pretty_petal_flower_shop,12,NORMAL
pretty_petal_flower_shop,13,NORMAL
pretty_petal_flower_shop,14,NORMAL
pretty_petal_flower_shop,15,NORMAL
pretty_petal_flower_shop,16,NORMAL
pretty_petal_flower_shop,17,NORMAL
pretty_petal_flower_shop,18,NORMAL
pretty_petal_flower_shop,19,NORMAL
pretty_petal_flower_shop,20,NORMAL
pretty_petal_flower_shop,21,NORMAL
pretty_petal_flower_shop,22,NORMAL
pretty_petal_flower_shop,23,NORMAL
pretty_petal_flower_shop,24,NORMAL
pretty_petal_flower_shop,25,NORMAL
pretty_petal_flower_shop,26,NORMAL
pretty_petal_flower_shop,27,NORMAL
pretty_petal_flower_shop,28,NORMAL
pretty_petal_flower_shop,29,NORMAL
pretty_petal_flower_shop,30,NORMAL
pretty_petal_flower_shop,31,NORMAL
pretty_petal_flower_shop,32,NORMAL
pretty_petal_flower_shop,33,NORMAL
pretty_petal_flower_shop,34,NORMAL
pretty_petal_flower_shop,35,NORMAL
pretty_petal_flower_shop,36,NORMAL
pretty_petal_flower_shop,37,NORMAL
pretty_petal_flower_shop,38,NORMAL
pretty_petal_flower_shop,39,NORMAL
pretty_petal_flower_shop,40,NORMAL
pretty_petal_flower_shop,41,NORMAL
pretty_petal_flower_shop,42,NORMAL
pretty_petal_flower_shop,43,NORMAL
pretty_petal_flower_shop,44,NORMAL
pretty_petal_flower_shop,45,NORMAL
pretty_petal_flower_shop,46,NORMAL
pretty_petal_flower_shop,47,NORMAL
pretty_petal_flower_shop,48,NORMAL
pretty_petal_flower_shop,49,NORMAL
pretty_petal_flower_shop,50,NORMAL
pretty_petal_flower_shop,51,NORMAL
pretty_petal_flower_shop,52,NORMAL
pretty_petal_flower_shop,53,NORMAL
pretty_petal_flower_shop,54,NORMAL
pretty_petal_flower_shop,55,NORMAL
pretty_petal_flower_shop,56,NORMAL
pretty_petal_flower_shop,57,NORMAL
pretty_petal_flower_shop,58,NORMAL
pretty_petal_flower_shop,59,NORMAL
pretty_petal_flower_shop,60,NORMAL
pretty_petal_flower_shop,61,NORMAL
pretty_petal_flower_shop,62,NORMAL
pretty_petal_flower_shop,63,NORMAL
pretty_petal_flower_shop,64,NORMAL
pretty_petal_flower_shop,65,NORMAL
pretty_petal_flower_shop,66,NORMAL
pretty_petal_flower_shop,67,NORMAL
pretty_petal_flower_shop,68,NORMAL
pretty_petal_flower_shop,69,NORMAL
pretty_petal_flower_shop,70,NORMAL
pretty_petal_flower_shop,71,NORMAL
sandgem_living,0,NORMAL
sandgem_living,1,NORMAL
sandgem_living,2,NORMAL
sandgem_living,3,NORMAL
sandgem_living,4,NORMAL
sandgem_living,5,NORMAL
sandgem_living,6,NORMAL
sandgem_living,7,NORMAL
sandgem_living,8,NORMAL
sandgem_living,9,NORMAL
sandgem_living,10,NORMAL
sandgem_living,11,NORMAL
sandgem_living,12,NORMAL
sandgem_living,13,NORMAL
sandgem_living,14,NORMAL
sandgem_living,15,NORMAL
sandgem_living,16,NORMAL
sandgem_living,17,NORMAL
sandgem_living,18,NORMAL
sandgem_living,19,NORMAL
sandgem_living,20,NORMAL
sandgem_living,21,NORMAL
sandgem_living,22,NORMAL
sandgem_living,23,NORMAL
sandgem_living,24,NORMAL
sandgem_living,25,NORMAL
sandgem_living,26,NORMAL
sandgem_living,27,NORMAL
sandgem_living,28,NORMAL
sandgem_living,29,NORMAL
sandgem_living,30,NORMAL
sandgem_living,31,NORMAL
sandgem_living,32,NORMAL
sandgem_living,33,NORMAL
sandgem_living,34,NORMAL
sandgem_living,35,NORMAL
sandgem_living,36,NORMAL
sandgem_living,37,NORMAL
sandgem_living,38,NORMAL
sandgem_living,39,NORMAL
sandgem_living,40,NORMAL
sandgem_living,41,NORMAL
sandgem_living,42,NORMAL
sandgem_living,43,NORMAL
sandgem_living,44,NORMAL
sandgem_living,45,NORMAL
sandgem_living,46,NORMAL
sandgem_living,47,NORMAL
sandgem_living,48,NORMAL
sandgem_living,49,NORMAL
sandgem_living,50,NORMAL
sandgem_living,51,NORMAL
sandgem_living,52,NORMAL
sandgem_living,53,NORMAL
sandgem_living,54,NORMAL
sandgem_living,55,NORMAL
sandgem_living,56,NORMAL
sandgem_living,57,NORMAL
sandgem_living,58,NORMAL
sandgem_living,59,NORMAL
sandgem_living,60,NORMAL
sandgem_living,61,NORMAL
sandgem_living,62,NORMAL
sandgem_living,63,NORMAL
sandgem_living,64,NORMAL
sandgem_living,65,NORMAL
sandgem_living,66,NORMAL
sandgem_living,67,NORMAL
sandgem_living,68,NORMAL
sandgem_living,69,NORMAL
sandgem_living,70,NORMAL
sandgem_living,71,NORMAL
sandgem_living,72,NORMAL
sandgem_living,73,NORMAL
sandgem_living,74,NORMAL
sandgem_living,75,NORMAL
sandgem_living,76,NORMAL
sandgem_living,77,NORMAL
sandgem_living,78,NORMAL
sandgem_living,79,NORMAL
sandgem_living,80,NORMAL
sandgem_living,81,NORMAL
sandgem_living,82,NORMAL
sandgem_living,83,NORMAL
sandgem_living,84,NORMAL
sandgem_living,85,NORMAL
sandgem_living,86,NORMAL
sandgem_living,87,NORMAL
sandgem_living,88,NORMAL
sandgem_living,89,NORMAL
sandgem_living,90,NORMAL
sandgem_living,91,NORMAL
sandgem_living,92,NORMAL
sandgem_living,93,NORMAL
sandgem_living,94,NORMAL
sandgem_living,95,NORMAL
sandgem_living,96,NORMAL
sandgem_living,97,NORMAL
sandgem_living,98,NORMAL
sandgem_living,99,NORMAL
sandgem_living,100,NORMAL
sandgem_living,101,NORMAL
sandgem_living,102,NORMAL
sandgem_living,103,NORMAL
sandgem_living,104,NORMAL
sandgem_living,105,NORMAL
sandgem_living,106,NORMAL
sandgem_living,107,NORMAL
sandgem_living,108,NORMAL
sandgem_living,109,NORMAL
sandgem_living,110,NORMAL
sandgem_living,111,NORMAL
sandgem_living,112,NORMAL
sandgem_living,113,NORMAL
sandgem_living,114,NORMAL
sandgem_living,115,NORMAL
sandgem_living,116,NORMAL
sandgem_living,117,NORMAL
sandgem_living,118,NORMAL
sandgem_living,119,NORMAL
sandgem_living,120,NORMAL
sandgem_living,121,NORMAL
sandgem_living,122,NORMAL
sandgem_living,123,NORMAL
sandgem_living,124,NORMAL
sandgem_living,125,NORMAL
sandgem_living,126,NORMAL
sandgem_living,127,NORMAL
pokemon_day_care,0,NORMAL
pokemon_day_care,1,NORMAL
pokemon_day_care,2,NORMAL
pokemon_day_care,3,NORMAL
pokemon_day_care,4,NORMAL
pokemon_day_care,5,NORMAL
pokemon_day_care,6,NORMAL
pokemon_day_care,7,NORMAL
pokemon_day_care,8,NORMAL
pokemon_day_care,9,NORMAL
pokemon_day_care,10,NORMAL
pokemon_day_care,11,NORMAL
pokemon_day_care,12,NORMAL
pokemon_day_care,13,NORMAL
pokemon_day_care,14,NORMAL
pokemon_day_care,15,NORMAL
pokemon_day_care,16,NORMAL
pokemon_day_care,17,NORMAL
pokemon_day_care,18,NORMAL
pokemon_day_care,19,NORMAL
pokemon_day_care,20,NORMAL
pokemon_day_care,21,NORMAL
pokemon_day_care,22,NORMAL
pokemon_day_care,23,NORMAL
pokemon_day_care,24,NORMAL
pokemon_day_care,25,NORMAL
pokemon_day_care,26,NORMAL
pokemon_day_care,27,NORMAL
pokemon_day_care,28,NORMAL
pokemon_day_care,29,NORMAL
pokemon_day_care,30,NORMAL
pokemon_day_care,31,NORMAL
pokemon_day_care,32,NORMAL
pokemon_day_care,33,NORMAL
pokemon_day_care,34,NORMAL
pokemon_day_care,35,NORMAL
pokemon_day_care,36,NORMAL
pokemon_day_care,37,NORMAL
pokemon_day_care,38,NORMAL
pokemon_day_care,39,NORMAL
pokemon_day_care,40,NORMAL
pokemon_day_care,41,NORMAL
pokemon_day_care,42,NORMAL
pokemon_day_care,43,NORMAL
pokemon_day_care,44,NORMAL
pokemon_day_care,45,NORMAL
pokemon_day_care,46,NORMAL
pokemon_day_care,47,NORMAL
pokemon_day_care,48,NORMAL
pokemon_day_care,49,NORMAL
pokemon_day_care,50,NORMAL
pokemon_day_care,51,NORMAL
pokemon_day_care,52,NORMAL
pokemon_day_care,53,NORMAL
pokemon_day_care,54,NORMAL
pokemon_day_care,55,NORMAL
pokemon_day_care,56,NORMAL
pokemon_day_care,57,NORMAL
pokemon_day_care,58,NORMAL
pokemon_day_care,59,NORMAL
pokemon_day_care,60,NORMAL
pokemon_day_care,61,NORMAL
pokemon_day_care,62,NORMAL
pokemon_day_care,63,NORMAL
pokemon_day_care,64,NORMAL
pokemon_day_care,65,NORMAL
pokemon_day_care,66,NORMAL
pokemon_day_care,67,NORMAL
pokemon_fan_club,0,NORMAL
pokemon_fan_club,1,NORMAL
pokemon_fan_club,2,NORMAL
pokemon_fan_club,3,NORMAL
pokemon_fan_club,4,NORMAL
pokemon_fan_club,5,NORMAL
pokemon_fan_club,6,NORMAL
pokemon_fan_club,7,NORMAL
pokemon_fan_club,8,NORMAL
pokemon_fan_club,9,NORMAL
pokemon_fan_club,10,NORMAL
pokemon_fan_club,11,NORMAL
pokemon_fan_club,12,NORMAL
pokemon_fan_club,13,NORMAL
pokemon_fan_club,14,NORMAL
pokemon_fan_club,15,NORMAL
pokemon_fan_club,16,NORMAL
pokemon_fan_club,17,NORMAL
pokemon_fan_club,18,NORMAL
pokemon_fan_club,19,NORMAL
pokemon_fan_club,20,NORMAL
pokemon_fan_club,21,NORMAL
pokemon_fan_club,22,NORMAL
pokemon_fan_club,23,NORMAL
pokemon_fan_club,24,NORMAL
pokemon_fan_club,25,NORMAL
pokemon_fan_club,26,NORMAL
pokemon_fan_club,27,NORMAL
pokemon_fan_club,28,NORMAL
pokemon_fan_club,29,NORMAL
pokemon_fan_club,30,NORMAL
pokemon_fan_club,31,NORMAL
pokemon_fan_club,32,NORMAL
pokemon_fan_club,33,NORMAL
pokemon_fan_club,34,NORMAL
pokemon_fan_club,35,NORMAL
pokemon_fan_club,36,NORMAL
pokemon_fan_club,37,NORMAL
pokemon_fan_club,38,NORMAL
pokemon_fan_club,39,NORMAL
pokemon_fan_club,40,NORMAL
pokemon_fan_club,41,NORMAL
pokemon_fan_club,42,NORMAL
pokemon_fan_club,43,NORMAL
pokemon_fan_club,44,NORMAL
pokemon_fan_club,45,NORMAL
pokemon_fan_club,46,NORMAL
pokemon_fan_club,47,NORMAL
pokemon_fan_club,48,NORMAL
pokemon_fan_club,49,NORMAL
pokemon_fan_club,50,NORMAL
pokemon_fan_club,51,NORMAL
pokemon_fan_club,52,NORMAL
pokemon_fan_club,53,NORMAL
pokemon_fan_club,54,NORMAL
pokemon_fan_club,55,NORMAL
pokemon_fan_club,56,NORMAL
pokemon_fan_club,57,NORMAL
pokemon_fan_club,58,NORMAL
pokemon_fan_club,59,NORMAL
pokemon_fan_club,60,NORMAL
pokemon_fan_club,61,NORMAL
pokemon_fan_club,62,NORMAL
pokemon_fan_club,63,NORMAL
pokemon_fan_club,64,NORMAL
pokemon_fan_club,65,NORMAL
pokemon_fan_club,66,NORMAL
pokemon_fan_club,67,NORMAL
pokemon_fan_club,68,NORMAL
pokemon_fan_club,69,NORMAL
pokemon_fan_club,70,NORMAL
pokemon_fan_club,71,NORMAL
pokemon_fan_club,72,NORMAL
pokemon_fan_club,73,NORMAL
pokemon_fan_club,74,NORMAL
pokemon_fan_club,75,NORMAL
pokemon_fan_club,76,NORMAL
pokemon_fan_club,77,NORMAL
pokemon_fan_club,78,NORMAL
pokemon_fan_club,79,NORMAL
pokemon_fan_club,80,NORMAL
pokemon_fan_club,81,NORMAL
pokemon_fan_club,82,NORMAL
pokemon_fan_club,83,NORMAL
pokemon_fan_club,84,NORMAL
pokemon_fan_club,85,NORMAL
pokemon_fan_club,86,NORMAL
pokemon_fan_club,87,NORMAL
pokemon_fan_club,88,NORMAL
pokemon_fan_club,89,NORMAL
pokemon_fan_club,90,NORMAL
pokemon_fan_club,91,NORMAL
pokemon_fan_club,92,NORMAL
pokemon_fan_club,93,NORMAL
pokemon_fan_club,94,NORMAL
pokemon_fan_club,95,NORMAL
pokemon_fan_club,96,NORMAL
pokemon_fan_club,97,NORMAL
pokemon_fan_club,98,NORMAL
pokemon_fan_club,99,NORMAL
pokemon_fan_club,100,NORMAL
pokemon_fan_club,101,NORMAL
pokemon_fan_club,102,NORMAL
pokemon_fan_club,103,NORMAL
inside_of_truck,0,NORMAL
inside_of_truck,1,NORMAL
inside_of_truck,2,NORMAL
inside_of_truck,3,NORMAL
inside_of_truck,4,NORMAL
inside_of_truck,5,NORMAL
inside_of_truck,6,NORMAL
inside_of_truck,7,NORMAL
inside_of_truck,8,NORMAL
inside_of_truck,9,NORMAL
inside_of_truck,10,NORMAL
inside_of_truck,11,NORMAL
inside_of_truck,12,NORMAL
inside_of_truck,13,NORMAL
inside_of_truck,14,NORMAL
inside_of_truck,15,NORMAL
inside_of_truck,16,NORMAL
inside_of_truck,17,NORMAL
inside_of_truck,18,NORMAL
inside_of_truck,19,NORMAL
inside_of_truck,20,NORMAL
inside_of_truck,21,NORMAL
inside_of_truck,22,NORMAL
inside_of_truck,23,NORMAL
inside_of_truck,24,NORMAL
inside_of_truck,25,NORMAL
inside_of_truck,26,NORMAL
inside_of_truck,27,NORMAL
inside_of_truck,28,NORMAL
inside_of_truck,29,NORMAL
inside_of_truck,30,NORMAL
inside_of_truck,31,NORMAL
inside_of_truck,32,NORMAL
inside_of_truck,33,NORMAL
inside_of_truck,34,NORMAL
inside_of_truck,35,NORMAL
inside_of_truck,36,NORMAL
inside_of_truck,37,NORMAL
battle_frontier_outside_east,0,NORMAL
battle_frontier_outside_east,1,NORMAL
battle_frontier_outside_east,2,NORMAL
battle_frontier_outside_east,3,NORMAL
battle_frontier_outside_east,4,NORMAL
battle_frontier_outside_east,5,NORMAL
battle_frontier_outside_east,6,NORMAL
battle_frontier_outside_east,7,NORMAL
battle_frontier_outside_east,8,NORMAL
battle_frontier_outside_east,9,NORMAL
battle_frontier_outside_east,10,NORMAL
battle_frontier_outside_east,11,NORMAL
battle_frontier_outside_east,12,NORMAL
battle_frontier_outside_east,13,NORMAL
battle_frontier_outside_east,14,NORMAL
battle_frontier_outside_east,15,NORMAL
battle_frontier_outside_east,16,NORMAL
battle_frontier_outside_east,17,NORMAL
battle_frontier_outside_east,18,NORMAL
battle_frontier_outside_east,19,NORMAL
battle_frontier_outside_east,20,NORMAL
battle_frontier_outside_east,21,NORMAL
battle_frontier_outside_east,22,NORMAL
battle_frontier_outside_east,23,NORMAL
battle_frontier_outside_east,24,NORMAL
battle_frontier_outside_east,25,NORMAL
battle_frontier_outside_east,26,NORMAL
battle_frontier_outside_east,27,NORMAL
battle_frontier_outside_east,28,NORMAL
battle_frontier_outside_east,29,NORMAL
battle_frontier_outside_east,30,NORMAL
battle_frontier_outside_east,31,NORMAL
battle_frontier_outside_east,32,NORMAL
battle_frontier_outside_east,33,NORMAL
battle_frontier_outside_east,34,NORMAL
battle_frontier_outside_east,35,NORMAL
battle_frontier_outside_east,36,NORMAL
battle_frontier_outside_east,37,NORMAL
battle_frontier_outside_east,38,NORMAL
battle_frontier_outside_east,39,NORMAL
battle_frontier_outside_east,40,NORMAL
battle_frontier_outside_east,41,NORMAL
battle_frontier_outside_east,42,NORMAL
battle_frontier_outside_east,43,NORMAL
battle_frontier_outside_east,44,NORMAL
battle_frontier_outside_east,45,NORMAL
battle_frontier_outside_east,46,NORMAL
battle_frontier_outside_east,47,NORMAL
battle_frontier_outside_east,48,NORMAL
battle_frontier_outside_east,49,NORMAL
battle_frontier_outside_east,50,NORMAL
battle_frontier_outside_east,51,NORMAL
battle_frontier_outside_east,52,NORMAL
battle_frontier_outside_east,53,NORMAL
battle_frontier_outside_east,54,NORMAL
battle_frontier_outside_east,55,NORMAL
battle_frontier_outside_east,56,NORMAL
battle_frontier_outside_east,57,NORMAL
battle_frontier_outside_east,58,NORMAL
battle_frontier_outside_east,59,NORMAL
battle_frontier_outside_east,60,NORMAL
battle_frontier_outside_east,61,NORMAL
battle_frontier_outside_east,62,NORMAL
battle_frontier_outside_east,63,NORMAL
battle_frontier_outside_east,64,NORMAL
battle_frontier_outside_east,65,NORMAL
battle_frontier_outside_east,66,NORMAL
battle_frontier_outside_east,67,NORMAL
battle_frontier_outside_east,68,NORMAL
battle_frontier_outside_east,69,NORMAL
battle_frontier_outside_east,70,NORMAL
battle_frontier_outside_east,71,NORMAL
battle_frontier_outside_east,72,NORMAL
battle_frontier_outside_east,73,NORMAL
battle_frontier_outside_east,74,NORMAL
battle_frontier_outside_east,75,NORMAL
battle_frontier_outside_east,76,NORMAL
battle_frontier_outside_east,77,NORMAL
battle_frontier_outside_east,78,NORMAL
battle_frontier_outside_east,79,NORMAL
battle_frontier_outside_east,80,NORMAL
battle_frontier_outside_east,81,NORMAL
battle_frontier_outside_east,82,NORMAL
battle_frontier_outside_east,83,NORMAL
battle_frontier_outside_east,84,NORMAL
battle_frontier_outside_east,85,NORMAL
battle_frontier_outside_east,86,NORMAL
battle_frontier_outside_east,87,NORMAL
battle_frontier_outside_east,88,NORMAL
battle_frontier_outside_east,89,NORMAL
battle_frontier_outside_east,90,NORMAL
battle_frontier_outside_east,91,NORMAL
battle_frontier_outside_east,92,NORMAL
battle_frontier_outside_east,93,NORMAL
battle_frontier_outside_east,94,NORMAL
battle_frontier_outside_east,95,NORMAL
battle_frontier_outside_east,96,NORMAL
battle_frontier_outside_east,97,NORMAL
battle_frontier_outside_east,98,NORMAL
battle_frontier_outside_east,99,NORMAL
battle_frontier_outside_east,100,NORMAL
battle_frontier_outside_east,101,NORMAL
battle_frontier_outside_east,102,NORMAL
battle_frontier_outside_east,103,NORMAL
battle_frontier_outside_east,104,NORMAL
battle_frontier_outside_east,105,NORMAL
battle_frontier_outside_east,106,NORMAL
battle_frontier_outside_east,107,NORMAL
battle_frontier_outside_east,108,NORMAL
battle_frontier_outside_east,109,NORMAL
battle_frontier_outside_east,110,NORMAL
battle_frontier_outside_east,111,NORMAL
battle_frontier_outside_east,112,NORMAL
battle_frontier_outside_east,113,NORMAL
battle_frontier_outside_east,114,NORMAL
battle_frontier_outside_east,115,NORMAL
battle_frontier_outside_east,116,NORMAL
battle_frontier_outside_east,117,NORMAL
battle_frontier_outside_east,118,NORMAL
battle_frontier_outside_east,119,NORMAL
battle_frontier_outside_east,120,NORMAL
battle_frontier_outside_east,121,NORMAL
battle_frontier_outside_east,122,NORMAL
battle_frontier_outside_east,123,NORMAL
battle_frontier_outside_east,124,NORMAL
battle_frontier_outside_east,125,NORMAL
battle_frontier_outside_east,126,NORMAL
battle_frontier_outside_east,127,NORMAL
battle_frontier_outside_east,128,NORMAL
battle_frontier_outside_east,129,NORMAL
battle_frontier_outside_east,130,NORMAL
battle_frontier_outside_east,131,NORMAL
battle_frontier_outside_east,132,NORMAL
battle_frontier_outside_east,133,NORMAL
battle_frontier_outside_east,134,NORMAL
battle_frontier_outside_east,135,NORMAL
battle_frontier_outside_east,136,NORMAL
battle_frontier_outside_east,137,NORMAL
battle_frontier_outside_east,138,NORMAL
battle_frontier_outside_east,139,NORMAL
battle_frontier_outside_east,140,NORMAL
battle_frontier_outside_east,141,NORMAL
battle_frontier_outside_east,142,NORMAL
battle_frontier_outside_east,143,NORMAL
battle_frontier_outside_east,144,NORMAL
battle_frontier_outside_east,145,NORMAL
battle_frontier_outside_east,146,NORMAL
battle_frontier_outside_east,147,NORMAL
battle_frontier_outside_east,148,NORMAL
battle_frontier_outside_east,149,NORMAL
battle_frontier_outside_east,150,NORMAL
battle_frontier_outside_east,151,NORMAL
battle_frontier_outside_east,152,NORMAL
battle_frontier_outside_east,153,NORMAL
battle_frontier_outside_east,154,NORMAL
battle_frontier_outside_east,155,NORMAL
battle_frontier_outside_east,156,NORMAL
battle_frontier_outside_east,157,NORMAL
battle_frontier_outside_east,158,NORMAL
battle_frontier_outside_east,159,NORMAL
battle_frontier_outside_east,160,NORMAL
battle_frontier_outside_east,161,NORMAL
battle_frontier_outside_east,162,NORMAL
battle_frontier_outside_east,163,NORMAL
battle_frontier_outside_east,164,NORMAL
battle_frontier_outside_east,165,NORMAL
battle_frontier_outside_east,166,NORMAL
battle_frontier_outside_east,167,NORMAL
battle_frontier_outside_east,168,NORMAL
battle_frontier_outside_east,169,NORMAL
battle_frontier_outside_east,170,NORMAL
battle_frontier_outside_east,171,NORMAL
battle_frontier_outside_east,172,NORMAL
battle_frontier_outside_east,173,NORMAL
battle_frontier_outside_east,174,NORMAL
battle_frontier_outside_east,175,NORMAL
battle_frontier_outside_east,176,NORMAL
battle_frontier_outside_east,177,NORMAL
battle_frontier_outside_east,178,NORMAL
battle_frontier_outside_east,179,NORMAL
battle_frontier_outside_east,180,NORMAL
battle_frontier_outside_east,181,NORMAL
battle_frontier_outside_east,182,NORMAL
battle_frontier_outside_east,183,NORMAL
battle_frontier_outside_east,184,NORMAL
battle_frontier_outside_east,185,NORMAL
battle_frontier_outside_east,186,NORMAL
battle_frontier_outside_east,187,NORMAL
battle_frontier_outside_east,188,NORMAL
battle_frontier_outside_east,189,NORMAL
battle_frontier_outside_east,190,NORMAL
battle_frontier_outside_east,191,NORMAL
battle_frontier_outside_east,192,NORMAL
battle_frontier_outside_east,193,NORMAL
battle_frontier_outside_east,194,NORMAL
battle_frontier_outside_east,195,NORMAL
battle_frontier_outside_east,196,NORMAL
battle_frontier_outside_east,197,NORMAL
battle_frontier_outside_east,198,NORMAL
battle_frontier_outside_east,199,NORMAL
battle_frontier_outside_east,200,NORMAL
battle_frontier_outside_east,201,NORMAL
battle_frontier_outside_east,202,NORMAL
battle_frontier_outside_east,203,NORMAL
battle_frontier_outside_east,204,NORMAL
battle_frontier_outside_east,205,NORMAL
battle_frontier_outside_east,206,NORMAL
battle_frontier_outside_east,207,NORMAL
battle_frontier_outside_east,208,NORMAL
battle_frontier_outside_east,209,NORMAL
battle_frontier_outside_east,210,NORMAL
battle_frontier_outside_east,211,NORMAL
battle_frontier_outside_east,212,NORMAL
battle_frontier_outside_east,213,NORMAL
battle_frontier_outside_east,214,NORMAL
battle_frontier_outside_east,215,NORMAL
battle_frontier_outside_east,216,NORMAL
battle_frontier_outside_east,217,NORMAL
battle_frontier_outside_east,218,NORMAL
battle_frontier_outside_east,219,NORMAL
battle_frontier_outside_east,220,NORMAL
battle_frontier_outside_east,221,NORMAL
battle_frontier_outside_east,222,NORMAL
battle_frontier_outside_east,223,NORMAL
battle_frontier_outside_east,224,NORMAL
battle_frontier_outside_east,225,NORMAL
battle_frontier_outside_east,226,NORMAL
battle_frontier_outside_east,227,NORMAL
battle_frontier_outside_east,228,NORMAL
battle_frontier_outside_east,229,NORMAL
battle_frontier_outside_east,230,NORMAL
battle_frontier_outside_east,231,NORMAL
battle_frontier_outside_east,232,NORMAL
battle_frontier_outside_east,233,NORMAL
battle_frontier_outside_east,234,NORMAL
battle_frontier_outside_east,235,NORMAL
battle_frontier_outside_east,236,NORMAL
battle_frontier_outside_east,237,NORMAL
battle_frontier_outside_east,238,NORMAL
battle_frontier_outside_east,239,NORMAL
battle_frontier_outside_east,240,NORMAL
battle_frontier_outside_east,241,NORMAL
battle_frontier_outside_east,242,NORMAL
battle_frontier_outside_east,243,NORMAL
battle_frontier_outside_east,244,NORMAL
battle_frontier_outside_east,245,NORMAL
battle_frontier_outside_east,246,NORMAL
battle_frontier_outside_east,247,NORMAL
battle_frontier_outside_east,248,NORMAL
battle_frontier_outside_east,249,NORMAL
battle_frontier_outside_east,250,NORMAL
battle_frontier_outside_east,251,NORMAL
battle_frontier_outside_east,252,NORMAL
battle_frontier_outside_east,253,NORMAL
battle_frontier_outside_east,254,NORMAL
battle_frontier_outside_east,255,NORMAL
battle_frontier_outside_east,256,NORMAL
battle_frontier_outside_east,257,NORMAL
battle_frontier_outside_east,258,NORMAL
battle_frontier_outside_east,259,NORMAL
battle_frontier_outside_east,260,NORMAL
battle_frontier_outside_east,261,NORMAL
battle_frontier_outside_east,262,NORMAL
battle_frontier_outside_east,263,NORMAL
battle_frontier_outside_east,264,NORMAL
battle_frontier_outside_east,265,NORMAL
battle_frontier_outside_east,266,NORMAL
battle_frontier_outside_east,267,NORMAL
battle_frontier_outside_east,268,NORMAL
battle_frontier_outside_east,269,NORMAL
battle_frontier_outside_east,270,NORMAL
battle_frontier_outside_east,271,NORMAL
battle_frontier_outside_east,272,NORMAL
battle_frontier_outside_east,273,NORMAL
battle_frontier_outside_east,274,NORMAL
battle_frontier_outside_east,275,NORMAL
battle_frontier_outside_east,276,NORMAL
battle_frontier_outside_east,277,NORMAL
battle_frontier_outside_east,278,NORMAL
battle_frontier_outside_east,279,NORMAL
battle_frontier_outside_east,280,NORMAL
battle_frontier_outside_east,281,NORMAL
battle_frontier_outside_east,282,NORMAL
battle_frontier_outside_east,283,NORMAL
battle_frontier_outside_east,284,NORMAL
battle_frontier_outside_east,285,NORMAL
battle_frontier_outside_east,286,NORMAL
battle_frontier_outside_east,287,NORMAL
battle_frontier_outside_east,288,NORMAL
battle_frontier_outside_east,289,NORMAL
battle_frontier_outside_east,290,NORMAL
battle_frontier_outside_east,291,NORMAL
battle_frontier_outside_east,292,NORMAL
battle_frontier_outside_east,293,NORMAL
battle_frontier_outside_east,294,NORMAL
battle_frontier_outside_east,295,NORMAL
battle_frontier_outside_east,296,NORMAL
battle_frontier_outside_east,297,NORMAL
battle_frontier_outside_east,298,NORMAL
battle_frontier_outside_east,299,NORMAL
battle_frontier_outside_east,300,NORMAL
battle_frontier_outside_east,301,NORMAL
battle_frontier_outside_east,302,NORMAL
battle_frontier_outside_east,303,NORMAL
battle_frontier_outside_east,304,NORMAL
battle_frontier_outside_east,305,NORMAL
battle_frontier_outside_east,306,NORMAL
battle_frontier_outside_east,307,NORMAL
battle_frontier_outside_east,308,NORMAL
battle_frontier_outside_east,309,NORMAL
battle_frontier_outside_east,310,NORMAL
battle_frontier_outside_east,311,NORMAL
battle_frontier_outside_east,312,NORMAL
battle_frontier_outside_east,313,NORMAL
battle_frontier_outside_east,314,NORMAL
battle_frontier_outside_east,315,NORMAL
battle_frontier_outside_east,316,NORMAL
battle_frontier_outside_east,317,NORMAL
battle_frontier_outside_east,318,NORMAL
battle_frontier_outside_east,319,NORMAL
battle_frontier_outside_east,320,NORMAL
battle_frontier_outside_east,321,NORMAL
battle_frontier_outside_east,322,NORMAL
battle_frontier_outside_east,323,NORMAL
battle_frontier_outside_east,324,NORMAL
battle_frontier_outside_east,325,NORMAL
battle_frontier_outside_east,326,NORMAL
battle_frontier_outside_east,327,NORMAL
battle_frontier_outside_east,328,NORMAL
battle_frontier_outside_east,329,NORMAL
battle_frontier_outside_east,330,NORMAL
battle_frontier_outside_east,331,NORMAL
battle_frontier_outside_east,332,NORMAL
battle_frontier_outside_east,333,NORMAL
battle_frontier_outside_east,334,NORMAL
battle_frontier_outside_east,335,NORMAL
battle_frontier_outside_east,336,NORMAL
battle_frontier_outside_east,337,NORMAL
battle_frontier_outside_east,338,NORMAL
battle_frontier_outside_east,339,NORMAL
battle_frontier_outside_east,340,NORMAL
battle_frontier_outside_east,341,NORMAL
battle_frontier_outside_east,342,NORMAL
battle_frontier_outside_east,343,NORMAL
battle_frontier_outside_east,344,NORMAL
battle_frontier_outside_east,345,NORMAL
battle_frontier_outside_east,346,NORMAL
battle_frontier_outside_east,347,NORMAL
battle_frontier_outside_east,348,NORMAL
battle_frontier_outside_east,349,NORMAL
battle_frontier_outside_east,350,NORMAL
battle_frontier_outside_east,351,NORMAL
battle_frontier_outside_east,352,NORMAL
battle_frontier_outside_east,353,NORMAL
battle_frontier_outside_east,354,NORMAL
battle_frontier_outside_east,355,NORMAL
battle_frontier_outside_east,356,NORMAL
battle_frontier_outside_east,357,NORMAL
battle_frontier_outside_east,358,NORMAL
battle_frontier_outside_east,359,NORMAL
battle_frontier_outside_east,360,NORMAL
battle_frontier_outside_east,361,NORMAL
battle_frontier_outside_east,362,NORMAL
battle_frontier_outside_east,363,NORMAL
battle_frontier_outside_east,364,NORMAL
battle_frontier_outside_east,365,NORMAL
battle_frontier_outside_east,366,NORMAL
battle_frontier_outside_east,367,NORMAL
battle_frontier_outside_east,368,NORMAL
battle_frontier_outside_east,369,NORMAL
battle_frontier_outside_east,370,NORMAL
battle_frontier_outside_east,371,NORMAL
battle_frontier_outside_east,372,NORMAL
battle_frontier_outside_east,373,NORMAL
battle_frontier_outside_east,374,NORMAL
battle_frontier_outside_east,375,NORMAL
battle_frontier_outside_east,376,NORMAL
battle_frontier_outside_east,377,NORMAL
battle_frontier_outside_east,378,NORMAL
battle_frontier_outside_east,379,NORMAL
battle_frontier_outside_east,380,NORMAL
battle_frontier_outside_east,381,NORMAL
battle_frontier_outside_east,382,NORMAL
battle_frontier_outside_east,383,NORMAL
battle_frontier_outside_east,384,NORMAL
battle_frontier_outside_east,385,NORMAL
battle_frontier_outside_east,386,NORMAL
battle_frontier_outside_east,387,NORMAL
battle_frontier_outside_east,388,NORMAL
battle_frontier_outside_east,389,NORMAL
battle_frontier_outside_east,390,NORMAL
battle_frontier_outside_east,391,NORMAL
battle_frontier_outside_east,392,NORMAL
battle_frontier_outside_east,393,NORMAL
battle_frontier_outside_east,394,NORMAL
battle_frontier_outside_east,395,NORMAL
battle_frontier_outside_east,396,NORMAL
battle_frontier_outside_east,397,NORMAL
battle_frontier_outside_east,398,NORMAL
battle_frontier_outside_east,399,NORMAL
battle_frontier_outside_east,400,NORMAL
battle_frontier_outside_east,401,NORMAL
battle_frontier_outside_east,402,NORMAL
battle_frontier_outside_east,403,NORMAL
battle_frontier_outside_east,404,NORMAL
battle_frontier_outside_east,405,NORMAL
battle_frontier_outside_east,406,NORMAL
battle_frontier_outside_east,407,NORMAL
battle_frontier_outside_east,408,NORMAL
battle_frontier_outside_east,409,NORMAL
battle_frontier_outside_east,410,NORMAL
battle_frontier_outside_east,411,NORMAL
battle_frontier_outside_east,412,NORMAL
battle_frontier_outside_east,413,NORMAL
battle_frontier_outside_east,414,NORMAL
battle_frontier_outside_east,415,NORMAL
battle_frontier_outside_east,416,NORMAL
battle_frontier_outside_east,417,NORMAL
battle_frontier_outside_east,418,NORMAL
battle_frontier_outside_east,419,NORMAL
battle_frontier_outside_east,420,NORMAL
battle_frontier_outside_east,421,NORMAL
battle_frontier_outside_east,422,NORMAL
battle_frontier_outside_east,423,NORMAL
battle_frontier_outside_east,424,NORMAL
battle_frontier_outside_east,425,NORMAL
battle_frontier_outside_east,426,NORMAL
battle_frontier_outside_east,427,NORMAL
battle_frontier_outside_east,428,NORMAL
battle_frontier_outside_east,429,NORMAL
battle_frontier_outside_east,430,NORMAL
battle_frontier_outside_east,431,NORMAL
battle_frontier_outside_east,432,NORMAL
battle_frontier_outside_east,433,NORMAL
battle_frontier_outside_east,434,NORMAL
battle_frontier_outside_east,435,NORMAL
battle_frontier_outside_east,436,NORMAL
battle_frontier_outside_east,437,NORMAL
battle_frontier_outside_east,438,NORMAL
battle_frontier_outside_east,439,NORMAL
battle_frontier_outside_east,440,NORMAL
battle_frontier_outside_east,441,NORMAL
battle_frontier_outside_east,442,NORMAL
battle_frontier_outside_east,443,NORMAL
battle_frontier_outside_east,444,NORMAL
battle_frontier_outside_east,445,NORMAL
battle_frontier_outside_east,446,NORMAL
battle_frontier_outside_east,447,NORMAL
battle_frontier_outside_east,448,NORMAL
battle_frontier_outside_east,449,NORMAL
battle_frontier_outside_east,450,NORMAL
battle_frontier_outside_east,451,NORMAL
battle_frontier_outside_east,452,NORMAL
battle_frontier_outside_east,453,NORMAL
battle_frontier_outside_east,454,NORMAL
battle_frontier_outside_east,455,NORMAL
battle_frontier_outside_east,456,NORMAL
battle_frontier_outside_east,457,NORMAL
battle_frontier_outside_east,458,NORMAL
battle_frontier_outside_east,459,NORMAL
battle_frontier_outside_east,460,NORMAL
battle_frontier_outside_east,461,NORMAL
battle_frontier_outside_east,462,NORMAL
battle_frontier_outside_east,463,NORMAL
battle_frontier_outside_east,464,NORMAL
battle_frontier_outside_east,465,NORMAL
battle_frontier_outside_east,466,NORMAL
battle_frontier_outside_east,467,NORMAL
battle_frontier_outside_east,468,NORMAL
battle_frontier_outside_east,469,NORMAL
battle_frontier_outside_east,470,NORMAL
battle_frontier_outside_east,471,NORMAL
battle_frontier_outside_east,472,NORMAL
battle_frontier_outside_east,473,NORMAL
battle_frontier_outside_east,474,NORMAL
battle_frontier_outside_east,475,NORMAL
battle_frontier_outside_east,476,NORMAL
battle_frontier_outside_east,477,NORMAL
battle_frontier_outside_east,478,NORMAL
battle_frontier_outside_east,479,NORMAL
battle_frontier_outside_east,480,NORMAL
battle_frontier_outside_east,481,NORMAL
battle_frontier_outside_east,482,NORMAL
battle_frontier_outside_east,483,NORMAL
battle_frontier_outside_east,484,NORMAL
battle_frontier_outside_east,485,NORMAL
battle_frontier_outside_east,486,NORMAL
battle_frontier_outside_east,487,NORMAL
battle_frontier_outside_east,488,NORMAL
battle_frontier_outside_east,489,NORMAL
battle_frontier_outside_east,490,NORMAL
battle_frontier_outside_east,491,NORMAL
battle_frontier_outside_east,492,NORMAL
battle_frontier_outside_east,493,NORMAL
battle_frontier_outside_east,494,NORMAL
battle_frontier_outside_east,495,NORMAL
battle_frontier_outside_east,496,NORMAL
battle_frontier_outside_east,497,NORMAL
battle_frontier_outside_east,498,NORMAL
battle_frontier_outside_east,499,NORMAL
battle_frontier_outside_east,500,NORMAL
battle_frontier_outside_east,501,NORMAL
battle_frontier_outside_east,502,NORMAL
battle_frontier_outside_east,503,NORMAL
battle_frontier_outside_east,504,NORMAL
battle_frontier_outside_east,505,NORMAL
battle_frontier_outside_east,506,NORMAL
battle_frontier_outside_east,507,NORMAL
battle_frontier_outside_east,508,NORMAL
battle_frontier_outside_east,509,NORMAL
secret_base,0,NORMAL
secret_base,1,NORMAL
secret_base,2,NORMAL
secret_base,3,NORMAL
secret_base,4,NORMAL
secret_base,5,NORMAL
secret_base,6,NORMAL
secret_base,7,NORMAL
secret_base,8,NORMAL
secret_base,9,NORMAL
secret_base,10,NORMAL
secret_base,11,NORMAL
secret_base,12,NORMAL
secret_base,13,NORMAL
secret_base,14,NORMAL
secret_base,15,NORMAL
secret_base,16,NORMAL
secret_base,17,NORMAL
secret_base,18,NORMAL
secret_base,19,NORMAL
secret_base,20,NORMAL
secret_base,21,NORMAL
secret_base,22,NORMAL
secret_base,23,NORMAL
secret_base,24,NORMAL
secret_base,25,NORMAL
secret_base,26,NORMAL
secret_base,27,NORMAL
secret_base,28,NORMAL
secret_base,29,NORMAL
secret_base,30,NORMAL
secret_base,31,NORMAL
secret_base,32,NORMAL
secret_base,33,NORMAL
secret_base,34,NORMAL
secret_base,35,NORMAL
secret_base,36,NORMAL
secret_base,37,NORMAL
secret_base,38,NORMAL
secret_base,39,NORMAL
secret_base,40,NORMAL
secret_base,41,NORMAL
secret_base,42,NORMAL
secret_base,43,NORMAL
secret_base,44,NORMAL
secret_base,45,NORMAL
secret_base,46,NORMAL
secret_base,47,NORMAL
secret_base,48,NORMAL
secret_base,49,NORMAL
secret_base,50,NORMAL
secret_base,51,NORMAL
secret_base,52,NORMAL
secret_base,53,NORMAL
secret_base,54,NORMAL
secret_base,55,NORMAL
secret_base,56,NORMAL
secret_base,57,NORMAL
secret_base,58,NORMAL
secret_base,59,NORMAL
secret_base,60,NORMAL
secret_base,61,NORMAL
secret_base,62,NORMAL
secret_base,63,NORMAL
secret_base,64,NORMAL
secret_base,65,NORMAL
secret_base,66,NORMAL
secret_base,67,NORMAL
secret_base,68,NORMAL
secret_base,69,NORMAL
secret_base,70,NORMAL
secret_base,71,NORMAL
secret_base,72,NORMAL
secret_base,73,NORMAL
secret_base,74,NORMAL
secret_base,75,NORMAL
secret_base,76,NORMAL
secret_base,77,NORMAL
secret_base,78,NORMAL
secret_base,79,NORMAL
secret_base,80,NORMAL
secret_base,81,NORMAL
secret_base,82,NORMAL
secret_base,83,NORMAL
secret_base,84,NORMAL
secret_base,85,NORMAL
secret_base,86,NORMAL
secret_base,87,NORMAL
secret_base,88,NORMAL
secret_base,89,NORMAL
secret_base,90,NORMAL
secret_base,91,NORMAL
secret_base,92,NORMAL
secret_base,93,NORMAL
secret_base,94,NORMAL
secret_base,95,NORMAL
secret_base,96,NORMAL
secret_base,97,NORMAL
secret_base,98,NORMAL
secret_base,99,NORMAL
secret_base,100,NORMAL
secret_base,101,NORMAL
secret_base,102,NORMAL
secret_base,103,NORMAL
secret_base,104,NORMAL
secret_base,105,NORMAL
secret_base,106,NORMAL
secret_base,107,NORMAL
secret_base,108,NORMAL
secret_base,109,NORMAL
secret_base,110,NORMAL
secret_base,111,NORMAL
secret_base,112,NORMAL
secret_base,113,NORMAL
secret_base,114,NORMAL
secret_base,115,NORMAL
secret_base,116,NORMAL
secret_base,117,NORMAL
secret_base,118,NORMAL
secret_base,119,NORMAL
secret_base,120,NORMAL
secret_base,121,NORMAL
secret_base,122,NORMAL
secret_base,123,NORMAL
secret_base,124,NORMAL
secret_base,125,NORMAL
secret_base,126,NORMAL
secret_base,127,NORMAL
secret_base,128,NORMAL
secret_base,129,NORMAL
secret_base,130,NORMAL
secret_base,131,NORMAL
secret_base,132,NORMAL
secret_base,133,NORMAL
secret_base,134,NORMAL
secret_base,135,NORMAL
secret_base,136,NORMAL
secret_base,137,NORMAL
secret_base,138,NORMAL
secret_base,139,NORMAL
secret_base,140,NORMAL
secret_base,141,NORMAL
secret_base,142,NORMAL
secret_base,143,NORMAL
secret_base,144,NORMAL
secret_base,145,NORMAL
secret_base,146,NORMAL
secret_base,147,NORMAL
secret_base,148,NORMAL
secret_base,149,NORMAL
secret_base,150,NORMAL
secret_base,151,NORMAL
secret_base,152,NORMAL
secret_base,153,NORMAL
secret_base,154,NORMAL
secret_base,155,NORMAL
secret_base,156,NORMAL
secret_base,157,NORMAL
secret_base,158,NORMAL
secret_base,159,NORMAL
secret_base,160,NORMAL
secret_base,161,NORMAL
secret_base,162,NORMAL
secret_base,163,NORMAL
secret_base,164,NORMAL
secret_base,165,NORMAL
secret_base,166,NORMAL
secret_base,167,NORMAL
secret_base,168,NORMAL
secret_base,169,NORMAL
secret_base,170,NORMAL
secret_base,171,NORMAL
secret_base,172,NORMAL
secret_base,173,NORMAL
secret_base,174,NORMAL
secret_base,175,NORMAL
secret_base,176,NORMAL
secret_base,177,NORMAL
secret_base,178,NORMAL
secret_base,179,NORMAL
secret_base,180,NORMAL
secret_base,181,NORMAL
secret_base,182,NORMAL
secret_base,183,NORMAL
secret_base,184,NORMAL
secret_base,185,NORMAL
secret_base,186,NORMAL
secret_base,187,NORMAL
secret_base,188,NORMAL
secret_base,189,NORMAL
secret_base,190,NORMAL
secret_base,191,NORMAL
secret_base,192,NORMAL
secret_base,193,NORMAL
secret_base,194,NORMAL
secret_base,195,NORMAL
secret_base,196,NORMAL
secret_base,197,NORMAL
secret_base,198,NORMAL
secret_base,199,NORMAL
secret_base,200,NORMAL
secret_base,201,NORMAL
secret_base,202,NORMAL
secret_base,203,NORMAL
secret_base,204,NORMAL
secret_base,205,NORMAL
secret_base,206,NORMAL
secret_base,207,NORMAL
secret_base,208,NORMAL
secret_base,209,NORMAL
secret_base,210,NORMAL
secret_base,211,NORMAL
secret_base,212,NORMAL
secret_base,213,NORMAL
secret_base,214,NORMAL
secret_base,215,NORMAL
secret_base,216,NORMAL
secret_base,217,NORMAL
secret_base,218,NORMAL
secret_base,219,NORMAL
secret_base,220,NORMAL
secret_base,221,NORMAL
secret_base,222,NORMAL
secret_base,223,NORMAL
secret_base,224,NORMAL
secret_base,225,NORMAL
secret_base,226,NORMAL
secret_base,227,NORMAL
secret_base,228,NORMAL
secret_base,229,NORMAL
secret_base,230,NORMAL
secret_base,231,NORMAL
secret_base,232,NORMAL
secret_base,233,NORMAL
secret_base,234,NORMAL
secret_base,235,NORMAL
secret_base,236,NORMAL
secret_base,237,NORMAL
secret_base,238,NORMAL
secret_base,239,NORMAL
secret_base,240,NORMAL
secret_base,241,NORMAL
secret_base,242,NORMAL
secret_base,243,NORMAL
secret_base,244,NORMAL
secret_base,245,NORMAL
secret_base,246,NORMAL
secret_base,247,NORMAL
secret_base,248,NORMAL
secret_base,249,NORMAL
secret_base,250,NORMAL
secret_base,251,NORMAL
secret_base,252,NORMAL
secret_base,253,NORMAL
secret_base,254,NORMAL
secret_base,255,NORMAL
secret_base,256,NORMAL
secret_base,257,NORMAL
secret_base,258,NORMAL
secret_base,259,NORMAL
secret_base,260,NORMAL
secret_base,261,NORMAL
secret_base,262,NORMAL
secret_base,263,NORMAL
secret_base,264,NORMAL
secret_base,265,NORMAL
secret_base,266,NORMAL
secret_base,267,NORMAL
secret_base,268,NORMAL
secret_base,269,NORMAL
secret_base,270,NORMAL
secret_base,271,NORMAL
secret_base,272,NORMAL
secret_base,273,NORMAL
secret_base,274,NORMAL
secret_base,275,NORMAL
secret_base,276,NORMAL
secret_base,277,NORMAL
secret_base,278,NORMAL
secret_base,279,NORMAL
secret_base,280,NORMAL
secret_base,281,NORMAL
secret_base,282,NORMAL
secret_base,283,NORMAL
secret_base,284,NORMAL
secret_base,285,NORMAL
secret_base,286,NORMAL
secret_base,287,NORMAL
secret_base,288,NORMAL
secret_base,289,NORMAL
secret_base,290,NORMAL
secret_base,291,NORMAL
secret_base,292,NORMAL
secret_base,293,NORMAL
secret_base,294,NORMAL
secret_base,295,NORMAL
secret_base,296,NORMAL
secret_base,297,NORMAL
secret_base,298,NORMAL
secret_base,299,NORMAL
secret_base,300,NORMAL
secret_base,301,NORMAL
secret_base,302,NORMAL
secret_base,303,NORMAL
secret_base,304,NORMAL
secret_base,305,NORMAL
secret_base,306,NORMAL
secret_base,307,NORMAL
secret_base,308,NORMAL
secret_base,309,NORMAL
secret_base,310,NORMAL
secret_base,311,NORMAL
secret_base,312,NORMAL
secret_base,313,NORMAL
secret_base,314,NORMAL
secret_base,315,NORMAL
secret_base,316,NORMAL
secret_base,317,NORMAL
secret_base,318,NORMAL
secret_base,319,NORMAL
secret_base,320,NORMAL
secret_base,321,NORMAL
secret_base,322,NORMAL
secret_base,323,NORMAL
mauville,0,NORMAL
mauville,1,NORMAL
mauville,2,NORMAL
mauville,3,NORMAL
mauville,4,NORMAL
mauville,5,NORMAL
mauville,6,NORMAL
mauville,7,NORMAL
mauville,8,NORMAL
mauville,9,NORMAL
mauville,10,NORMAL
mauville,11,NORMAL
mauville,12,NORMAL
mauville,13,NORMAL
mauville,14,NORMAL
mauville,15,NORMAL
mauville,16,NORMAL
mauville,17,NORMAL
mauville,18,NORMAL
mauville,19,NORMAL
mauville,20,NORMAL
mauville,21,NORMAL
mauville,22,NORMAL
mauville,23,NORMAL
mauville,24,NORMAL
mauville,25,NORMAL
mauville,26,NORMAL
mauville,27,NORMAL
mauville,28,NORMAL
mauville,29,NORMAL
mauville,30,NORMAL
mauville,31,NORMAL
mauville,32,NORMAL
mauville,33,NORMAL
mauville,34,NORMAL
mauville,35,NORMAL
mauville,36,NORMAL
mauville,37,NORMAL
mauville,38,NORMAL
mauville,39,NORMAL
mauville,40,NORMAL
mauville,41,NORMAL
mauville,42,NORMAL
mauville,43,NORMAL
mauville,44,NORMAL
mauville,45,NORMAL
mauville,46,NORMAL
mauville,47,NORMAL
mauville,48,NORMAL
mauville,49,NORMAL
mauville,50,NORMAL
mauville,51,NORMAL
mauville,52,NORMAL
mauville,53,NORMAL
mauville,54,NORMAL
mauville,55,NORMAL
mauville,56,NORMAL
mauville,57,NORMAL
mauville,58,NORMAL
mauville,59,NORMAL
mauville,60,NORMAL
mauville,61,NORMAL
mauville,62,NORMAL
mauville,63,NORMAL
mauville,64,NORMAL
mauville,65,NORMAL
mauville,66,NORMAL
mauville,67,NORMAL
mauville,68,NORMAL
mauville,69,NORMAL
mauville,70,NORMAL
mauville,71,NORMAL
mauville,72,NORMAL
mauville,73,NORMAL
mauville,74,NORMAL
mauville,75,NORMAL
mauville,76,NORMAL
mauville,77,NORMAL
mauville,78,NORMAL
mauville,79,NORMAL
mauville,80,NORMAL
mauville,81,NORMAL
mauville,82,NORMAL
mauville,83,NORMAL
mauville,84,NORMAL
mauville,85,NORMAL
mauville,86,NORMAL
mauville,87,NORMAL
mauville,88,NORMAL
mauville,89,NORMAL
mauville,90,NORMAL
mauville,91,NORMAL
mauville,92,NORMAL
mauville,93,NORMAL
mauville,94,NORMAL
mauville,95,NORMAL
mauville,96,NORMAL
mauville,97,NORMAL
mauville,98,NORMAL
mauville,99,NORMAL
mauville,100,NORMAL
mauville,101,NORMAL
mauville,102,NORMAL
mauville,103,NORMAL
mauville,104,NORMAL
mauville,105,NORMAL
mauville,106,NORMAL
mauville,107,NORMAL
mauville,108,NORMAL
mauville,109,NORMAL
mauville,110,NORMAL
mauville,111,NORMAL
mauville,112,NORMAL
mauville,113,NORMAL
mauville,114,NORMAL
mauville,115,NORMAL
mauville,116,NORMAL
mauville,117,NORMAL
mauville,118,NORMAL
mauville,119,NORMAL
mauville,120,NORMAL
mauville,121,NORMAL
mauville,122,NORMAL
mauville,123,NORMAL
mauville,124,NORMAL
mauville,125,NORMAL
mauville,126,NORMAL
mauville,127,NORMAL
mauville,128,NORMAL
mauville,129,NORMAL
mauville,130,NORMAL
mauville,131,NORMAL
mauville,132,NORMAL
mauville,133,NORMAL
mauville,134,NORMAL
mauville,135,NORMAL
mauville,136,NORMAL
mauville,137,NORMAL
mauville,138,NORMAL
mauville,139,NORMAL
mauville,140,NORMAL
mauville,141,NORMAL
mauville,142,NORMAL
mauville,143,NORMAL
mauville,144,NORMAL
mauville,145,NORMAL
mauville,146,NORMAL
mauville,147,NORMAL
mauville,148,NORMAL
mauville,149,NORMAL
mauville,150,NORMAL
mauville,151,NORMAL
mauville,152,NORMAL
mauville,153,NORMAL
mauville,154,NORMAL
mauville,155,NORMAL
mauville,156,NORMAL
mauville,157,NORMAL
mauville,158,NORMAL
mauville,159,NORMAL
mauville,160,NORMAL
mauville,161,NORMAL
mauville,162,NORMAL
mauville,163,NORMAL
mauville,164,NORMAL
mauville,165,NORMAL
mauville,166,NORMAL
mauville,167,NORMAL
mauville,168,NORMAL
mauville,169,NORMAL
mauville,170,NORMAL
mauville,171,NORMAL
mauville,172,NORMAL
mauville,173,NORMAL
mauville,174,NORMAL
mauville,175,NORMAL
mauville,176,NORMAL
mauville,177,NORMAL
mauville,178,NORMAL
mauville,179,NORMAL
mauville,180,NORMAL
mauville,181,NORMAL
mauville,182,NORMAL
mauville,183,NORMAL
mauville,184,NORMAL
mauville,185,NORMAL
mauville,186,NORMAL
mauville,187,NORMAL
mauville,188,NORMAL
mauville,189,NORMAL
mauville,190,NORMAL
mauville,191,NORMAL
mauville,192,NORMAL
mauville,193,NORMAL
mauville,194,NORMAL
mauville,195,NORMAL
mauville,196,NORMAL
mauville,197,NORMAL
mauville,198,NORMAL
mauville,199,NORMAL
mauville,200,NORMAL
mauville,201,NORMAL
mauville,202,NORMAL
mauville,203,NORMAL
mauville,204,NORMAL
mauville,205,NORMAL
mauville,206,NORMAL
mauville,207,NORMAL
mauville,208,NORMAL
mauville,209,NORMAL
mauville,210,NORMAL
mauville,211,NORMAL
mauville,212,NORMAL
mauville,213,NORMAL
mauville,214,NORMAL
mauville,215,NORMAL
mauville,216,NORMAL
mauville,217,NORMAL
mauville,218,NORMAL
mauville,219,NORMAL
mauville,220,NORMAL
mauville,221,NORMAL
mauville,222,NORMAL
mauville,223,NORMAL
mauville,224,NORMAL
mauville,225,NORMAL
mauville,226,NORMAL
mauville,227,NORMAL
mauville,228,NORMAL
mauville,229,NORMAL
mauville,230,NORMAL
mauville,231,NORMAL
mauville,232,NORMAL
mauville,233,NORMAL
mauville,234,NORMAL
mauville,235,NORMAL
mauville,236,NORMAL
mauville,237,NORMAL
mauville,238,NORMAL
mauville,239,NORMAL
mauville,240,NORMAL
mauville,241,NORMAL
mauville,242,NORMAL
mauville,243,NORMAL
mauville,244,NORMAL
mauville,245,NORMAL
mauville,246,NORMAL
mauville,247,NORMAL
mauville,248,NORMAL
mauville,249,NORMAL
mauville,250,NORMAL
mauville,251,NORMAL
mauville,252,NORMAL
mauville,253,NORMAL
mauville,254,NORMAL
mauville,255,NORMAL
mauville,256,NORMAL
mauville,257,NORMAL
mauville,258,NORMAL
mauville,259,NORMAL
mauville,260,NORMAL
mauville,261,NORMAL
mauville,262,NORMAL
mauville,263,NORMAL
mauville,264,NORMAL
mauville,265,NORMAL
mauville,266,NORMAL
mauville,267,NORMAL
mauville,268,NORMAL
mauville,269,NORMAL
mauville,270,NORMAL
mauville,271,NORMAL
mauville,272,NORMAL
mauville,273,NORMAL
mauville,274,NORMAL
mauville,275,NORMAL
mauville,276,NORMAL
mauville,277,NORMAL
mauville,278,NORMAL
mauville,279,NORMAL
mauville,280,NORMAL
mauville,281,NORMAL
mauville,282,NORMAL
mauville,283,NORMAL
mauville,284,NORMAL
mauville,285,NORMAL
mauville,286,NORMAL
mauville,287,NORMAL
mauville,288,NORMAL
mauville,289,NORMAL
mauville,290,NORMAL
mauville,291,NORMAL
mauville,292,NORMAL
mauville,293,NORMAL
mauville,294,NORMAL
mauville,295,NORMAL
mauville,296,NORMAL
mauville,297,NORMAL
mauville,298,NORMAL
mauville,299,NORMAL
mauville,300,NORMAL
mauville,301,NORMAL
mauville,302,NORMAL
mauville,303,NORMAL
mauville,304,NORMAL
mauville,305,NORMAL
mauville,306,NORMAL
mauville,307,NORMAL
mauville,308,NORMAL
mauville,309,NORMAL
mauville,310,NORMAL
mauville,311,NORMAL
mauville,312,NORMAL
mauville,313,NORMAL
mauville,314,NORMAL
mauville,315,NORMAL
mauville,316,NORMAL
mauville,317,NORMAL
mauville,318,NORMAL
mauville,319,NORMAL
mauville,320,NORMAL
mauville,321,NORMAL
mauville,322,NORMAL
mauville,323,NORMAL
mauville,324,NORMAL
mauville,325,NORMAL
mauville,326,NORMAL
mauville,327,NORMAL
mauville,328,NORMAL
mauville,329,NORMAL
mauville,330,NORMAL
mauville,331,NORMAL
mauville,332,NORMAL
mauville,333,NORMAL
mauville,334,NORMAL
mauville,335,NORMAL
mauville,336,NORMAL
mauville,337,NORMAL
mauville,338,NORMAL
mauville,339,NORMAL
mauville,340,NORMAL
mauville,341,NORMAL
mauville,342,NORMAL
mauville,343,NORMAL
mauville,344,NORMAL
mauville,345,NORMAL
mauville,346,NORMAL
mauville,347,NORMAL
mauville,348,NORMAL
mauville,349,NORMAL
mauville,350,NORMAL
mauville,351,NORMAL
mauville,352,NORMAL
mauville,353,NORMAL
mauville,354,NORMAL
mauville,355,NORMAL
mauville,356,NORMAL
mauville,357,NORMAL
mauville,358,NORMAL
mauville,359,NORMAL
mauville,360,NORMAL
mauville,361,NORMAL
mauville,362,NORMAL
mauville,363,NORMAL
mauville,364,NORMAL
mauville,365,NORMAL
mauville,366,NORMAL
mauville,367,NORMAL
mauville,368,NORMAL
mauville,369,NORMAL
mauville,370,NORMAL
mauville,371,NORMAL
mauville,372,NORMAL
mauville,373,NORMAL
mauville,374,NORMAL
mauville,375,NORMAL
mauville,376,NORMAL
mauville,377,NORMAL
mauville,378,NORMAL
mauville,379,NORMAL
mauville,380,NORMAL
mauville,381,NORMAL
mauville,382,NORMAL
mauville,383,NORMAL
mauville,384,NORMAL
mauville,385,NORMAL
mauville,386,NORMAL
mauville,387,NORMAL
mauville,388,NORMAL
mauville,389,NORMAL
mauville,390,NORMAL
mauville,391,NORMAL
mauville,392,NORMAL
mauville,393,NORMAL
mauville,394,NORMAL
mauville,395,NORMAL
mauville,396,NORMAL
mauville,397,NORMAL
mauville,398,NORMAL
mauville,399,NORMAL
mauville,400,NORMAL
mauville,401,NORMAL
mauville,402,NORMAL
mauville,403,NORMAL
mauville,404,NORMAL
mauville,405,NORMAL
mauville,406,NORMAL
mauville,407,NORMAL
mauville,408,NORMAL
mauville,409,NORMAL
mauville,410,NORMAL
mauville,411,NORMAL
mauville,412,NORMAL
mauville,413,NORMAL
mauville,414,NORMAL
mauville,415,NORMAL
mauville,416,NORMAL
mauville,417,NORMAL
mauville,418,NORMAL
mauville,419,NORMAL
mauville,420,NORMAL
mauville,421,NORMAL
mauville,422,NORMAL
mauville,423,NORMAL
mauville,424,NORMAL
mauville,425,NORMAL
mauville,426,NORMAL
mauville,427,NORMAL
mauville,428,NORMAL
mauville,429,NORMAL
mauville,430,NORMAL
mauville,431,NORMAL
mauville,432,NORMAL
mauville,433,NORMAL
mauville,434,NORMAL
mauville,435,NORMAL
mauville,436,NORMAL
mauville,437,NORMAL
mauville,438,NORMAL
mauville,439,NORMAL
mauville,440,NORMAL
mauville,441,NORMAL
mauville,442,NORMAL
mauville,443,NORMAL
mauville,444,NORMAL
mauville,445,NORMAL
mauville,446,NORMAL
mauville,447,NORMAL
mauville,448,NORMAL
mauville,449,NORMAL
mauville,450,NORMAL
mauville,451,NORMAL
mauville,452,NORMAL
mauville,453,NORMAL
mauville,454,NORMAL
mauville,455,NORMAL
mauville,456,NORMAL
mauville,457,NORMAL
mauville,458,NORMAL
mauville,459,NORMAL
mauville,460,NORMAL
mauville,461,NORMAL
mauville,462,NORMAL
mauville,463,NORMAL
mauville,464,NORMAL
mauville,465,NORMAL
mauville,466,NORMAL
mauville,467,NORMAL
mauville,468,NORMAL
mauville,469,NORMAL
mauville,470,NORMAL
mauville,471,NORMAL
mauville,472,NORMAL
mauville,473,NORMAL
mauville,474,NORMAL
mauville,475,NORMAL
mauville,476,NORMAL
mauville,477,NORMAL
mauville,478,NORMAL
mauville,479,NORMAL
mauville,480,NORMAL
mauville,481,NORMAL
mauville,482,NORMAL
mauville,483,NORMAL
mauville,484,NORMAL
mauville,485,NORMAL
mauville,486,NORMAL
mauville,487,NORMAL
mauville,488,NORMAL
mauville,489,NORMAL
mauville,490,NORMAL
mauville,491,NORMAL
mauville,492,NORMAL
mauville,493,NORMAL
mauville,494,NORMAL
mauville,495,NORMAL
mauville,496,NORMAL
mauville,497,NORMAL
mauville,498,NORMAL
mauville,499,NORMAL
mauville,500,NORMAL
mauville,501,NORMAL
mauville,502,NORMAL
mauville,503,NORMAL
mauville,504,NORMAL
mauville,505,NORMAL
mauville,506,NORMAL
mauville,507,NORMAL
mauville,508,NORMAL
mauville,509,NORMAL
bike_shop,0,NORMAL
bike_shop,1,NORMAL
bike_shop,2,NORMAL
bike_shop,3,NORMAL
bike_shop,4,NORMAL
bike_shop,5,NORMAL
bike_shop,6,NORMAL
bike_shop,7,NORMAL
bike_shop,8,NORMAL
bike_shop,9,NORMAL
bike_shop,10,NORMAL
bike_shop,11,NORMAL
bike_shop,12,NORMAL
bike_shop,13,NORMAL
bike_shop,14,NORMAL
bike_shop,15,NORMAL
bike_shop,16,NORMAL
bike_shop,17,NORMAL
bike_shop,18,NORMAL
bike_shop,19,NORMAL
bike_shop,20,NORMAL
bike_shop,21,NORMAL
bike_shop,22,NORMAL
bike_shop,23,NORMAL
bike_shop,24,NORMAL
bike_shop,25,NORMAL
bike_shop,26,NORMAL
bike_shop,27,NORMAL
bike_shop,28,NORMAL
bike_shop,29,NORMAL
bike_shop,30,NORMAL
bike_shop,31,NORMAL
bike_shop,32,NORMAL
bike_shop,33,NORMAL
bike_shop,34,NORMAL
bike_shop,35,NORMAL
bike_shop,36,NORMAL
bike_shop,37,NORMAL
bike_shop,38,NORMAL
bike_shop,39,NORMAL
bike_shop,40,NORMAL
bike_shop,41,NORMAL
bike_shop,42,NORMAL
bike_shop,43,NORMAL
bike_shop,44,NORMAL
bike_shop,45,NORMAL
bike_shop,46,NORMAL
bike_shop,47,NORMAL
bike_shop,48,NORMAL
bike_shop,49,NORMAL
bike_shop,50,NORMAL
bike_shop,51,NORMAL
bike_shop,52,NORMAL
bike_shop,53,NORMAL
bike_shop,54,NORMAL
bike_shop,55,NORMAL
bike_shop,56,NORMAL
bike_shop,57,NORMAL
bike_shop,58,NORMAL
bike_shop,59,NORMAL
bike_shop,60,NORMAL
bike_shop,61,NORMAL
bike_shop,62,NORMAL
bike_shop,63,NORMAL
bike_shop,64,NORMAL
bike_shop,65,NORMAL
bike_shop,66,NORMAL
bike_shop,67,NORMAL
bike_shop,68,NORMAL
bike_shop,69,NORMAL
bike_shop,70,NORMAL
bike_shop,71,NORMAL
bike_shop,72,NORMAL
bike_shop,73,NORMAL
bike_shop,74,NORMAL
bike_shop,75,NORMAL
bike_shop,76,NORMAL
bike_shop,77,NORMAL
bike_shop,78,NORMAL
bike_shop,79,NORMAL
bike_shop,80,NORMAL
bike_shop,81,NORMAL
bike_shop,82,NORMAL
bike_shop,83,NORMAL
bike_shop,84,NORMAL
bike_shop,85,NORMAL
bike_shop,86,NORMAL
bike_shop,87,NORMAL
bike_shop,88,NORMAL
bike_shop,89,NORMAL
bike_shop,90,NORMAL
bike_shop,91,NORMAL
bike_shop,92,NORMAL
bike_shop,93,NORMAL
bike_shop,94,NORMAL
bike_shop,95,NORMAL
bike_shop,96,NORMAL
bike_shop,97,NORMAL
bike_shop,98,NORMAL
bike_shop,99,NORMAL
bike_shop,100,NORMAL
bike_shop,101,NORMAL
bike_shop,102,NORMAL
bike_shop,103,NORMAL
bike_shop,104,NORMAL
bike_shop,105,NORMAL
bike_shop,106,NORMAL
bike_shop,107,NORMAL
bike_shop,108,NORMAL
bike_shop,109,NORMAL
bike_shop,110,NORMAL
bike_shop,111,NORMAL
bike_shop,112,NORMAL
bike_shop,113,NORMAL
bike_shop,114,NORMAL
bike_shop,115,NORMAL
bike_shop,116,NORMAL
bike_shop,117,NORMAL
bike_shop,118,NORMAL
bike_shop,119,NORMAL
bike_shop,120,NORMAL
bike_shop,121,NORMAL
bike_shop,122,NORMAL
bike_shop,123,NORMAL
bike_shop,124,NORMAL
bike_shop,125,NORMAL
bike_shop,126,NORMAL
bike_shop,127,NORMAL
bike_shop,128,NORMAL
bike_shop,129,NORMAL
bike_shop,130,NORMAL
bike_shop,131,NORMAL
bike_shop,132,NORMAL
bike_shop,133,NORMAL
bike_shop,134,NORMAL
bike_shop,135,NORMAL
bike_shop,136,NORMAL
bike_shop,137,NORMAL
bike_shop,138,NORMAL
bike_shop,139,NORMAL
bike_shop,140,NORMAL
bike_shop,141,NORMAL
bike_shop,142,NORMAL
bike_shop,143,NORMAL
bike_shop,144,NORMAL
bike_shop,145,NORMAL
bike_shop,146,NORMAL
bike_shop,147,NORMAL
bike_shop,148,NORMAL
bike_shop,149,NORMAL
bike_shop,150,NORMAL
bike_shop,151,NORMAL
bike_shop,152,NORMAL
bike_shop,153,NORMAL
bike_shop,154,NORMAL
bike_shop,155,NORMAL
bike_shop,156,NORMAL
bike_shop,157,NORMAL
bike_shop,158,NORMAL
bike_shop,159,NORMAL
bike_shop,160,NORMAL
bike_shop,161,NORMAL
bike_shop,162,NORMAL
bike_shop,163,NORMAL
bike_shop,164,NORMAL
bike_shop,165,NORMAL
bike_shop,166,NORMAL
bike_shop,167,NORMAL
bike_shop,168,NORMAL
bike_shop,169,NORMAL
bike_shop,170,NORMAL
bike_shop,171,NORMAL
bike_shop,172,NORMAL
bike_shop,173,NORMAL
bike_shop,174,NORMAL
bike_shop,175,NORMAL
bike_shop,176,NORMAL
bike_shop,177,NORMAL
bike_shop,178,NORMAL
bike_shop,179,NORMAL
bike_shop,180,NORMAL
bike_shop,181,NORMAL
bike_shop,182,NORMAL
bike_shop,183,NORMAL
bike_shop,184,NORMAL
bike_shop,185,NORMAL
bike_shop,186,NORMAL
bike_shop,187,NORMAL
bike_shop,188,NORMAL
bike_shop,189,NORMAL
bike_shop,190,NORMAL
bike_shop,191,NORMAL
bike_shop,192,NORMAL
bike_shop,193,NORMAL
bike_shop,194,NORMAL
bike_shop,195,NORMAL
bike_shop,196,NORMAL
bike_shop,197,NORMAL
bike_shop,198,NORMAL
bike_shop,199,NORMAL
bike_shop,200,NORMAL
bike_shop,201,NORMAL
bike_shop,202,NORMAL
bike_shop,203,NORMAL
bike_shop,204,NORMAL
bike_shop,205,NORMAL
bike_shop,206,NORMAL
bike_shop,207,NORMAL
bike_shop,208,NORMAL
bike_shop,209,NORMAL
bike_shop,210,NORMAL
bike_shop,211,NORMAL
bike_shop,212,NORMAL
bike_shop,213,NORMAL
bike_shop,214,NORMAL
bike_shop,215,NORMAL
bike_shop,216,NORMAL
bike_shop,217,NORMAL
bike_shop,218,NORMAL
bike_shop,219,NORMAL
bike_shop,220,NORMAL
bike_shop,221,NORMAL
bike_shop,222,NORMAL
bike_shop,223,NORMAL
bike_shop,224,NORMAL
bike_shop,225,NORMAL
bike_shop,226,NORMAL
bike_shop,227,NORMAL
bike_shop,228,NORMAL
bike_shop,229,NORMAL
bike_shop,230,NORMAL
bike_shop,231,NORMAL
bike_shop,232,NORMAL
bike_shop,233,NORMAL
bike_shop,234,NORMAL
bike_shop,235,NORMAL
bike_shop,236,NORMAL
bike_shop,237,NORMAL
bike_shop,238,NORMAL
bike_shop,239,NORMAL
bike_shop,240,NORMAL
bike_shop,241,NORMAL
bike_shop,242,NORMAL
bike_shop,243,NORMAL
bike_shop,244,NORMAL
bike_shop,245,NORMAL
bike_shop,246,NORMAL
bike_shop,247,NORMAL
jubilife_school,0,NORMAL
jubilife_school,1,NORMAL
jubilife_school,2,NORMAL
jubilife_school,3,NORMAL
jubilife_school,4,NORMAL
jubilife_school,5,NORMAL
jubilife_school,6,NORMAL
jubilife_school,7,NORMAL
jubilife_school,8,NORMAL
jubilife_school,9,NORMAL
jubilife_school,10,NORMAL
jubilife_school,11,NORMAL
jubilife_school,12,NORMAL
jubilife_school,13,NORMAL
jubilife_school,14,NORMAL
jubilife_school,15,NORMAL
jubilife_school,16,NORMAL
jubilife_school,17,NORMAL
jubilife_school,18,NORMAL
jubilife_school,19,NORMAL
jubilife_school,20,NORMAL
jubilife_school,21,NORMAL
jubilife_school,22,NORMAL
jubilife_school,23,NORMAL
jubilife_school,24,NORMAL
jubilife_school,25,NORMAL
jubilife_school,26,NORMAL
jubilife_school,27,NORMAL
jubilife_school,28,NORMAL
jubilife_school,29,NORMAL
jubilife_school,30,NORMAL
jubilife_school,31,NORMAL
jubilife_school,32,NORMAL
jubilife_school,33,NORMAL
jubilife_school,34,NORMAL
jubilife_school,35,NORMAL
jubilife_school,36,NORMAL
jubilife_school,37,NORMAL
jubilife_school,38,NORMAL
jubilife_school,39,NORMAL
jubilife_school,40,NORMAL
jubilife_school,41,NORMAL
jubilife_school,42,NORMAL
jubilife_school,43,NORMAL
jubilife_school,44,NORMAL
jubilife_school,45,NORMAL
jubilife_school,46,NORMAL
jubilife_school,47,NORMAL
jubilife_school,48,NORMAL
jubilife_school,49,NORMAL
jubilife_school,50,NORMAL
jubilife_school,51,NORMAL
jubilife_school,52,NORMAL
jubilife_school,53,NORMAL
jubilife_school,54,NORMAL
jubilife_school,55,NORMAL
jubilife_school,56,NORMAL
jubilife_school,57,NORMAL
jubilife_school,58,NORMAL
jubilife_school,59,NORMAL
jubilife_school,60,NORMAL
jubilife_school,61,NORMAL
jubilife_school,62,NORMAL
jubilife_school,63,NORMAL
jubilife_school,64,NORMAL
jubilife_school,65,NORMAL
jubilife_school,66,NORMAL
jubilife_school,67,NORMAL
jubilife_school,68,NORMAL
jubilife_school,69,NORMAL
jubilife_school,70,NORMAL
jubilife_school,71,NORMAL
jubilife_school,72,NORMAL
jubilife_school,73,NORMAL
jubilife_school,74,NORMAL
jubilife_school,75,NORMAL
jubilife_school,76,NORMAL
jubilife_school,77,NORMAL
jubilife_school,78,NORMAL
jubilife_school,79,NORMAL
jubilife_school,80,NORMAL
jubilife_school,81,NORMAL
jubilife_school,82,NORMAL
jubilife_school,83,NORMAL
jubilife_school,84,NORMAL
jubilife_school,85,NORMAL
jubilife_school,86,NORMAL
jubilife_school,87,NORMAL
jubilife_school,88,NORMAL
jubilife_school,89,NORMAL
jubilife_school,90,NORMAL
jubilife_school,91,NORMAL
jubilife_school,92,NORMAL
jubilife_school,93,NORMAL
jubilife_school,94,NORMAL
jubilife_school,95,NORMAL
jubilife_school,96,NORMAL
jubilife_school,97,NORMAL
jubilife_school,98,NORMAL
jubilife_school,99,NORMAL
jubilife_school,100,NORMAL
jubilife_school,101,NORMAL
jubilife_school,102,NORMAL
jubilife_school,103,NORMAL
jubilife_school,104,NORMAL
jubilife_school,105,NORMAL
jubilife_school,106,NORMAL
jubilife_school,107,NORMAL
jubilife_school,108,NORMAL
jubilife_school,109,NORMAL
jubilife_school,110,NORMAL
jubilife_school,111,NORMAL
jubilife_school,112,NORMAL
jubilife_school,113,NORMAL
jubilife_school,114,NORMAL
jubilife_school,115,NORMAL
jubilife_school,116,NORMAL
jubilife_school,117,NORMAL
jubilife_school,118,NORMAL
jubilife_school,119,NORMAL
jubilife_school,120,NORMAL
jubilife_school,121,NORMAL
jubilife_school,122,NORMAL
jubilife_school,123,NORMAL
jubilife_school,124,NORMAL
jubilife_school,125,NORMAL
jubilife_school,126,NORMAL
jubilife_school,127,NORMAL
lab,0,NORMAL
lab,1,NORMAL
lab,2,NORMAL
lab,3,NORMAL
lab,4,NORMAL
lab,5,NORMAL
lab,6,NORMAL
lab,7,NORMAL
lab,8,NORMAL
lab,9,NORMAL
lab,10,NORMAL
lab,11,NORMAL
lab,12,NORMAL
lab,13,NORMAL
lab,14,NORMAL
lab,15,NORMAL
lab,16,NORMAL
lab,17,NORMAL
lab,18,NORMAL
lab,19,NORMAL
lab,20,NORMAL
lab,21,NORMAL
lab,22,NORMAL
lab,23,NORMAL
lab,24,NORMAL
lab,25,NORMAL
lab,26,NORMAL
lab,27,NORMAL
lab,28,NORMAL
lab,29,NORMAL
lab,30,NORMAL
lab,31,NORMAL
lab,32,NORMAL
lab,33,NORMAL
lab,34,NORMAL
lab,35,NORMAL
lab,36,NORMAL
lab,37,NORMAL
lab,38,NORMAL
lab,39,NORMAL
lab,40,NORMAL
lab,41,NORMAL
lab,42,NORMAL
lab,43,NORMAL
lab,44,NORMAL
lab,45,NORMAL
lab,46,NORMAL
lab,47,NORMAL
lab,48,NORMAL
lab,49,NORMAL
lab,50,NORMAL
lab,51,NORMAL
lab,52,NORMAL
lab,53,NORMAL
lab,54,NORMAL
lab,55,NORMAL
lab,56,NORMAL
lab,57,NORMAL
lab,58,NORMAL
lab,59,NORMAL
lab,60,NORMAL
lab,61,NORMAL
lab,62,NORMAL
lab,63,NORMAL
lab,64,NORMAL
lab,65,NORMAL
lab,66,NORMAL
lab,67,NORMAL
lab,68,NORMAL
lab,69,NORMAL
lab,70,NORMAL
lab,71,NORMAL
lab,72,NORMAL
lab,73,NORMAL
lab,74,NORMAL
lab,75,NORMAL
lab,76,NORMAL
lab,77,NORMAL
lab,78,NORMAL
lab,79,NORMAL
lab,80,NORMAL
lab,81,NORMAL
lab,82,NORMAL
lab,83,NORMAL
lab,84,NORMAL
lab,85,NORMAL
lab,86,NORMAL
lab,87,NORMAL
lab,88,NORMAL
lab,89,NORMAL
lab,90,NORMAL
lab,91,NORMAL
lab,92,NORMAL
lab,93,NORMAL
lab,94,NORMAL
lab,95,NORMAL
lab,96,NORMAL
lab,97,NORMAL
lab,98,NORMAL
lab,99,NORMAL
lab,100,NORMAL
lab,101,NORMAL
lab,102,NORMAL
lab,103,NORMAL
lab,104,NORMAL
lab,105,NORMAL
lab,106,NORMAL
lab,107,NORMAL
lab,108,NORMAL
lab,109,NORMAL
lab,110,NORMAL
lab,111,NORMAL
lab,112,NORMAL
lab,113,NORMAL
lab,114,NORMAL
lab,115,NORMAL
lab,116,NORMAL
lab,117,NORMAL
lab,118,NORMAL
lab,119,NORMAL
lab,120,NORMAL
lab,121,NORMAL
lab,122,NORMAL
lab,123,NORMAL
lab,124,NORMAL
lab,125,NORMAL
lab,126,NORMAL
lab,127,NORMAL
lab,128,NORMAL
lab,129,NORMAL
lab,130,NORMAL
lab,131,NORMAL
lab,132,NORMAL
lab,133,NORMAL
lab,134,NORMAL
lab,135,NORMAL
lab,136,NORMAL
lab,137,NORMAL
lab,138,NORMAL
lab,139,NORMAL
lab,140,NORMAL
lab,141,NORMAL
lab,142,NORMAL
lab,143,NORMAL
lab,144,NORMAL
lab,145,NORMAL
lab,146,NORMAL
lab,147,NORMAL
lab,148,NORMAL
lab,149,NORMAL
lab,150,NORMAL
lab,151,NORMAL
lab,152,NORMAL
lab,153,NORMAL
lab,154,NORMAL
lab,155,NORMAL
lab,156,NORMAL
lab,157,NORMAL
floaroma,0,NORMAL
floaroma,1,NORMAL
floaroma,2,NORMAL
floaroma,3,NORMAL
floaroma,4,NORMAL
floaroma,5,NORMAL
floaroma,6,NORMAL
floaroma,7,NORMAL
floaroma,8,NORMAL
floaroma,9,NORMAL
floaroma,10,NORMAL
floaroma,11,NORMAL
floaroma,12,NORMAL
floaroma,13,NORMAL
floaroma,14,NORMAL
floaroma,15,NORMAL
floaroma,16,NORMAL
floaroma,17,NORMAL
floaroma,18,NORMAL
floaroma,19,NORMAL
floaroma,20,NORMAL
floaroma,21,NORMAL
floaroma,22,NORMAL
floaroma,23,NORMAL
floaroma,24,NORMAL
floaroma,25,NORMAL
floaroma,26,NORMAL
floaroma,27,NORMAL
floaroma,28,NORMAL
floaroma,29,NORMAL
floaroma,30,NORMAL
floaroma,31,NORMAL
floaroma,32,NORMAL
floaroma,33,NORMAL
floaroma,34,NORMAL
floaroma,35,NORMAL
floaroma,36,NORMAL
floaroma,37,NORMAL
floaroma,38,NORMAL
floaroma,39,NORMAL
floaroma,40,NORMAL
floaroma,41,NORMAL
floaroma,42,NORMAL
floaroma,43,NORMAL
floaroma,44,NORMAL
floaroma,45,NORMAL
floaroma,46,NORMAL
floaroma,47,NORMAL
floaroma,48,NORMAL
floaroma,49,NORMAL
floaroma,50,NORMAL
floaroma,51,NORMAL
floaroma,52,NORMAL
floaroma,53,NORMAL
floaroma,54,NORMAL
floaroma,55,NORMAL
floaroma,56,NORMAL
floaroma,57,NORMAL
floaroma,58,NORMAL
floaroma,59,NORMAL
floaroma,60,NORMAL
floaroma,61,NORMAL
floaroma,62,NORMAL
floaroma,63,NORMAL
floaroma,64,NORMAL
floaroma,65,NORMAL
floaroma,66,NORMAL
floaroma,67,NORMAL
floaroma,68,NORMAL
floaroma,69,NORMAL
floaroma,70,NORMAL
floaroma,71,NORMAL
floaroma,72,NORMAL
floaroma,73,NORMAL
floaroma,74,NORMAL
floaroma,75,NORMAL
floaroma,76,NORMAL
floaroma,77,NORMAL
floaroma,78,NORMAL
floaroma,79,NORMAL
floaroma,80,NORMAL
floaroma,81,NORMAL
floaroma,82,NORMAL
floaroma,83,NORMAL
floaroma,84,NORMAL
floaroma,85,NORMAL
floaroma,86,NORMAL
floaroma,87,NORMAL
floaroma,88,NORMAL
floaroma,89,NORMAL
floaroma,90,NORMAL
floaroma,91,NORMAL
floaroma,92,NORMAL
floaroma,93,NORMAL
floaroma,94,NORMAL
floaroma,95,NORMAL
floaroma,96,NORMAL
floaroma,97,NORMAL
floaroma,98,NORMAL
floaroma,99,NORMAL
floaroma,100,NORMAL
floaroma,101,NORMAL
floaroma,102,NORMAL
floaroma,103,NORMAL
floaroma,104,NORMAL
floaroma,105,NORMAL
floaroma,106,NORMAL
floaroma,107,NORMAL
floaroma,108,NORMAL
floaroma,109,NORMAL
floaroma,110,NORMAL
floaroma,111,NORMAL
floaroma,112,NORMAL
floaroma,113,NORMAL
floaroma,114,NORMAL
floaroma,115,NORMAL
floaroma,116,NORMAL
floaroma,117,NORMAL
floaroma,118,NORMAL
floaroma,119,NORMAL
floaroma,120,NORMAL
floaroma,121,NORMAL
floaroma,122,NORMAL
floaroma,123,NORMAL
floaroma,124,NORMAL
floaroma,125,NORMAL
floaroma,126,NORMAL
floaroma,127,NORMAL
floaroma,128,NORMAL
floaroma,129,NORMAL
floaroma,130,NORMAL
floaroma,131,NORMAL
floaroma,132,NORMAL
floaroma,133,NORMAL
floaroma,134,NORMAL
floaroma,135,NORMAL
floaroma,136,NORMAL
floaroma,137,NORMAL
floaroma,138,NORMAL
floaroma,139,NORMAL
floaroma,140,NORMAL
floaroma,141,NORMAL
floaroma,142,NORMAL
floaroma,143,NORMAL
floaroma,144,NORMAL
floaroma,145,NORMAL
floaroma,146,NORMAL
floaroma,147,NORMAL
floaroma,148,NORMAL
floaroma,149,NORMAL
floaroma,150,NORMAL
floaroma,151,NORMAL
floaroma,152,NORMAL
floaroma,153,NORMAL
floaroma,154,NORMAL
floaroma,155,NORMAL
floaroma,156,NORMAL
floaroma,157,NORMAL
floaroma,158,NORMAL
floaroma,159,NORMAL
floaroma,160,NORMAL
floaroma,161,NORMAL
floaroma,162,NORMAL
floaroma,163,NORMAL
floaroma,164,NORMAL
floaroma,165,NORMAL
floaroma,166,NORMAL
floaroma,167,NORMAL
floaroma,168,NORMAL
floaroma,169,NORMAL
floaroma,170,NORMAL
floaroma,171,NORMAL
floaroma,172,NORMAL
floaroma,173,NORMAL
floaroma,174,NORMAL
floaroma,175,NORMAL
floaroma,176,NORMAL
floaroma,177,NORMAL
floaroma,178,NORMAL
floaroma,179,NORMAL
floaroma,180,NORMAL
floaroma,181,NORMAL
floaroma,182,NORMAL
floaroma,183,NORMAL
floaroma,184,NORMAL
floaroma,185,NORMAL
floaroma,186,NORMAL
floaroma,187,NORMAL
floaroma,188,NORMAL
floaroma,189,NORMAL
floaroma,190,NORMAL
floaroma,191,NORMAL
floaroma,192,NORMAL
floaroma,193,NORMAL
floaroma,194,NORMAL
floaroma,195,NORMAL
floaroma,196,NORMAL
floaroma,197,NORMAL
floaroma,198,NORMAL
floaroma,199,NORMAL
floaroma,200,NORMAL
floaroma,201,NORMAL
floaroma,202,NORMAL
floaroma,203,NORMAL
floaroma,204,NORMAL
floaroma,205,NORMAL
floaroma,206,NORMAL
floaroma,207,NORMAL
floaroma,208,NORMAL
floaroma,209,NORMAL
floaroma,210,NORMAL
floaroma,211,NORMAL
floaroma,212,NORMAL
floaroma,213,NORMAL
floaroma,214,NORMAL
floaroma,215,NORMAL
floaroma,216,NORMAL
floaroma,217,NORMAL
floaroma,218,NORMAL
floaroma,219,NORMAL
floaroma,220,NORMAL
floaroma,221,NORMAL
floaroma,222,NORMAL
floaroma,223,NORMAL
floaroma,224,NORMAL
floaroma,225,NORMAL
floaroma,226,NORMAL
floaroma,227,NORMAL
floaroma,228,NORMAL
floaroma,229,NORMAL
floaroma,230,NORMAL
floaroma,231,NORMAL
floaroma,232,NORMAL
floaroma,233,NORMAL
floaroma,234,NORMAL
floaroma,235,NORMAL
floaroma,236,NORMAL
floaroma,237,NORMAL
floaroma,238,NORMAL
floaroma,239,NORMAL
floaroma,240,NORMAL
floaroma,241,NORMAL
floaroma,242,NORMAL
floaroma,243,NORMAL
floaroma,244,NORMAL
floaroma,245,NORMAL
floaroma,246,NORMAL
floaroma,247,NORMAL
floaroma,248,NORMAL
floaroma,249,NORMAL
floaroma,250,NORMAL
floaroma,251,NORMAL
floaroma,252,NORMAL
floaroma,253,NORMAL
floaroma,254,NORMAL
floaroma,255,NORMAL
battle_pyramid,0,NORMAL
battle_pyramid,1,NORMAL
battle_pyramid,2,NORMAL
battle_pyramid,3,NORMAL
battle_pyramid,4,NORMAL
battle_pyramid,5,NORMAL
battle_pyramid,6,NORMAL
battle_pyramid,7,NORMAL
battle_pyramid,8,NORMAL
battle_pyramid,9,NORMAL
battle_pyramid,10,NORMAL
battle_pyramid,11,NORMAL
battle_pyramid,12,NORMAL
battle_pyramid,13,NORMAL
battle_pyramid,14,NORMAL
battle_pyramid,15,NORMAL
battle_pyramid,16,NORMAL
battle_pyramid,17,NORMAL
battle_pyramid,18,NORMAL
battle_pyramid,19,NORMAL
battle_pyramid,20,NORMAL
battle_pyramid,21,NORMAL
battle_pyramid,22,NORMAL
battle_pyramid,23,NORMAL
battle_pyramid,24,NORMAL
battle_pyramid,25,NORMAL
battle_pyramid,26,NORMAL
battle_pyramid,27,NORMAL
battle_pyramid,28,NORMAL
battle_pyramid,29,NORMAL
battle_pyramid,30,NORMAL
battle_pyramid,31,NORMAL
battle_pyramid,32,NORMAL
battle_pyramid,33,NORMAL
battle_pyramid,34,NORMAL
battle_pyramid,35,NORMAL
battle_pyramid,36,NORMAL
battle_pyramid,37,NORMAL
battle_pyramid,38,NORMAL
battle_pyramid,39,NORMAL
battle_pyramid,40,NORMAL
battle_pyramid,41,NORMAL
battle_pyramid,42,NORMAL
battle_pyramid,43,NORMAL
battle_pyramid,44,NORMAL
battle_pyramid,45,NORMAL
battle_pyramid,46,NORMAL
battle_pyramid,47,NORMAL
battle_pyramid,48,NORMAL
battle_pyramid,49,NORMAL
battle_pyramid,50,NORMAL
battle_pyramid,51,NORMAL
battle_pyramid,52,NORMAL
battle_pyramid,53,NORMAL
battle_pyramid,54,NORMAL
battle_pyramid,55,NORMAL
battle_pyramid,56,NORMAL
battle_pyramid,57,NORMAL
battle_pyramid,58,NORMAL
battle_pyramid,59,NORMAL
battle_pyramid,60,NORMAL
battle_pyramid,61,NORMAL
battle_pyramid,62,NORMAL
battle_pyramid,63,NORMAL
battle_pyramid,64,NORMAL
battle_pyramid,65,NORMAL
battle_pyramid,66,NORMAL
battle_pyramid,67,NORMAL
battle_pyramid,68,NORMAL
battle_pyramid,69,NORMAL
battle_pyramid,70,NORMAL
battle_pyramid,71,NORMAL
battle_pyramid,72,NORMAL
battle_pyramid,73,NORMAL
battle_pyramid,74,NORMAL
battle_pyramid,75,NORMAL
battle_pyramid,76,NORMAL
battle_pyramid,77,NORMAL
battle_pyramid,78,NORMAL
battle_pyramid,79,NORMAL
battle_pyramid,80,NORMAL
battle_pyramid,81,NORMAL
battle_pyramid,82,NORMAL
battle_pyramid,83,NORMAL
battle_pyramid,84,NORMAL
battle_pyramid,85,NORMAL
battle_pyramid,86,NORMAL
battle_pyramid,87,NORMAL
battle_pyramid,88,NORMAL
battle_pyramid,89,NORMAL
battle_pyramid,90,NORMAL
battle_pyramid,91,NORMAL
battle_pyramid,92,NORMAL
battle_pyramid,93,NORMAL
battle_pyramid,94,NORMAL
battle_pyramid,95,NORMAL
battle_pyramid,96,NORMAL
battle_pyramid,97,NORMAL
battle_pyramid,98,NORMAL
battle_pyramid,99,NORMAL
battle_pyramid,100,NORMAL
battle_pyramid,101,NORMAL
battle_pyramid,102,NORMAL
battle_pyramid,103,NORMAL
battle_pyramid,104,NORMAL
battle_pyramid,105,NORMAL
battle_pyramid,106,NORMAL
battle_pyramid,107,NORMAL
battle_pyramid,108,NORMAL
battle_pyramid,109,NORMAL
battle_pyramid,110,NORMAL
battle_pyramid,111,NORMAL
battle_pyramid,112,NORMAL
battle_pyramid,113,NORMAL
battle_pyramid,114,NORMAL
battle_pyramid,115,NORMAL
battle_pyramid,116,NORMAL
battle_pyramid,117,NORMAL
battle_pyramid,118,NORMAL
battle_pyramid,119,NORMAL
battle_pyramid,120,NORMAL
battle_pyramid,121,NORMAL
battle_pyramid,122,NORMAL
battle_pyramid,123,NORMAL
battle_pyramid,124,NORMAL
battle_pyramid,125,NORMAL
battle_pyramid,126,NORMAL
battle_pyramid,127,NORMAL
battle_pyramid,128,NORMAL
battle_pyramid,129,NORMAL
battle_pyramid,130,NORMAL
battle_pyramid,131,NORMAL
battle_pyramid,132,NORMAL
battle_pyramid,133,NORMAL
battle_pyramid,134,NORMAL
battle_pyramid,135,NORMAL
battle_pyramid,136,NORMAL
battle_pyramid,137,NORMAL
battle_pyramid,138,NORMAL
battle_pyramid,139,NORMAL
battle_pyramid,140,NORMAL
battle_pyramid,141,NORMAL
battle_pyramid,142,NORMAL
battle_pyramid,143,NORMAL
battle_pyramid,144,NORMAL
battle_pyramid,145,NORMAL
battle_pyramid,146,NORMAL
battle_pyramid,147,NORMAL
battle_pyramid,148,NORMAL
battle_pyramid,149,NORMAL
battle_pyramid,150,NORMAL
battle_pyramid,151,NORMAL
battle_pyramid,152,NORMAL
battle_pyramid,153,NORMAL
battle_pyramid,154,NORMAL
battle_pyramid,155,NORMAL
battle_pyramid,156,NORMAL
battle_pyramid,157,NORMAL
battle_pyramid,158,NORMAL
battle_pyramid,159,NORMAL
battle_pyramid,160,NORMAL
battle_pyramid,161,NORMAL
battle_pyramid,162,NORMAL
battle_pyramid,163,NORMAL
battle_pyramid,164,NORMAL
battle_pyramid,165,NORMAL
battle_pyramid,166,NORMAL
battle_pyramid,167,NORMAL
battle_pyramid,168,NORMAL
battle_pyramid,169,NORMAL
battle_pyramid,170,NORMAL
battle_pyramid,171,NORMAL
battle_pyramid,172,NORMAL
battle_pyramid,173,NORMAL
battle_pyramid,174,NORMAL
battle_pyramid,175,NORMAL
battle_pyramid,176,NORMAL
battle_pyramid,177,NORMAL
battle_pyramid,178,NORMAL
battle_pyramid,179,NORMAL
battle_pyramid,180,NORMAL
battle_pyramid,181,NORMAL
battle_pyramid,182,NORMAL
battle_pyramid,183,NORMAL
battle_pyramid,184,NORMAL
battle_pyramid,185,NORMAL
battle_pyramid,186,NORMAL
battle_pyramid,187,NORMAL
battle_pyramid,188,NORMAL
battle_pyramid,189,NORMAL
battle_pyramid,190,NORMAL
battle_pyramid,191,NORMAL
battle_pyramid,192,NORMAL
battle_pyramid,193,NORMAL
battle_pyramid,194,NORMAL
battle_pyramid,195,NORMAL
battle_pyramid,196,NORMAL
battle_pyramid,197,NORMAL
battle_pyramid,198,NORMAL
battle_pyramid,199,NORMAL
battle_pyramid,200,NORMAL
battle_pyramid,201,NORMAL
battle_pyramid,202,NORMAL
battle_pyramid,203,NORMAL
battle_pyramid,204,NORMAL
battle_pyramid,205,NORMAL
battle_pyramid,206,NORMAL
battle_pyramid,207,NORMAL
battle_pyramid,208,NORMAL
battle_pyramid,209,NORMAL
battle_pyramid,210,NORMAL
battle_pyramid,211,NORMAL
battle_pyramid,212,NORMAL
battle_pyramid,213,NORMAL
battle_pyramid,214,NORMAL
battle_pyramid,215,NORMAL
battle_pyramid,216,NORMAL
battle_pyramid,217,NORMAL
battle_pyramid,218,NORMAL
battle_pyramid,219,NORMAL
battle_pyramid,220,NORMAL
lavaridge,0,NORMAL
lavaridge,1,NORMAL
lavaridge,2,NORMAL
lavaridge,3,NORMAL
lavaridge,4,NORMAL
lavaridge,5,NORMAL
lavaridge,6,NORMAL
lavaridge,7,NORMAL
lavaridge,8,NORMAL
lavaridge,9,NORMAL
lavaridge,10,NORMAL
lavaridge,11,NORMAL
lavaridge,12,NORMAL
lavaridge,13,NORMAL
lavaridge,14,NORMAL
lavaridge,15,NORMAL
lavaridge,16,NORMAL
lavaridge,17,NORMAL
lavaridge,18,NORMAL
lavaridge,19,NORMAL
lavaridge,20,NORMAL
lavaridge,21,NORMAL
lavaridge,22,NORMAL
lavaridge,23,NORMAL
lavaridge,24,NORMAL
lavaridge,25,NORMAL
lavaridge,26,NORMAL
lavaridge,27,NORMAL
lavaridge,28,NORMAL
lavaridge,29,NORMAL
lavaridge,30,NORMAL
lavaridge,31,NORMAL
lavaridge,32,NORMAL
lavaridge,33,NORMAL
lavaridge,34,NORMAL
lavaridge,35,NORMAL
lavaridge,36,NORMAL
lavaridge,37,NORMAL
lavaridge,38,NORMAL
lavaridge,39,NORMAL
lavaridge,40,NORMAL
lavaridge,41,NORMAL
lavaridge,42,NORMAL
lavaridge,43,NORMAL
lavaridge,44,NORMAL
lavaridge,45,NORMAL
lavaridge,46,NORMAL
lavaridge,47,NORMAL
lavaridge,48,NORMAL
lavaridge,49,NORMAL
lavaridge,50,NORMAL
lavaridge,51,NORMAL
lavaridge,52,NORMAL
lavaridge,53,NORMAL
lavaridge,54,NORMAL
lavaridge,55,NORMAL
lavaridge,56,NORMAL
lavaridge,57,NORMAL
lavaridge,58,NORMAL
lavaridge,59,NORMAL
lavaridge,60,NORMAL
lavaridge,61,NORMAL
lavaridge,62,NORMAL
lavaridge,63,NORMAL
lavaridge,64,NORMAL
lavaridge,65,NORMAL
lavaridge,66,NORMAL
lavaridge,67,NORMAL
lavaridge,68,NORMAL
lavaridge,69,NORMAL
lavaridge,70,NORMAL
lavaridge,71,NORMAL
lavaridge,72,NORMAL
lavaridge,73,NORMAL
lavaridge,74,NORMAL
lavaridge,75,NORMAL
lavaridge,76,NORMAL
lavaridge,77,NORMAL
lavaridge,78,NORMAL
lavaridge,79,NORMAL
lavaridge,80,NORMAL
lavaridge,81,NORMAL
lavaridge,82,NORMAL
lavaridge,83,NORMAL
lavaridge,84,NORMAL
lavaridge,85,NORMAL
lavaridge,86,NORMAL
lavaridge,87,NORMAL
lavaridge,88,NORMAL
lavaridge,89,NORMAL
lavaridge,90,NORMAL
lavaridge,91,NORMAL
lavaridge,92,NORMAL
lavaridge,93,NORMAL
lavaridge,94,NORMAL
lavaridge,95,NORMAL
lavaridge,96,NORMAL
lavaridge,97,NORMAL
lavaridge,98,NORMAL
lavaridge,99,NORMAL
lavaridge,100,NORMAL
lavaridge,101,NORMAL
lavaridge,102,NORMAL
lavaridge,103,NORMAL
lavaridge,104,NORMAL
lavaridge,105,NORMAL
lavaridge,106,NORMAL
lavaridge,107,NORMAL
lavaridge,108,NORMAL
lavaridge,109,NORMAL
lavaridge,110,NORMAL
lavaridge,111,NORMAL
lavaridge,112,NORMAL
lavaridge,113,NORMAL
lavaridge,114,NORMAL
lavaridge,115,NORMAL
lavaridge,116,NORMAL
lavaridge,117,NORMAL
lavaridge,118,NORMAL
lavaridge,119,NORMAL
lavaridge,120,NORMAL
lavaridge,121,NORMAL
lavaridge,122,NORMAL
lavaridge,123,NORMAL
lavaridge,124,NORMAL
lavaridge,125,NORMAL
lavaridge,126,NORMAL
lavaridge,127,NORMAL
lavaridge,128,NORMAL
lavaridge,129,NORMAL
lavaridge,130,NORMAL
lavaridge,131,NORMAL
lavaridge,132,NORMAL
lavaridge,133,NORMAL
lavaridge,134,NORMAL
lavaridge,135,NORMAL
lavaridge,136,NORMAL
lavaridge,137,NORMAL
lavaridge,138,NORMAL
lavaridge,139,NORMAL
lavaridge,140,NORMAL
lavaridge,141,NORMAL
lavaridge,142,NORMAL
lavaridge,143,NORMAL
lavaridge,144,NORMAL
lavaridge,145,NORMAL
lavaridge,146,NORMAL
lavaridge,147,NORMAL
lavaridge,148,NORMAL
lavaridge,149,NORMAL
lavaridge,150,NORMAL
lavaridge,151,NORMAL
lavaridge,152,NORMAL
lavaridge,153,NORMAL
lavaridge,154,NORMAL
lavaridge,155,NORMAL
lavaridge,156,NORMAL
lavaridge,157,NORMAL
lavaridge,158,NORMAL
lavaridge,159,NORMAL
lavaridge,160,NORMAL
lavaridge,161,NORMAL
lavaridge,162,NORMAL
lavaridge,163,NORMAL
lavaridge,164,NORMAL
lavaridge,165,NORMAL
lavaridge,166,NORMAL
lavaridge,167,NORMAL
lavaridge,168,NORMAL
lavaridge,169,NORMAL
lavaridge,170,NORMAL
lavaridge,171,NORMAL
lavaridge,172,NORMAL
lavaridge,173,NORMAL
lavaridge,174,NORMAL
lavaridge,175,NORMAL
lavaridge,176,NORMAL
lavaridge,177,NORMAL
lavaridge,178,NORMAL
lavaridge,179,NORMAL
lavaridge,180,NORMAL
lavaridge,181,NORMAL
lavaridge,182,NORMAL
lavaridge,183,NORMAL
lavaridge,184,NORMAL
lavaridge,185,NORMAL
lavaridge,186,NORMAL
lavaridge,187,NORMAL
lavaridge,188,NORMAL
lavaridge,189,NORMAL
lavaridge,190,NORMAL
lavaridge,191,NORMAL
lavaridge,192,NORMAL
lavaridge,193,NORMAL
lavaridge,194,NORMAL
lavaridge,195,NORMAL
lavaridge,196,NORMAL
lavaridge,197,NORMAL
lavaridge,198,NORMAL
lavaridge,199,NORMAL
lavaridge,200,NORMAL
lavaridge,201,NORMAL
lavaridge,202,NORMAL
lavaridge,203,NORMAL
lavaridge,204,NORMAL
lavaridge,205,NORMAL
lavaridge,206,NORMAL
lavaridge,207,NORMAL
lavaridge,208,NORMAL
lavaridge,209,NORMAL
lavaridge,210,NORMAL
lavaridge,211,NORMAL
lavaridge,212,NORMAL
lavaridge,213,NORMAL
lavaridge,214,NORMAL
lavaridge,215,NORMAL
lavaridge,216,NORMAL
lavaridge,217,NORMAL
lavaridge,218,NORMAL
lavaridge,219,NORMAL
lavaridge,220,NORMAL
lavaridge,221,NORMAL
lavaridge,222,NORMAL
lavaridge,223,NORMAL
lavaridge,224,NORMAL
lavaridge,225,NORMAL
lavaridge,226,NORMAL
lavaridge,227,NORMAL
lavaridge,228,NORMAL
lavaridge,229,NORMAL
lavaridge,230,NORMAL
lavaridge,231,NORMAL
lavaridge,232,NORMAL
lavaridge,233,NORMAL
lavaridge,234,NORMAL
lavaridge,235,NORMAL
lavaridge,236,NORMAL
lavaridge,237,NORMAL
lavaridge,238,NORMAL
lavaridge,239,NORMAL
lavaridge,240,NORMAL
lavaridge,241,NORMAL
lavaridge,242,NORMAL
lavaridge,243,NORMAL
lavaridge,244,NORMAL
lavaridge,245,NORMAL
lavaridge,246,NORMAL
lavaridge,247,NORMAL
lavaridge,248,NORMAL
lavaridge,249,NORMAL
lavaridge,250,NORMAL
lavaridge,251,NORMAL
lavaridge,252,NORMAL
lavaridge,253,NORMAL
lavaridge,254,NORMAL
lavaridge,255,NORMAL
lavaridge,256,NORMAL
lavaridge,257,NORMAL
lavaridge,258,NORMAL
lavaridge,259,NORMAL
lavaridge,260,NORMAL
lavaridge,261,NORMAL
lavaridge,262,NORMAL
lavaridge,263,NORMAL
lavaridge,264,NORMAL
lavaridge,265,NORMAL
lavaridge,266,NORMAL
lavaridge,267,NORMAL
lavaridge,268,NORMAL
lavaridge,269,NORMAL
lavaridge,270,NORMAL
lavaridge,271,NORMAL
lavaridge,272,NORMAL
lavaridge,273,NORMAL
lavaridge,274,NORMAL
lavaridge,275,NORMAL
lavaridge,276,NORMAL
lavaridge,277,NORMAL
lavaridge,278,NORMAL
lavaridge,279,NORMAL
lavaridge,280,NORMAL
lavaridge,281,NORMAL
lavaridge,282,NORMAL
lavaridge,283,NORMAL
lavaridge,284,NORMAL
lavaridge,285,NORMAL
lavaridge,286,NORMAL
lavaridge,287,NORMAL
lavaridge,288,NORMAL
lavaridge,289,NORMAL
lavaridge,290,NORMAL
lavaridge,291,NORMAL
lavaridge,292,NORMAL
lavaridge,293,NORMAL
lavaridge,294,NORMAL
lavaridge,295,NORMAL
lavaridge,296,NORMAL
lavaridge,297,NORMAL
lavaridge,298,NORMAL
lavaridge,299,NORMAL
lavaridge,300,NORMAL
lavaridge,301,NORMAL
lavaridge,302,NORMAL
lavaridge,303,NORMAL
lavaridge,304,NORMAL
lavaridge,305,NORMAL
lavaridge,306,NORMAL
lavaridge,307,NORMAL
lavaridge,308,NORMAL
lavaridge,309,NORMAL
lavaridge,310,NORMAL
lavaridge,311,NORMAL
lavaridge,312,NORMAL
lavaridge,313,NORMAL
lavaridge,314,NORMAL
lavaridge,315,NORMAL
lavaridge,316,NORMAL
lavaridge,317,NORMAL
lavaridge,318,NORMAL
lavaridge,319,NORMAL
lavaridge,320,NORMAL
lavaridge,321,NORMAL
lavaridge,322,NORMAL
lavaridge,323,NORMAL
lavaridge,324,NORMAL
lavaridge,325,NORMAL
lavaridge,326,NORMAL
lavaridge,327,NORMAL
lavaridge,328,NORMAL
lavaridge,329,NORMAL
lavaridge,330,NORMAL
lavaridge,331,NORMAL
lavaridge,332,NORMAL
lavaridge,333,NORMAL
lavaridge,334,NORMAL
lavaridge,335,NORMAL
lavaridge,336,NORMAL
lavaridge,337,NORMAL
lavaridge,338,NORMAL
lavaridge,339,NORMAL
lavaridge,340,NORMAL
lavaridge,341,NORMAL
lavaridge,342,NORMAL
lavaridge,343,NORMAL
lavaridge,344,NORMAL
lavaridge,345,NORMAL
lavaridge,346,NORMAL
lavaridge,347,NORMAL
lavaridge,348,NORMAL
lavaridge,349,NORMAL
lavaridge,350,NORMAL
lavaridge,351,NORMAL
lavaridge,352,NORMAL
lavaridge,353,NORMAL
lavaridge,354,NORMAL
lavaridge,355,NORMAL
lavaridge,356,NORMAL
lavaridge,357,NORMAL
lavaridge,358,NORMAL
lavaridge,359,NORMAL
lavaridge,360,NORMAL
lavaridge,361,NORMAL
lavaridge,362,NORMAL
lavaridge,363,NORMAL
lavaridge,364,NORMAL
lavaridge,365,NORMAL
lavaridge,366,NORMAL
lavaridge,367,NORMAL
lavaridge,368,NORMAL
lavaridge,369,NORMAL
lavaridge,370,NORMAL
lavaridge,371,NORMAL
lavaridge,372,NORMAL
lavaridge,373,NORMAL
lavaridge,374,NORMAL
lavaridge,375,NORMAL
lavaridge,376,NORMAL
lavaridge,377,NORMAL
lavaridge,378,NORMAL
lavaridge,379,NORMAL
lavaridge,380,NORMAL
lavaridge,381,NORMAL
lavaridge,382,NORMAL
lavaridge,383,NORMAL
lavaridge,384,NORMAL
lavaridge,385,NORMAL
lavaridge,386,NORMAL
lavaridge,387,NORMAL
lavaridge,388,NORMAL
lavaridge,389,NORMAL
lavaridge,390,NORMAL
lavaridge,391,NORMAL
lavaridge,392,NORMAL
lavaridge,393,NORMAL
lavaridge,394,NORMAL
lavaridge,395,NORMAL
lavaridge,396,NORMAL
lavaridge,397,NORMAL
lavaridge,398,NORMAL
lavaridge,399,NORMAL
lavaridge,400,NORMAL
lavaridge,401,NORMAL
lavaridge,402,NORMAL
lavaridge,403,NORMAL
lavaridge,404,NORMAL
lavaridge,405,NORMAL
lavaridge,406,NORMAL
lavaridge,407,NORMAL
lavaridge,408,NORMAL
lavaridge,409,NORMAL
lavaridge,410,NORMAL
lavaridge,411,NORMAL
lavaridge,412,NORMAL
lavaridge,413,NORMAL
lavaridge,414,NORMAL
lavaridge,415,NORMAL
lavaridge,416,NORMAL
lavaridge,417,NORMAL
lavaridge,418,NORMAL
lavaridge,419,NORMAL
lavaridge,420,NORMAL
lavaridge,421,NORMAL
lavaridge,422,NORMAL
lavaridge,423,NORMAL
lavaridge,424,NORMAL
lavaridge,425,NORMAL
lavaridge,426,NORMAL
lavaridge,427,NORMAL
lavaridge,428,NORMAL
lavaridge,429,NORMAL
lavaridge,430,NORMAL
lavaridge,431,NORMAL
lavaridge,432,NORMAL
lavaridge,433,NORMAL
lavaridge,434,NORMAL
lavaridge,435,NORMAL
lavaridge,436,NORMAL
lavaridge,437,NORMAL
lavaridge,438,NORMAL
lavaridge,439,NORMAL
lavaridge,440,NORMAL
